// Generated from: doc/p8000/eproms/8BIT/MON8_1_3.0 + doc/p8000/eproms/8BIT/MON8_2_3.0
// Size: 8192 bytes
#pragma once
#include <cstdint>
static constexpr uint8_t P8K_MON8_3_0[8192] = {
    0x18, 0x0D, 0x28, 0x43, 0x29, 0x4B, 0x45, 0x41, 0x57, 0x5F, 0x30, 0x31, 0x2F, 0x38, 0x38, 0x06,
    0x00, 0x0E, 0x00, 0x0D, 0x20, 0xFD, 0x05, 0x20, 0xF8, 0x3E, 0xCF, 0xD3, 0x1D, 0x3E, 0x80, 0xD3,
    0x1D, 0x3E, 0x03, 0xD3, 0x1D, 0xDB, 0x1C, 0xCB, 0x7F, 0xCA, 0x5F, 0x0D, 0xAF, 0xED, 0x47, 0x0E,
    0x00, 0x11, 0x10, 0x00, 0xAF, 0x47, 0xED, 0x51, 0xC6, 0x10, 0x1D, 0x20, 0xF8, 0x16, 0x01, 0x06,
    0x00, 0xED, 0x51, 0xDB, 0x04, 0x16, 0x01, 0x06, 0x10, 0xED, 0x51, 0x18, 0x17, 0x26, 0x00, 0x0E,
    0x00, 0xD9, 0x3E, 0x0F, 0xD3, 0x19, 0x3E, 0x03, 0xD3, 0x19, 0x0E, 0x26, 0x06, 0x2B, 0x21, 0x7E,
    0x0C, 0xC3, 0x0B, 0x01, 0x18, 0x03, 0xC3, 0x00, 0x40, 0x3E, 0x0F, 0xD3, 0x19, 0x3E, 0x03, 0xD3,
    0x19, 0x3E, 0xAA, 0xD3, 0x18, 0x0E, 0x00, 0xDB, 0x1C, 0xDB, 0x18, 0xFE, 0xAA, 0x28, 0x03, 0x67,
    0x0E, 0x01, 0x3E, 0x55, 0xD3, 0x18, 0xDB, 0x1C, 0xDB, 0x18, 0xFE, 0x55, 0x28, 0x03, 0x6F, 0xCB,
    0xC9, 0x3E, 0xFF, 0xD3, 0x18, 0x3E, 0x07, 0xD3, 0x2D, 0x3E, 0xAA, 0xD3, 0x2D, 0x16, 0x05, 0x15,
    0x20, 0xFD, 0xDB, 0x2D, 0xFE, 0xAA, 0x38, 0x03, 0x57, 0xCB, 0xD1, 0x3E, 0x03, 0xD3, 0x2D, 0xDB,
    0x2D, 0xFE, 0xAA, 0x28, 0x03, 0x5F, 0xCB, 0xD9, 0x3E, 0x38, 0xD3, 0x27, 0x3E, 0x10, 0xD3, 0x27,
    0x3E, 0x11, 0xD3, 0x27, 0xAF, 0xD3, 0x27, 0x3E, 0x12, 0xD3, 0x27, 0x3E, 0x50, 0xD3, 0x27, 0x3E,
    0x12, 0xD3, 0x27, 0xDB, 0x27, 0xFE, 0x50, 0x28, 0x04, 0xED, 0x47, 0xCB, 0xE1, 0x3E, 0x12, 0xD3,
    0x27, 0x3E, 0x20, 0xD3, 0x27, 0x3E, 0x12, 0xD3, 0x27, 0xDB, 0x27, 0xFE, 0x20, 0x28, 0x03, 0x47,
    0xCB, 0xE9, 0xD9, 0x3E, 0x57, 0xD3, 0x2D, 0x3E, 0x02, 0xD3, 0x2D, 0x21, 0x02, 0x0C, 0x06, 0x08,
    0x0E, 0x27, 0xED, 0xB3, 0x0E, 0x26, 0x06, 0x44, 0x21, 0x65, 0x0C, 0xED, 0xA3, 0x04, 0xDB, 0x27,
    0xCB, 0x57, 0x28, 0xFA, 0x0E, 0x02, 0x16, 0x00, 0x15, 0x20, 0xFD, 0x0D, 0x20, 0xF8, 0x0E, 0x26,
    0x10, 0xE9, 0xD9, 0x79, 0xA7, 0x20, 0x2D, 0x21, 0x4F, 0x0D, 0x06, 0x10, 0x7E, 0xD3, 0x26, 0xDB,
    0x27, 0xCB, 0x57, 0x28, 0xFA, 0x23, 0x16, 0x00, 0x15, 0x20, 0xFD, 0x10, 0xEF, 0xD9, 0x26, 0x00,
    0xD9, 0x3E, 0x10, 0xD3, 0x18, 0x3E, 0x15, 0xD3, 0x18, 0x3E, 0x16, 0xD3, 0x18, 0x3E, 0x20, 0xD3,
    0x18, 0xC3, 0x3E, 0x03, 0xD9, 0x1E, 0x10, 0xDD, 0x21, 0x5E, 0x01, 0xC3, 0x19, 0x04, 0xD9, 0xCB,
    0x41, 0x28, 0x46, 0xD9, 0x0E, 0x26, 0x06, 0x19, 0x21, 0xB9, 0x0C, 0xED, 0xA3, 0x04, 0xDB, 0x27,
    0xCB, 0x57, 0x28, 0xFA, 0x16, 0xFF, 0x15, 0x20, 0xFD, 0x10, 0xF0, 0xD9, 0x7C, 0xE6, 0xF0, 0x0F,
    0x0F, 0x0F, 0x0F, 0xFE, 0x0A, 0x38, 0x02, 0xC6, 0x07, 0xC6, 0x30, 0xD3, 0x26, 0xDB, 0x27, 0xCB,
    0x57, 0x28, 0xFA, 0x7C, 0xE6, 0x0F, 0xFE, 0x0A, 0x38, 0x02, 0xC6, 0x07, 0xC6, 0x30, 0xD3, 0x26,
    0xDB, 0x27, 0xCB, 0x57, 0x28, 0xFA, 0x26, 0xFF, 0xD9, 0xCB, 0x49, 0x28, 0x46, 0xD9, 0x0E, 0x26,
    0x06, 0x19, 0x21, 0xD2, 0x0C, 0xED, 0xA3, 0x04, 0xDB, 0x27, 0xCB, 0x57, 0x28, 0xFA, 0x16, 0xFF,
    0x15, 0x20, 0xFD, 0x10, 0xF0, 0xD9, 0x7D, 0xE6, 0xF0, 0x0F, 0x0F, 0x0F, 0x0F, 0xFE, 0x0A, 0x38,
    0x02, 0xC6, 0x07, 0xC6, 0x30, 0xD3, 0x26, 0xDB, 0x27, 0xCB, 0x57, 0x28, 0xFA, 0x7D, 0xE6, 0x0F,
    0xFE, 0x0A, 0x38, 0x02, 0xC6, 0x07, 0xC6, 0x30, 0xD3, 0x26, 0xDB, 0x27, 0xCB, 0x57, 0x28, 0xFA,
    0x26, 0xFF, 0xD9, 0xD9, 0x1E, 0x15, 0xDD, 0x21, 0xFD, 0x01, 0xC3, 0x19, 0x04, 0xD9, 0xCB, 0x51,
    0x28, 0x46, 0xD9, 0x0E, 0x26, 0x06, 0x19, 0x21, 0xEB, 0x0C, 0xED, 0xA3, 0x04, 0xDB, 0x27, 0xCB,
    0x57, 0x28, 0xFA, 0x16, 0xFF, 0x15, 0x20, 0xFD, 0x10, 0xF0, 0xD9, 0x7A, 0xE6, 0xF0, 0x0F, 0x0F,
    0x0F, 0x0F, 0xFE, 0x0A, 0x38, 0x02, 0xC6, 0x07, 0xC6, 0x30, 0xD3, 0x26, 0xDB, 0x27, 0xCB, 0x57,
    0x28, 0xFA, 0x7A, 0xE6, 0x0F, 0xFE, 0x0A, 0x38, 0x02, 0xC6, 0x07, 0xC6, 0x30, 0xD3, 0x26, 0xDB,
    0x27, 0xCB, 0x57, 0x28, 0xFA, 0x26, 0xFF, 0xD9, 0xD9, 0x1E, 0x16, 0xDD, 0x21, 0x52, 0x02, 0xC3,
    0x19, 0x04, 0xD9, 0xCB, 0x59, 0x28, 0x46, 0xD9, 0x0E, 0x26, 0x06, 0x19, 0x21, 0x04, 0x0D, 0xED,
    0xA3, 0x04, 0xDB, 0x27, 0xCB, 0x57, 0x28, 0xFA, 0x16, 0xFF, 0x15, 0x20, 0xFD, 0x10, 0xF0, 0xD9,
    0x7B, 0xE6, 0xF0, 0x0F, 0x0F, 0x0F, 0x0F, 0xFE, 0x0A, 0x38, 0x02, 0xC6, 0x07, 0xC6, 0x30, 0xD3,
    0x26, 0xDB, 0x27, 0xCB, 0x57, 0x28, 0xFA, 0x7B, 0xE6, 0x0F, 0xFE, 0x0A, 0x38, 0x02, 0xC6, 0x07,
    0xC6, 0x30, 0xD3, 0x26, 0xDB, 0x27, 0xCB, 0x57, 0x28, 0xFA, 0x26, 0xFF, 0xD9, 0xD9, 0x1E, 0x20,
    0xDD, 0x21, 0xA7, 0x02, 0xC3, 0x19, 0x04, 0xD9, 0xCB, 0x61, 0x28, 0x48, 0xD9, 0x0E, 0x26, 0x06,
    0x19, 0x21, 0x1D, 0x0D, 0xED, 0xA3, 0x04, 0xDB, 0x27, 0xCB, 0x57, 0x28, 0xFA, 0x16, 0xFF, 0x15,
    0x20, 0xFD, 0x10, 0xF0, 0xD9, 0xED, 0x57, 0xE6, 0xF0, 0x0F, 0x0F, 0x0F, 0x0F, 0xFE, 0x0A, 0x38,
    0x02, 0xC6, 0x07, 0xC6, 0x30, 0xD3, 0x26, 0xDB, 0x27, 0xCB, 0x57, 0x28, 0xFA, 0xED, 0x57, 0xE6,
    0x0F, 0xFE, 0x0A, 0x38, 0x02, 0xC6, 0x07, 0xC6, 0x30, 0xD3, 0x26, 0xDB, 0x27, 0xCB, 0x57, 0x28,
    0xFA, 0x26, 0xFF, 0xD9, 0xCB, 0x69, 0x28, 0x46, 0xD9, 0x0E, 0x26, 0x06, 0x19, 0x21, 0x36, 0x0D,
    0xED, 0xA3, 0x04, 0xDB, 0x27, 0xCB, 0x57, 0x28, 0xFA, 0x16, 0xFF, 0x15, 0x20, 0xFD, 0x10, 0xF0,
    0xD9, 0x78, 0xE6, 0xF0, 0x0F, 0x0F, 0x0F, 0x0F, 0xFE, 0x0A, 0x38, 0x02, 0xC6, 0x07, 0xC6, 0x30,
    0xD3, 0x26, 0xDB, 0x27, 0xCB, 0x57, 0x28, 0xFA, 0x78, 0xE6, 0x0F, 0xFE, 0x0A, 0x38, 0x02, 0xC6,
    0x07, 0xC6, 0x30, 0xD3, 0x26, 0xDB, 0x27, 0xCB, 0x57, 0x28, 0xFA, 0x26, 0xFF, 0xD9, 0xD9, 0x1E,
    0x00, 0xDD, 0x21, 0x48, 0x03, 0xC3, 0x19, 0x04, 0xD9, 0xDD, 0x21, 0x9B, 0x03, 0x21, 0x00, 0x00,
    0x01, 0x00, 0x10, 0x11, 0xFF, 0xFF, 0x7E, 0xAA, 0x57, 0x0F, 0x0F, 0x0F, 0x0F, 0xE6, 0x0F, 0xAA,
    0x57, 0x0F, 0x0F, 0x0F, 0xED, 0x47, 0xE6, 0x1F, 0xAB, 0x5F, 0xED, 0x57, 0xED, 0x47, 0x0F, 0xE6,
    0xF0, 0xAB, 0x5F, 0xED, 0x57, 0xE6, 0xE0, 0xAA, 0x53, 0x5F, 0x23, 0x0B, 0x78, 0xB1, 0x20, 0xD6,
    0x2A, 0xF8, 0x1F, 0x7A, 0xBC, 0xC2, 0x5E, 0x04, 0x7B, 0xBD, 0xC2, 0x5E, 0x04, 0x2A, 0xFA, 0x1F,
    0x19, 0x3E, 0xFF, 0xBC, 0xC2, 0x5E, 0x04, 0xBD, 0xC2, 0x5E, 0x04, 0xDD, 0x21, 0xED, 0x03, 0x21,
    0x00, 0x10, 0x01, 0xF8, 0x0F, 0x11, 0xFF, 0xFF, 0x7E, 0xAA, 0x57, 0x0F, 0x0F, 0x0F, 0x0F, 0xE6,
    0x0F, 0xAA, 0x57, 0x0F, 0x0F, 0x0F, 0xED, 0x47, 0xE6, 0x1F, 0xAB, 0x5F, 0xED, 0x57, 0xED, 0x47,
    0x0F, 0xE6, 0xF0, 0xAB, 0x5F, 0xED, 0x57, 0xE6, 0xE0, 0xAA, 0x53, 0x5F, 0x23, 0x0B, 0x78, 0xB1,
    0x20, 0xD6, 0x2A, 0xFC, 0x1F, 0x7A, 0xBC, 0xC2, 0x5E, 0x04, 0x7B, 0xBD, 0xC2, 0x5E, 0x04, 0x2A,
    0xFE, 0x1F, 0x19, 0x3E, 0xFF, 0xBC, 0xC2, 0x5E, 0x04, 0xBD, 0xC2, 0x5E, 0x04, 0xD9, 0x1E, 0x05,
    0xDD, 0x21, 0xF7, 0x03, 0xC3, 0x19, 0x04, 0xD9, 0x16, 0x02, 0x06, 0x20, 0x0E, 0x00, 0xED, 0x51,
    0xAF, 0x21, 0x00, 0x20, 0x11, 0x01, 0x20, 0x01, 0xFF, 0x07, 0x77, 0xED, 0xB0, 0xBE, 0xCA, 0x9E,
    0x05, 0x47, 0x7E, 0xDD, 0x21, 0xA3, 0x05, 0x18, 0x45, 0x06, 0x02, 0x3E, 0x08, 0xD3, 0x26, 0xDB,
    0x27, 0xCB, 0x57, 0x28, 0xFA, 0x16, 0x00, 0x15, 0x20, 0xFD, 0x10, 0xEF, 0x7B, 0xFD, 0x21, 0x34,
    0x04, 0xC3, 0x5F, 0x05, 0xD3, 0x26, 0xFD, 0x21, 0x3D, 0x04, 0xC3, 0x57, 0x05, 0x16, 0x00, 0x15,
    0x20, 0xFD, 0x79, 0xD3, 0x26, 0xFD, 0x21, 0x4C, 0x04, 0xC3, 0x57, 0x05, 0x7B, 0xCB, 0x44, 0x20,
    0x02, 0xD3, 0x18, 0x01, 0x00, 0x00, 0x0D, 0x20, 0xFD, 0x05, 0x20, 0xFA, 0xDD, 0xE9, 0xD9, 0x21,
    0xA9, 0x0C, 0x06, 0x0C, 0x0E, 0x26, 0xED, 0xA3, 0x04, 0xDB, 0x27, 0xCB, 0x57, 0x28, 0xFA, 0x16,
    0x00, 0x15, 0x20, 0xFD, 0x10, 0xF0, 0x7B, 0xFD, 0x21, 0x7E, 0x04, 0xC3, 0x5F, 0x05, 0xD3, 0x26,
    0xFD, 0x21, 0x87, 0x04, 0xC3, 0x57, 0x05, 0x79, 0xD3, 0x26, 0xFD, 0x21, 0x91, 0x04, 0xC3, 0x57,
    0x05, 0x26, 0xFF, 0x7B, 0xED, 0x47, 0xD9, 0x57, 0xED, 0x57, 0xA7, 0xCA, 0x3F, 0x05, 0x3E, 0x20,
    0xD3, 0x26, 0xDB, 0x27, 0xCB, 0x57, 0x28, 0xFA, 0x48, 0x06, 0x02, 0x3E, 0x20, 0xD3, 0x26, 0xDB,
    0x27, 0xCB, 0x57, 0x28, 0xFA, 0x1E, 0x00, 0x1D, 0x20, 0xFD, 0x10, 0xEF, 0x41, 0x7C, 0xFD, 0x21,
    0xC5, 0x04, 0xC3, 0x5F, 0x05, 0xD3, 0x26, 0xFD, 0x21, 0xCE, 0x04, 0xC3, 0x57, 0x05, 0x79, 0xD3,
    0x26, 0xFD, 0x21, 0xD8, 0x04, 0xC3, 0x57, 0x05, 0x7D, 0xFD, 0x21, 0xE0, 0x04, 0xC3, 0x5F, 0x05,
    0xD3, 0x26, 0xFD, 0x21, 0xE9, 0x04, 0xC3, 0x57, 0x05, 0x79, 0xD3, 0x26, 0xFD, 0x21, 0xF3, 0x04,
    0xC3, 0x57, 0x05, 0x3E, 0x20, 0xD3, 0x26, 0xFD, 0x21, 0xFE, 0x04, 0xC3, 0x57, 0x05, 0x78, 0xFD,
    0x21, 0x06, 0x05, 0xC3, 0x5F, 0x05, 0xD3, 0x26, 0xFD, 0x21, 0x0F, 0x05, 0xC3, 0x57, 0x05, 0x79,
    0xD3, 0x26, 0xFD, 0x21, 0x19, 0x05, 0xC3, 0x57, 0x05, 0x3E, 0x20, 0xD3, 0x26, 0xFD, 0x21, 0x24,
    0x05, 0xC3, 0x57, 0x05, 0x7A, 0xFD, 0x21, 0x2C, 0x05, 0xC3, 0x5F, 0x05, 0xD3, 0x26, 0xFD, 0x21,
    0x35, 0x05, 0xC3, 0x57, 0x05, 0x79, 0xD3, 0x26, 0xFD, 0x21, 0x3F, 0x05, 0xC3, 0x57, 0x05, 0x21,
    0xB5, 0x0C, 0x06, 0x04, 0x7E, 0xD3, 0x26, 0xDB, 0x27, 0xCB, 0x57, 0x28, 0xFA, 0x23, 0x16, 0x00,
    0x15, 0x20, 0xFD, 0x10, 0xEF, 0xDD, 0xE9, 0xDB, 0x27, 0xCB, 0x57, 0x28, 0xFA, 0xFD, 0xE9, 0x4F,
    0xE6, 0xF0, 0x0F, 0x0F, 0x0F, 0x0F, 0xFE, 0x0A, 0x38, 0x02, 0xC6, 0x07, 0xC6, 0x30, 0xED, 0x47,
    0x79, 0xE6, 0x0F, 0xFE, 0x0A, 0x38, 0x02, 0xC6, 0x07, 0xC6, 0x30, 0x4F, 0xED, 0x57, 0xFD, 0xE9,
    0x00, 0x88, 0x01, 0x7F, 0x00, 0x88, 0x00, 0x04, 0x88, 0x00, 0x08, 0x00, 0x08, 0x00, 0x10, 0x02,
    0x0E, 0x08, 0x04, 0x88, 0x2D, 0x00, 0x88, 0x00, 0x08, 0x80, 0x00, 0x00, 0xDD, 0xE9, 0xEE, 0xFF,
    0xC2, 0x01, 0x04, 0xD9, 0x1E, 0x06, 0xDD, 0x21, 0xAD, 0x05, 0xC3, 0x19, 0x04, 0xD9, 0xDD, 0x21,
    0xCD, 0x05, 0x21, 0x00, 0x20, 0x11, 0x00, 0x20, 0x0E, 0x08, 0xAF, 0x12, 0x13, 0x3C, 0x20, 0xFB,
    0x47, 0x7E, 0xB8, 0xC2, 0x5E, 0x04, 0x23, 0x04, 0x20, 0xF7, 0x0D, 0x20, 0xED, 0xD9, 0x1E, 0x07,
    0xDD, 0x21, 0xD7, 0x05, 0xC3, 0x19, 0x04, 0xD9, 0x21, 0x00, 0x20, 0x36, 0xFF, 0x11, 0xFF, 0x07,
    0x43, 0x3A, 0xA8, 0x01, 0x7E, 0xB8, 0xC2, 0x5E, 0x04, 0x23, 0xA7, 0x17, 0x77, 0x08, 0x23, 0x1B,
    0x7A, 0xB3, 0x28, 0x03, 0x08, 0x18, 0xF4, 0x21, 0x01, 0x20, 0x11, 0xFE, 0x07, 0x37, 0x43, 0x08,
    0x7E, 0xB8, 0xC2, 0x5E, 0x04, 0x23, 0x1B, 0x7A, 0xB3, 0x28, 0x07, 0x08, 0x78, 0x17, 0x47, 0x08,
    0x18, 0xEE, 0xD9, 0x1E, 0x08, 0xDD, 0x21, 0x1C, 0x06, 0xC3, 0x19, 0x04, 0xD9, 0x11, 0x00, 0x20,
    0x21, 0x80, 0x05, 0x01, 0x1E, 0x00, 0xED, 0xB0, 0xA7, 0xEB, 0x11, 0x1E, 0x00, 0xED, 0x52, 0xDD,
    0x21, 0x34, 0x06, 0xE9, 0x11, 0x00, 0x01, 0x2C, 0x19, 0xEB, 0x7A, 0xFE, 0x28, 0x20, 0xE1, 0x31,
    0x00, 0x28, 0x3E, 0xFF, 0x32, 0x60, 0x23, 0xD9, 0x1E, 0x10, 0xCD, 0xDF, 0x0A, 0xD9, 0x3E, 0x03,
    0x0E, 0x0D, 0xED, 0x79, 0x3E, 0x55, 0xCD, 0xAF, 0x09, 0xC4, 0x11, 0x0B, 0x3E, 0x03, 0x0E, 0x1B,
    0xED, 0x79, 0x3E, 0xF3, 0xCD, 0xAF, 0x09, 0xC4, 0x11, 0x0B, 0x3E, 0x03, 0x0E, 0x1D, 0xED, 0x79,
    0x3E, 0x9F, 0xCD, 0xAF, 0x09, 0xC4, 0x11, 0x0B, 0x3E, 0x03, 0x0E, 0x1F, 0xED, 0x79, 0x3E, 0x6F,
    0xCD, 0xAF, 0x09, 0xC4, 0x11, 0x0B, 0xFB, 0xED, 0x5E, 0x3E, 0x23, 0xED, 0x47, 0x21, 0x23, 0x0C,
    0x11, 0x00, 0x23, 0x01, 0x42, 0x00, 0xED, 0xB0, 0xAF, 0x21, 0x4F, 0x23, 0x06, 0x14, 0x77, 0x23,
    0x10, 0xFC, 0xD9, 0x3E, 0xFF, 0x32, 0x60, 0x23, 0x1E, 0x15, 0xCD, 0xDF, 0x0A, 0xD9, 0x0E, 0x08,
    0x06, 0x40, 0xCD, 0xC2, 0x09, 0xD4, 0x11, 0x0B, 0x0E, 0x09, 0x06, 0x50, 0xCD, 0xC2, 0x09, 0xD4,
    0x11, 0x0B, 0x0E, 0x0A, 0x06, 0x60, 0xCD, 0xC2, 0x09, 0xD4, 0x11, 0x0B, 0x0E, 0x0B, 0x06, 0x70,
    0xCD, 0xC2, 0x09, 0xD4, 0x11, 0x0B, 0x0E, 0x2C, 0x06, 0x80, 0xCD, 0xC2, 0x09, 0xD4, 0x11, 0x0B,
    0x0E, 0x2E, 0x06, 0x90, 0xCD, 0xC2, 0x09, 0xD4, 0x11, 0x0B, 0x0E, 0x2F, 0x06, 0xA0, 0xCD, 0xC2,
    0x09, 0xD4, 0x11, 0x0B, 0xD9, 0x1E, 0x16, 0xCD, 0xDF, 0x0A, 0xD9, 0x06, 0x40, 0x0E, 0x08, 0xED,
    0x78, 0xB8, 0xC4, 0x11, 0x0B, 0x06, 0x50, 0x0E, 0x09, 0xED, 0x78, 0xB8, 0xC4, 0x11, 0x0B, 0x06,
    0x60, 0x0E, 0x0A, 0xED, 0x78, 0xB8, 0xC4, 0x11, 0x0B, 0x06, 0x70, 0x0E, 0x0B, 0xED, 0x78, 0xB8,
    0xC4, 0x11, 0x0B, 0x06, 0x80, 0x0E, 0x2C, 0xED, 0x78, 0xB8, 0xC4, 0x11, 0x0B, 0x06, 0x90, 0x0E,
    0x2E, 0xED, 0x78, 0xB8, 0xC4, 0x11, 0x0B, 0x06, 0xA0, 0x0E, 0x2F, 0xED, 0x78, 0xB8, 0xC4, 0x11,
    0x0B, 0xD9, 0x3E, 0x01, 0x32, 0x60, 0x23, 0x1E, 0x17, 0xCD, 0xDF, 0x0A, 0xD9, 0xAF, 0x0E, 0x08,
    0xD3, 0x08, 0xCD, 0xD6, 0x09, 0xCC, 0x11, 0x0B, 0x0E, 0x09, 0xCD, 0xD6, 0x09, 0xCC, 0x11, 0x0B,
    0x0E, 0x0A, 0xCD, 0xD6, 0x09, 0xCC, 0x11, 0x0B, 0x0E, 0x0B, 0xCD, 0xD6, 0x09, 0xCC, 0x11, 0x0B,
    0x3E, 0x08, 0x0E, 0x2C, 0xED, 0x79, 0xCD, 0xD6, 0x09, 0xCC, 0x11, 0x0B, 0x0E, 0x2E, 0xCD, 0xD6,
    0x09, 0xCC, 0x11, 0x0B, 0x0E, 0x2F, 0xCD, 0xD6, 0x09, 0xCC, 0x11, 0x0B, 0xD9, 0x1E, 0x20, 0x3E,
    0xFF, 0x32, 0x60, 0x23, 0xCD, 0xDF, 0x0A, 0xD9, 0x3E, 0x11, 0xD3, 0x2B, 0xAF, 0xD3, 0x2B, 0x3E,
    0x12, 0xD3, 0x2B, 0x3E, 0x50, 0xD3, 0x2B, 0xDB, 0x2B, 0x3E, 0x12, 0xD3, 0x2B, 0x0E, 0x28, 0x06,
    0x50, 0xDB, 0x2B, 0xB8, 0xC4, 0x11, 0x0B, 0x3E, 0x12, 0xD3, 0x2B, 0x3E, 0x30, 0xD3, 0x2B, 0xDB,
    0x2B, 0x3E, 0x12, 0xD3, 0x2B, 0x0E, 0x28, 0x06, 0x30, 0xDB, 0x2B, 0xB8, 0xC4, 0x11, 0x0B, 0xD9,
    0x3E, 0x01, 0x32, 0x60, 0x23, 0x1E, 0x21, 0xCD, 0xDF, 0x0A, 0xD9, 0x06, 0x2C, 0x1E, 0x25, 0xCD,
    0xCD, 0x0A, 0x3E, 0x11, 0xD3, 0x25, 0xD3, 0x27, 0x3E, 0x06, 0xD3, 0x25, 0xD3, 0x27, 0x0E, 0x24,
    0xCD, 0xEC, 0x09, 0xCC, 0x11, 0x0B, 0x0E, 0x26, 0xCD, 0x01, 0x0A, 0xCC, 0x11, 0x0B, 0x06, 0x2E,
    0x1E, 0x29, 0xCD, 0xCD, 0x0A, 0x06, 0x08, 0x1E, 0x2B, 0xCD, 0xCD, 0x0A, 0x3E, 0x11, 0xD3, 0x29,
    0xD3, 0x2B, 0x3E, 0x06, 0xD3, 0x29, 0xD3, 0x2B, 0x0E, 0x28, 0xCD, 0x1C, 0x0A, 0xCC, 0x11, 0x0B,
    0x0E, 0x2A, 0xCD, 0x31, 0x0A, 0xCC, 0x11, 0x0B, 0xD9, 0x3E, 0xFF, 0x32, 0x60, 0x23, 0x1E, 0x25,
    0xCD, 0xDF, 0x0A, 0xD9, 0xF3, 0xCD, 0xE1, 0x0B, 0x20, 0x36, 0x3E, 0x03, 0xD3, 0x21, 0xCD, 0xE1,
    0x0B, 0x20, 0x2D, 0x3E, 0x1F, 0xD3, 0x21, 0xCD, 0xE1, 0x0B, 0x20, 0x24, 0x3E, 0xFF, 0xD3, 0x21,
    0xCD, 0xE1, 0x0B, 0x20, 0x1B, 0x06, 0xFF, 0x0E, 0x21, 0xED, 0x78, 0xB8, 0xC4, 0x11, 0x0B, 0x3E,
    0xCF, 0xD3, 0x1F, 0x3E, 0x10, 0xD3, 0x1F, 0x3E, 0x03, 0xD3, 0x1F, 0x3E, 0x8F, 0xD3, 0x1E, 0xFB,
    0xD9, 0x1E, 0x26, 0xCD, 0xDF, 0x0A, 0xD9, 0x21, 0x0A, 0x0C, 0x06, 0x16, 0x0E, 0x3C, 0xED, 0xB3,
    0x06, 0x3B, 0xED, 0x78, 0xA0, 0xCC, 0x11, 0x0B, 0x0E, 0x3C, 0x06, 0x00, 0xED, 0x78, 0xB8, 0xC4,
    0x11, 0x0B, 0x0E, 0x3C, 0x06, 0x01, 0xED, 0x78, 0xB8, 0xC4, 0x11, 0x0B, 0xD9, 0x3E, 0x01, 0x32,
    0x60, 0x23, 0x1E, 0x27, 0xCD, 0xDF, 0x0A, 0xD9, 0x21, 0x0A, 0x0C, 0x06, 0x13, 0x0E, 0x3C, 0xED,
    0xB3, 0x21, 0x20, 0x0C, 0x06, 0x03, 0x0E, 0x3C, 0xED, 0xB3, 0xCD, 0xB7, 0x0A, 0x3A, 0x4F, 0x23,
    0xA7, 0xCC, 0x11, 0x0B, 0x3E, 0xC3, 0xD3, 0x3C, 0xD9, 0x3E, 0xFF, 0x32, 0x60, 0x23, 0x1E, 0x30,
    0xCD, 0xDF, 0x0A, 0xD9, 0x11, 0x0D, 0x04, 0x06, 0x30, 0x0E, 0x00, 0x3E, 0x10, 0xED, 0x51, 0x80,
    0x47, 0x1D, 0x20, 0xF7, 0xAF, 0x21, 0x00, 0x30, 0x11, 0x01, 0x30, 0x01, 0xFF, 0xCF, 0x77, 0xED,
    0xB0, 0x7E, 0xB8, 0xC4, 0x99, 0x0B, 0x3E, 0xFF, 0x21, 0x00, 0x30, 0x11, 0x01, 0x30, 0x01, 0xFF,
    0xCF, 0x77, 0xED, 0xB0, 0x47, 0x7E, 0xB8, 0xC4, 0x99, 0x0B, 0xD9, 0x1E, 0x31, 0xCD, 0xDF, 0x0A,
    0xD9, 0x21, 0x00, 0x30, 0x11, 0x01, 0x30, 0xAF, 0x01, 0xFF, 0x00, 0x77, 0xED, 0xB0, 0x23, 0x13,
    0x3C, 0xFE, 0xD0, 0x20, 0xF3, 0x21, 0x00, 0x30, 0x1E, 0x00, 0x7E, 0xB8, 0xC4, 0x99, 0x0B, 0x23,
    0x1D, 0x20, 0xF7, 0x04, 0x78, 0xFE, 0xD0, 0x20, 0xEF, 0xD9, 0x1E, 0x32, 0xCD, 0xDF, 0x0A, 0xD9,
    0x21, 0x00, 0x30, 0x06, 0xFF, 0x36, 0xFF, 0x11, 0xFE, 0xCF, 0x7E, 0xB8, 0xC4, 0x99, 0x0B, 0x23,
    0x17, 0x77, 0x23, 0x1B, 0xF5, 0x7A, 0xB3, 0x28, 0x03, 0xF1, 0x18, 0xF4, 0x21, 0x01, 0x30, 0x11,
    0xFE, 0xCF, 0x7B, 0x37, 0xF5, 0x47, 0x7E, 0xB8, 0xC4, 0x99, 0x0B, 0x23, 0x1B, 0x7A, 0xB3, 0x28,
    0x04, 0xF1, 0x17, 0x18, 0xEF, 0xF1, 0xD9, 0x1E, 0x33, 0xCD, 0xDF, 0x0A, 0xD9, 0x11, 0x00, 0x30,
    0x21, 0x80, 0x05, 0x01, 0x1E, 0x00, 0xED, 0xB0, 0xA7, 0xEB, 0x11, 0x1E, 0x00, 0xED, 0x52, 0xDD,
    0x21, 0x94, 0x09, 0xE9, 0x11, 0x00, 0x01, 0x23, 0x19, 0xEB, 0x7A, 0xA7, 0x20, 0xE2, 0x3E, 0x0D,
    0xCD, 0xDB, 0x0B, 0xCD, 0xD9, 0x0B, 0xCD, 0xD9, 0x0B, 0xCD, 0xD9, 0x0B, 0xC3, 0x79, 0x0D, 0x47,
    0x3E, 0x0F, 0xED, 0x79, 0x3E, 0x03, 0xED, 0x79, 0x0D, 0x78, 0xED, 0x79, 0xDB, 0x18, 0xED, 0x78,
    0xB8, 0xC9, 0x3E, 0x07, 0xED, 0x79, 0x78, 0xED, 0x79, 0xCD, 0xC7, 0x0A, 0xED, 0x78, 0xB8, 0xF5,
    0x3E, 0x03, 0xED, 0x79, 0xF1, 0xC9, 0x3E, 0x87, 0xED, 0x79, 0x06, 0x70, 0x21, 0x80, 0x05, 0x3E,
    0xFF, 0xED, 0x41, 0xCD, 0xC1, 0x0A, 0xCD, 0xC1, 0x0A, 0x7E, 0xA7, 0xC9, 0xAF, 0xED, 0x79, 0xCD,
    0xB7, 0x0A, 0xCD, 0xB7, 0x0A, 0xCD, 0x46, 0x0A, 0x3E, 0x03, 0xD3, 0x2C, 0x3A, 0x5C, 0x23, 0xA7,
    0xC9, 0xAF, 0xED, 0x79, 0xCD, 0xB7, 0x0A, 0xCD, 0xB7, 0x0A, 0x0C, 0x3E, 0x11, 0xED, 0x79, 0xAF,
    0xED, 0x79, 0x3E, 0x38, 0xD3, 0x25, 0x0D, 0x3A, 0x5D, 0x23, 0xA7, 0xC9, 0xAF, 0xED, 0x79, 0xCD,
    0xB7, 0x0A, 0xCD, 0xB7, 0x0A, 0xCD, 0x46, 0x0A, 0x3E, 0x03, 0xD3, 0x2E, 0x3A, 0x5E, 0x23, 0xA7,
    0xC9, 0xAF, 0xED, 0x79, 0xCD, 0xB7, 0x0A, 0xCD, 0xB7, 0x0A, 0xCD, 0x46, 0x0A, 0x3E, 0x03, 0xD3,
    0x08, 0x3A, 0x5E, 0x23, 0xA7, 0xC9, 0x0C, 0x3E, 0x11, 0xED, 0x79, 0xAF, 0xED, 0x79, 0x3E, 0x30,
    0xED, 0x79, 0x3E, 0x38, 0xED, 0x79, 0x3E, 0x18, 0xED, 0x79, 0x0D, 0xC9, 0x21, 0x50, 0x23, 0x77,
    0x3E, 0x03, 0xED, 0x79, 0xFB, 0xED, 0x4D, 0x21, 0x51, 0x23, 0x18, 0xF3, 0x21, 0x52, 0x23, 0x18,
    0xEE, 0x21, 0x53, 0x23, 0x18, 0xE9, 0x21, 0x54, 0x23, 0x18, 0xE4, 0x21, 0x55, 0x23, 0x18, 0xDF,
    0x21, 0x56, 0x23, 0x18, 0xDA, 0xF5, 0x3E, 0xFF, 0x32, 0x5C, 0x23, 0x0C, 0x3E, 0x28, 0xED, 0x79,
    0x0D, 0xF1, 0xFB, 0xED, 0x4D, 0xF5, 0x3E, 0xFF, 0x32, 0x5D, 0x23, 0x18, 0xEE, 0xF5, 0x3E, 0xFF,
    0x32, 0x5E, 0x23, 0x18, 0xE6, 0xF5, 0x3E, 0xFF, 0x32, 0x5F, 0x23, 0x18, 0xDE, 0x3E, 0xA3, 0xD3,
    0x3C, 0x32, 0x4F, 0x23, 0xFB, 0xED, 0x4D, 0x21, 0xFF, 0xFF, 0x2D, 0x20, 0xFD, 0x25, 0x20, 0xFA,
    0xC9, 0x16, 0xFF, 0x15, 0x20, 0xFD, 0xC9, 0x16, 0x06, 0x15, 0x20, 0xFD, 0xC9, 0x48, 0x3E, 0x57,
    0xED, 0x79, 0x3E, 0x02, 0xED, 0x79, 0x21, 0x02, 0x0C, 0x06, 0x08, 0x4B, 0xED, 0xB3, 0xC9, 0x06,
    0x02, 0x3E, 0x08, 0xD3, 0x26, 0xDB, 0x27, 0xCB, 0x57, 0x28, 0xFA, 0xCD, 0xC1, 0x0A, 0x10, 0xF1,
    0x7B, 0xCB, 0x44, 0x20, 0x02, 0xD3, 0x18, 0xCD, 0xBB, 0x0B, 0xD3, 0x26, 0xCD, 0xB4, 0x0B, 0xCD,
    0xC1, 0x0A, 0x79, 0xD3, 0x26, 0xCD, 0xB4, 0x0B, 0x0E, 0x00, 0xCD, 0xC1, 0x0A, 0x0D, 0x20, 0xFA,
    0xC9, 0xF5, 0xC5, 0xD5, 0xE5, 0x57, 0xCD, 0x6C, 0x0B, 0x79, 0xCD, 0xBB, 0x0B, 0xD3, 0x26, 0xCD,
    0xB4, 0x0B, 0x79, 0xD3, 0x26, 0xCD, 0xB4, 0x0B, 0x3A, 0x60, 0x23, 0x3D, 0x28, 0x25, 0x48, 0xCD,
    0xD9, 0x0B, 0x79, 0xCD, 0xBB, 0x0B, 0xD3, 0x26, 0xCD, 0xB4, 0x0B, 0x79, 0xD3, 0x26, 0xCD, 0xB4,
    0x0B, 0xCD, 0xD9, 0x0B, 0x7A, 0xCD, 0xBB, 0x0B, 0xD3, 0x26, 0xCD, 0xB4, 0x0B, 0x79, 0xD3, 0x26,
    0xCD, 0xB4, 0x0B, 0x21, 0xB5, 0x0C, 0x06, 0x04, 0x7E, 0xD3, 0x26, 0xDB, 0x27, 0xCB, 0x57, 0x28,
    0xFA, 0x23, 0xCD, 0xC1, 0x0A, 0x10, 0xF1, 0xE1, 0xD1, 0xC1, 0xF1, 0xC9, 0xD9, 0x21, 0xA9, 0x0C,
    0x0E, 0x26, 0x06, 0x0C, 0x7E, 0xED, 0x79, 0xCD, 0xB4, 0x0B, 0x23, 0x10, 0xF7, 0x7B, 0xCD, 0xBB,
    0x0B, 0xD3, 0x26, 0xCD, 0xB4, 0x0B, 0x79, 0xD3, 0x26, 0xCD, 0xB4, 0x0B, 0xCD, 0xD9, 0x0B, 0xCD,
    0xD9, 0x0B, 0xCD, 0xD9, 0x0B, 0x26, 0xFF, 0xD9, 0xC9, 0xF5, 0xC5, 0xD5, 0xE5, 0x57, 0xCD, 0x6C,
    0x0B, 0x7C, 0xCD, 0xBB, 0x0B, 0xD3, 0x26, 0xCD, 0xB4, 0x0B, 0x79, 0xD3, 0x26, 0xCD, 0xB4, 0x0B,
    0x7D, 0xC3, 0x1A, 0x0B, 0xDB, 0x27, 0xCB, 0x57, 0x28, 0xFA, 0xC9, 0x4F, 0xE6, 0xF0, 0x0F, 0x0F,
    0x0F, 0x0F, 0xFE, 0x0A, 0x38, 0x02, 0xC6, 0x07, 0xC6, 0x30, 0xF5, 0x79, 0xE6, 0x0F, 0xFE, 0x0A,
    0x38, 0x02, 0xC6, 0x07, 0xC6, 0x30, 0x4F, 0xF1, 0xC9, 0x3E, 0x20, 0xD3, 0x26, 0xCD, 0xB4, 0x0B,
    0xC9, 0x0E, 0x20, 0x06, 0x80, 0xE5, 0xE1, 0xE5, 0xE1, 0xED, 0x78, 0xE6, 0xC0, 0xB8, 0x28, 0x11,
    0xCD, 0xB7, 0x0A, 0xCD, 0xB7, 0x0A, 0xCD, 0xB7, 0x0A, 0xED, 0x78, 0xB8, 0xF5, 0xC4, 0x11, 0x0B,
    0xF1, 0xC9, 0x30, 0x18, 0x14, 0x8C, 0x13, 0xC1, 0x15, 0x68, 0xC3, 0x7D, 0x00, 0x21, 0x00, 0x01,
    0xCF, 0x14, 0x10, 0x80, 0xBD, 0x00, 0x20, 0x12, 0x40, 0x01, 0xCF, 0x05, 0x82, 0x87, 0xBB, 0x07,
    0xAB, 0x87, 0xBF, 0x5C, 0x0A, 0x67, 0x0A, 0x6C, 0x0A, 0x71, 0x0A, 0x76, 0x0A, 0x00, 0x00, 0x7B,
    0x0A, 0x80, 0x0A, 0x00, 0x00, 0x00, 0x00, 0x00, 0x00, 0x00, 0x00, 0x00, 0x00, 0x00, 0x00, 0x00,
    0x00, 0x00, 0x00, 0x95, 0x0A, 0x00, 0x00, 0x00, 0x00, 0x00, 0x00, 0x85, 0x0A, 0x00, 0x00, 0x00,
    0x00, 0x00, 0x00, 0xA5, 0x0A, 0x00, 0x00, 0x00, 0x00, 0x00, 0x00, 0x9D, 0x0A, 0x00, 0x00, 0x00,
    0x00, 0x00, 0x00, 0xAD, 0x0A, 0x0A, 0x0D, 0x0A, 0x0A, 0x0A, 0x0A, 0x0A, 0x0A, 0x0A, 0x0A, 0x0A,
    0x0A, 0x0A, 0x0A, 0x0A, 0x0A, 0x0A, 0x0A, 0x0A, 0x0A, 0x0A, 0x0A, 0x0A, 0x0A, 0x07, 0x0D, 0x0A,
    0x50, 0x38, 0x30, 0x30, 0x30, 0x20, 0x48, 0x61, 0x72, 0x64, 0x77, 0x61, 0x72, 0x65, 0x74, 0x65,
    0x73, 0x74, 0x20, 0x55, 0x38, 0x38, 0x30, 0x20, 0x2D, 0x20, 0x56, 0x65, 0x72, 0x73, 0x69, 0x6F,
    0x6E, 0x20, 0x33, 0x2E, 0x30, 0x0A, 0x0D, 0x20, 0x20, 0x08, 0x08, 0x2A, 0x2A, 0x2A, 0x20, 0x45,
    0x52, 0x52, 0x4F, 0x52, 0x20, 0x0A, 0x0D, 0x20, 0x20, 0x08, 0x08, 0x2A, 0x2A, 0x2A, 0x20, 0x45,
    0x52, 0x52, 0x4F, 0x52, 0x20, 0x31, 0x30, 0x20, 0x20, 0x20, 0x31, 0x38, 0x20, 0x41, 0x41, 0x20,
    0x0D, 0x0D, 0x08, 0x08, 0x2A, 0x2A, 0x2A, 0x20, 0x45, 0x52, 0x52, 0x4F, 0x52, 0x20, 0x31, 0x30,
    0x20, 0x20, 0x20, 0x31, 0x38, 0x20, 0x35, 0x35, 0x20, 0x0D, 0x0D, 0x08, 0x08, 0x2A, 0x2A, 0x2A,
    0x20, 0x45, 0x52, 0x52, 0x4F, 0x52, 0x20, 0x31, 0x35, 0x20, 0x20, 0x20, 0x32, 0x44, 0x20, 0x38,
    0x30, 0x20, 0x0D, 0x0D, 0x08, 0x08, 0x2A, 0x2A, 0x2A, 0x20, 0x45, 0x52, 0x52, 0x4F, 0x52, 0x20,
    0x31, 0x36, 0x20, 0x20, 0x20, 0x32, 0x44, 0x20, 0x38, 0x30, 0x20, 0x0D, 0x0D, 0x08, 0x08, 0x2A,
    0x2A, 0x2A, 0x20, 0x45, 0x52, 0x52, 0x4F, 0x52, 0x20, 0x32, 0x30, 0x20, 0x20, 0x20, 0x32, 0x36,
    0x20, 0x41, 0x30, 0x20, 0x0D, 0x0D, 0x08, 0x08, 0x2A, 0x2A, 0x2A, 0x20, 0x45, 0x52, 0x52, 0x4F,
    0x52, 0x20, 0x32, 0x31, 0x20, 0x20, 0x20, 0x32, 0x36, 0x20, 0x35, 0x30, 0x20, 0x0D, 0x0D, 0x08,
    0x08, 0x31, 0x30, 0x08, 0x08, 0x31, 0x35, 0x08, 0x08, 0x31, 0x36, 0x08, 0x08, 0x32, 0x30, 0x0E,
    0x00, 0x11, 0x10, 0x00, 0xAF, 0x47, 0xED, 0x51, 0xC6, 0x10, 0x1D, 0x20, 0xF8, 0x16, 0x01, 0x06,
    0x00, 0xED, 0x51, 0xDB, 0x04, 0x06, 0x10, 0xED, 0x51, 0x3E, 0x57, 0xD3, 0x2D, 0x3E, 0x02, 0xD3,
    0x2D, 0x21, 0x02, 0x0C, 0x0E, 0x27, 0x06, 0x08, 0xED, 0xB3, 0x3E, 0x12, 0xD3, 0x27, 0xD3, 0x2B,
    0x3E, 0x20, 0xD3, 0x27, 0x3E, 0x30, 0xD3, 0x2B, 0x0E, 0x00, 0x16, 0x04, 0x1E, 0x0E, 0x3E, 0x20,
    0x47, 0xED, 0x51, 0xC6, 0x10, 0x1D, 0x20, 0xF8, 0x01, 0x00, 0x20, 0x11, 0x00, 0xC0, 0x21, 0x00,
    0x00, 0xED, 0xB0, 0xC3, 0xB6, 0xCD, 0x0E, 0x00, 0x16, 0x04, 0x06, 0x00, 0xED, 0x51, 0x06, 0x10,
    0xED, 0x51, 0x01, 0x00, 0x0C, 0x11, 0x00, 0x00, 0x21, 0x00, 0xCF, 0xED, 0xB0, 0x21, 0xA5, 0xCE,
    0x06, 0x33, 0x7E, 0xD3, 0x26, 0xDB, 0x27, 0xCB, 0x57, 0x28, 0xFA, 0x23, 0x16, 0x00, 0x15, 0x20,
    0xFD, 0x10, 0xEF, 0x06, 0x0B, 0x21, 0x8F, 0xCE, 0x4E, 0x23, 0xED, 0xA3, 0x20, 0xFA, 0x21, 0x84,
    0xCE, 0x01, 0x3C, 0x0B, 0xED, 0xB3, 0x3E, 0xFF, 0xD3, 0x0E, 0x3E, 0x4F, 0xD3, 0x0D, 0xDB, 0x0C,
    0x01, 0x00, 0x0C, 0x21, 0x00, 0xCF, 0x11, 0x00, 0x00, 0x1A, 0xBE, 0x20, 0x72, 0x13, 0x23, 0x0B,
    0x78, 0xB1, 0x20, 0xF5, 0x21, 0x00, 0x0D, 0x7E, 0x57, 0xAF, 0x77, 0x3A, 0x00, 0xC0, 0x7E, 0xA7,
    0x20, 0x43, 0x7A, 0x77, 0x3A, 0x00, 0xC0, 0x7E, 0xBA, 0x20, 0x3A, 0x23, 0x7C, 0xFE, 0x30, 0x20,
    0xE6, 0x21, 0x00, 0x0D, 0x7E, 0x57, 0x3E, 0xFF, 0x77, 0x3A, 0x00, 0xC0, 0x7E, 0xFE, 0xFF, 0x20,
    0x24, 0x7A, 0x77, 0x3A, 0x00, 0xC0, 0x7E, 0xBA, 0x20, 0x1B, 0x23, 0x7C, 0xFE, 0x30, 0x20, 0xE4,
    0x0E, 0x27, 0x3E, 0x11, 0xED, 0x79, 0x3E, 0x1C, 0xED, 0x79, 0xAF, 0xD3, 0x08, 0xAF, 0x32, 0x88,
    0x0E, 0xF3, 0xC3, 0x00, 0x00, 0x21, 0xD8, 0xCE, 0x06, 0x0A, 0x0E, 0x26, 0xED, 0xA3, 0x04, 0xDB,
    0x27, 0xCB, 0x57, 0x28, 0xFA, 0x16, 0x00, 0x15, 0x20, 0xFD, 0x10, 0xF0, 0xC3, 0x50, 0xCE, 0x21,
    0xE2, 0xCE, 0x18, 0xE4, 0xC3, 0x05, 0x54, 0xFC, 0x78, 0xFC, 0x95, 0x21, 0x12, 0x1C, 0x8A, 0x1D,
    0xCF, 0x1D, 0x80, 0x1D, 0x03, 0x1C, 0x5F, 0x1C, 0x1F, 0x1F, 0x1A, 0x1F, 0xCF, 0x1F, 0x10, 0x1F,
    0xB7, 0x1F, 0xEF, 0x1E, 0x0F, 0x0A, 0x0D, 0x55, 0x38, 0x38, 0x30, 0x2D, 0x53, 0x6F, 0x66, 0x74,
    0x77, 0x61, 0x72, 0x65, 0x6D, 0x6F, 0x6E, 0x69, 0x74, 0x6F, 0x72, 0x20, 0x56, 0x65, 0x72, 0x73,
    0x69, 0x6F, 0x6E, 0x20, 0x33, 0x2E, 0x30, 0x20, 0x2D, 0x20, 0x50, 0x72, 0x65, 0x73, 0x73, 0x20,
    0x52, 0x45, 0x54, 0x55, 0x52, 0x4E, 0x0A, 0x0D, 0x45, 0x52, 0x52, 0x4F, 0x52, 0x20, 0x33, 0x34,
    0x0A, 0x0D, 0x45, 0x52, 0x52, 0x4F, 0x52, 0x20, 0x33, 0x35, 0x0A, 0x0D, 0xFF, 0xFF, 0xFF, 0xFF,
    0xF3, 0x16, 0x01, 0x06, 0x00, 0x0E, 0x00, 0xED, 0x51, 0x06, 0x10, 0xED, 0x51, 0xC3, 0x4D, 0x00,
    0x18, 0x11, 0x28, 0x43, 0x29, 0x45, 0x41, 0x57, 0xFF, 0xFF, 0xFF, 0x38, 0x38, 0x30, 0x31, 0x20,
    0xFF, 0xFF, 0xFF, 0x3E, 0x80, 0x18, 0x04, 0xFF, 0xFF, 0xFF, 0xFF, 0x32, 0xDD, 0x0E, 0x18, 0x03,
    0xFF, 0xFF, 0xFF, 0x21, 0x89, 0x0E, 0x18, 0x03, 0xFF, 0xFF, 0xFF, 0x06, 0x62, 0xC3, 0x6F, 0x00,
    0xFF, 0xFF, 0xFF, 0xFF, 0xFF, 0xFF, 0xFF, 0xFF, 0x22, 0xA7, 0x0E, 0xE3, 0x2B, 0x33, 0x33, 0xED,
    0x73, 0xBF, 0x0E, 0x31, 0xBF, 0x0E, 0xE5, 0xFD, 0xE5, 0xDD, 0xE5, 0xD9, 0x08, 0xE5, 0xD5, 0xC5,
    0xF5, 0xD9, 0x08, 0xD5, 0xC5, 0xF5, 0xED, 0x57, 0xF5, 0xAF, 0x31, 0x00, 0x0D, 0xCD, 0xC9, 0x02,
    0x21, 0xA4, 0x00, 0xE5, 0xED, 0x4D, 0x22, 0xA7, 0x0E, 0x21, 0x3F, 0x00, 0xE3, 0xED, 0x45, 0x36,
    0x00, 0x23, 0x10, 0xFB, 0x3E, 0x10, 0x32, 0xF0, 0x0E, 0x3E, 0xE0, 0x32, 0xEE, 0x0E, 0x32, 0xEF,
    0x0E, 0x21, 0x27, 0x07, 0x11, 0x22, 0x0F, 0x01, 0x06, 0x00, 0xED, 0xB0, 0x21, 0x40, 0x07, 0x0E,
    0x0F, 0x06, 0x05, 0xED, 0xB3, 0x3E, 0x80, 0xD3, 0x0E, 0x21, 0xC5, 0x0B, 0x11, 0xBF, 0x0F, 0x01,
    0x0F, 0x00, 0xED, 0xB0, 0x31, 0x00, 0x0D, 0x3E, 0x0F, 0xED, 0x47, 0xED, 0x5E, 0xFB, 0xEA, 0x8B,
    0x01, 0xEB, 0x06, 0x0A, 0x36, 0xFF, 0x23, 0x10, 0xFB, 0x06, 0x04, 0x36, 0x00, 0x23, 0x10, 0xFB,
    0x36, 0xFB, 0x23, 0x36, 0xC3, 0x21, 0x00, 0x0D, 0x22, 0xBF, 0x0E, 0x21, 0x2E, 0x0A, 0x22, 0x1A,
    0x0F, 0x21, 0x81, 0x0A, 0x22, 0x02, 0x0F, 0x21, 0xBB, 0x0A, 0x22, 0x1C, 0x0F, 0x3E, 0x05, 0x32,
    0xEB, 0x0E, 0x01, 0x0A, 0x00, 0x21, 0xEF, 0x00, 0x11, 0x72, 0x0E, 0xED, 0xB0, 0x18, 0x0A, 0x79,
    0x00, 0x00, 0x00, 0x00, 0xCF, 0x05, 0xCF, 0xAB, 0x87, 0x21, 0x04, 0x0D, 0x22, 0xBD, 0x0F, 0xCD,
    0xF1, 0x04, 0xFE, 0x0D, 0xC2, 0xCF, 0x01, 0x3A, 0xEB, 0x0E, 0x32, 0xF1, 0x0E, 0xFD, 0x21, 0x89,
    0x0E, 0x21, 0x00, 0x0C, 0x22, 0x8B, 0x0E, 0x21, 0x8A, 0x00, 0x22, 0x8D, 0x0E, 0x3E, 0x80, 0x32,
    0xDD, 0x0E, 0x21, 0x00, 0x00, 0x22, 0xE5, 0x0E, 0x22, 0xE9, 0x0E, 0x22, 0xE7, 0x0E, 0x22, 0x94,
    0x0E, 0xFD, 0x36, 0x01, 0x0A, 0xCD, 0xD1, 0x07, 0xFD, 0x7E, 0x0A, 0xFE, 0x80, 0xCA, 0x64, 0x01,
    0xFE, 0xC2, 0x28, 0x09, 0x21, 0xEB, 0x0E, 0x34, 0x7E, 0xFE, 0x08, 0x38, 0xC0, 0x3A, 0xF1, 0x0E,
    0x32, 0xEB, 0x0E, 0x31, 0x00, 0x0D, 0x3E, 0x3E, 0x32, 0xC1, 0x0F, 0x21, 0x78, 0x0B, 0xCD, 0x23,
    0x06, 0xC3, 0xF9, 0x00, 0x21, 0xD2, 0x0B, 0x11, 0x80, 0x0C, 0x01, 0x08, 0x00, 0x1A, 0xED, 0xA1,
    0x20, 0x0D, 0x13, 0xEA, 0x6D, 0x01, 0x2A, 0x7E, 0x0C, 0x22, 0xEB, 0x0E, 0xC3, 0x00, 0x0C, 0x31,
    0x00, 0x0D, 0x21, 0x2D, 0x07, 0xCD, 0x23, 0x06, 0xC3, 0xF9, 0x00, 0x3E, 0xFB, 0x32, 0xDC, 0x0F,
    0x3A, 0xA9, 0x0E, 0xE6, 0x04, 0xCD, 0xF2, 0x02, 0x3A, 0xC4, 0x0F, 0xCB, 0x7F, 0x28, 0x04, 0x2A,
    0xC5, 0x0F, 0xE9, 0x3A, 0xD7, 0x0F, 0xA7, 0x20, 0x14, 0xCD, 0xCA, 0x04, 0x3A, 0xE4, 0x0E, 0x2A,
    0xE2, 0x0E, 0x77, 0x21, 0xDC, 0x0E, 0x35, 0xC2, 0x8A, 0x02, 0xC3, 0x3E, 0x02, 0x21, 0x71, 0x0B,
    0xCD, 0x23, 0x06, 0x2A, 0xBD, 0x0E, 0xCD, 0x73, 0x05, 0xCD, 0xEE, 0x05, 0xCD, 0xF1, 0x04, 0x21,
    0x3E, 0x02, 0xE5, 0xFE, 0x0D, 0x21, 0xD7, 0x0F, 0x20, 0x06, 0xA6, 0x20, 0x58, 0xC3, 0x85, 0x02,
    0x36, 0xFF, 0x2A, 0xBB, 0x0F, 0xCB, 0xAF, 0xFE, 0x46, 0xCA, 0xA6, 0x03, 0xFE, 0x47, 0xCA, 0xC6,
    0x03, 0xFE, 0x4D, 0xCA, 0xF6, 0x03, 0xFE, 0x44, 0xCA, 0x26, 0x03, 0xFE, 0x50, 0xCA, 0xFC, 0x02,
    0xFE, 0x4F, 0x20, 0x04, 0xE1, 0xC3, 0x0D, 0x01, 0xFE, 0x52, 0xCA, 0x1B, 0x04, 0xFE, 0x51, 0x20,
    0x0E, 0xCD, 0x15, 0x05, 0x21, 0xC4, 0x0F, 0xCB, 0x6E, 0x28, 0x1A, 0x2A, 0xB5, 0x0F, 0xE9, 0xFE,
    0x53, 0xCA, 0x0D, 0x01, 0xFE, 0x42, 0xCA, 0xC9, 0x02, 0xFE, 0x4E, 0x28, 0x50, 0xFE, 0x58, 0x28,
    0x20, 0xFE, 0x54, 0x28, 0x2F, 0x31, 0x00, 0x0D, 0x21, 0x84, 0x0B, 0xCD, 0x23, 0x06, 0x3E, 0x3E,
    0x32, 0xC1, 0x0F, 0x21, 0xC4, 0x0F, 0xCB, 0x76, 0xCB, 0xB6, 0xCA, 0xCC, 0x01, 0x2A, 0xB5, 0x0F,
    0xE9, 0xCD, 0x15, 0x05, 0xCB, 0xAF, 0xFE, 0x52, 0xF5, 0x3E, 0x01, 0x0E, 0x00, 0x06, 0xD0, 0xED,
    0x79, 0xC3, 0x00, 0xDB, 0x3E, 0x20, 0xCD, 0x45, 0x07, 0xCD, 0x45, 0x07, 0xDB, 0x27, 0xCB, 0x57,
    0x28, 0xFA, 0x3E, 0x01, 0x0E, 0x00, 0x06, 0xC0, 0xED, 0x79, 0xC3, 0xF0, 0xCE, 0xCD, 0xA0, 0x04,
    0xCD, 0x33, 0x05, 0x20, 0x02, 0x3E, 0x01, 0x32, 0xDC, 0x0E, 0xF3, 0x97, 0x32, 0xD7, 0x0F, 0x32,
    0xDC, 0x0F, 0xED, 0x5B, 0xBD, 0x0E, 0x1B, 0x21, 0xBA, 0x02, 0x22, 0x04, 0x0F, 0x3E, 0x0F, 0x32,
    0xAA, 0x0E, 0x3E, 0x87, 0xD3, 0x0A, 0x3E, 0x01, 0xD3, 0x0A, 0xEB, 0x22, 0xE2, 0x0E, 0x7E, 0x32,
    0xE4, 0x0E, 0x36, 0xFB, 0x22, 0xBD, 0x0E, 0xC3, 0xD6, 0x03, 0x22, 0xA7, 0x0E, 0xF5, 0x3E, 0x03,
    0xD3, 0x0A, 0xF1, 0x21, 0x3F, 0x00, 0xE3, 0xED, 0x4D, 0xA7, 0xF5, 0x2A, 0xE0, 0x0E, 0xAF, 0xBD,
    0x20, 0x03, 0xBC, 0x28, 0x04, 0x3A, 0xDF, 0x0E, 0x77, 0xF1, 0x3A, 0xDF, 0x0E, 0x21, 0x00, 0x00,
    0x22, 0xE0, 0x0E, 0xC8, 0xCD, 0x1B, 0x06, 0xC8, 0x7E, 0x32, 0xDF, 0x0E, 0x36, 0xFF, 0x22, 0xE0,
    0x0E, 0xC9, 0x21, 0xDC, 0x0F, 0xCB, 0x9E, 0xA7, 0xC8, 0xCB, 0xDE, 0xC9, 0xCD, 0x15, 0x05, 0xFE,
    0x52, 0x28, 0x15, 0xFE, 0x57, 0xC2, 0x35, 0x02, 0xCD, 0x33, 0x05, 0xCA, 0x35, 0x02, 0xE5, 0xCD,
    0x33, 0x05, 0xC1, 0x28, 0xF6, 0xED, 0x79, 0xC9, 0xCD, 0x33, 0x05, 0xE5, 0xC1, 0xED, 0x78, 0xCD,
    0x83, 0x05, 0xCD, 0xEE, 0x05, 0xC9, 0xCD, 0x1B, 0x06, 0xE5, 0xCD, 0x33, 0x05, 0x28, 0x4D, 0x44,
    0x4D, 0xE1, 0xD9, 0x21, 0x04, 0x0D, 0x11, 0x05, 0x0D, 0x01, 0x49, 0x00, 0x36, 0x20, 0xED, 0xB0,
    0x06, 0x10, 0x21, 0x39, 0x0D, 0x36, 0x2A, 0x23, 0xD9, 0xCD, 0x94, 0x04, 0x7E, 0xD9, 0x77, 0xFE,
    0x20, 0x38, 0x04, 0xFE, 0x7F, 0x38, 0x02, 0x36, 0x2E, 0x23, 0x36, 0x2A, 0xD9, 0xCD, 0x83, 0x05,
    0xED, 0xA1, 0xEA, 0x6D, 0x03, 0xD9, 0x23, 0x22, 0xBD, 0x0F, 0xC3, 0xEE, 0x05, 0xD9, 0x10, 0x09,
    0x23, 0x22, 0xBD, 0x0F, 0xCD, 0xEE, 0x05, 0x18, 0xBA, 0xD9, 0x18, 0xD0, 0xE1, 0xE5, 0xCD, 0x94,
    0x04, 0x7E, 0xCD, 0x83, 0x05, 0xCD, 0x03, 0x06, 0x3E, 0x3A, 0xCD, 0x45, 0x07, 0xCD, 0xD0, 0x05,
    0x28, 0x06, 0xE1, 0x77, 0xE5, 0xCD, 0x0F, 0x05, 0xE1, 0xFE, 0x51, 0xC8, 0xFE, 0x5E, 0x20, 0x03,
    0x2B, 0x18, 0xDA, 0x23, 0x18, 0xD7, 0xCD, 0x1B, 0x06, 0x28, 0x04, 0xE5, 0xCD, 0x1B, 0x06, 0xCA,
    0x35, 0x02, 0xE5, 0xCD, 0x33, 0x05, 0x7D, 0xA7, 0xE1, 0xD1, 0x12, 0xED, 0x52, 0xC8, 0x44, 0x4D,
    0x62, 0x6B, 0x13, 0xED, 0xB0, 0xC9, 0xCD, 0x15, 0x05, 0xFE, 0x45, 0xCA, 0x0D, 0x01, 0xCD, 0x33,
    0x05, 0x28, 0x03, 0x22, 0xBD, 0x0E, 0x31, 0xAB, 0x0E, 0xF1, 0xC1, 0xD1, 0x08, 0xD9, 0xF1, 0xC1,
    0xD1, 0xE1, 0xDD, 0xE1, 0xFD, 0xE1, 0xD9, 0x08, 0xE1, 0x22, 0xDE, 0x0F, 0x2A, 0xA7, 0x0E, 0xED,
    0x7B, 0xBF, 0x0E, 0xC3, 0xDC, 0x0F, 0xCD, 0x1B, 0x06, 0xE5, 0xCD, 0x1B, 0x06, 0xE5, 0xCD, 0x33,
    0x05, 0xCA, 0x35, 0x02, 0x44, 0x4D, 0xD1, 0xE1, 0xE5, 0xA7, 0xED, 0x52, 0xE1, 0x38, 0x03, 0xED,
    0xB0, 0xC9, 0x09, 0x2B, 0xEB, 0x09, 0x2B, 0xEB, 0xED, 0xB8, 0xC9, 0xCD, 0x1A, 0x05, 0x3E, 0x0D,
    0x56, 0xBA, 0x28, 0x69, 0x23, 0x5E, 0xBB, 0x20, 0x02, 0x1E, 0x20, 0xCD, 0xAD, 0x05, 0x2B, 0x2B,
    0xC2, 0x35, 0x02, 0x11, 0x04, 0x0D, 0xED, 0xA0, 0xED, 0xA0, 0xE5, 0xEB, 0x36, 0x20, 0x23, 0x22,
    0xBD, 0x0F, 0xDD, 0x5E, 0x00, 0x16, 0x0E, 0x3E, 0xB8, 0x93, 0x38, 0x21, 0x1A, 0xCD, 0x83, 0x05,
    0xCD, 0x03, 0x06, 0x3E, 0x3A, 0xCD, 0x45, 0x07, 0xCD, 0xD0, 0x05, 0x28, 0x04, 0x12, 0xCD, 0x0F,
    0x05, 0xFE, 0x51, 0xE1, 0xC8, 0xDD, 0x23, 0x3E, 0xAF, 0x95, 0x30, 0xC7, 0xC9, 0x1A, 0x6F, 0x13,
    0x1A, 0x67, 0xD5, 0xCD, 0x73, 0x05, 0xCD, 0x03, 0x06, 0x3E, 0x3A, 0xCD, 0x45, 0x07, 0xCD, 0xD0,
    0x05, 0xD1, 0x28, 0xDD, 0xEB, 0x72, 0x2B, 0x73, 0xCD, 0x0F, 0x05, 0x18, 0xD4, 0xCD, 0xA0, 0x04,
    0xCD, 0xCA, 0x04, 0xC9, 0xE5, 0x11, 0x00, 0x00, 0xA7, 0xED, 0x52, 0xCD, 0x73, 0x05, 0xE1, 0xC9,
    0x11, 0x04, 0x0D, 0x21, 0x86, 0x0B, 0x06, 0x11, 0x3E, 0x20, 0x0E, 0xFF, 0xED, 0xA0, 0xED, 0xA0,
    0x12, 0x13, 0x10, 0xF6, 0x06, 0x04, 0x0E, 0xFF, 0x12, 0x13, 0xED, 0xA0, 0xED, 0xA0, 0x12, 0x13,
    0x12, 0x13, 0x10, 0xF2, 0xED, 0x53, 0xBD, 0x0F, 0x18, 0x24, 0x06, 0x11, 0xDD, 0x21, 0xB0, 0x0B,
    0x16, 0x0E, 0xDD, 0x5E, 0x00, 0x1A, 0xCD, 0x83, 0x05, 0xDD, 0x23, 0x10, 0xF5, 0x06, 0x04, 0xDD,
    0x5E, 0x00, 0xEB, 0x5E, 0x23, 0x56, 0xEB, 0xCD, 0x73, 0x05, 0xDD, 0x23, 0x10, 0xF1, 0xC3, 0xEE,
    0x05, 0xFD, 0x21, 0xCE, 0x0E, 0x21, 0x8A, 0x0D, 0x22, 0xD0, 0x0E, 0x22, 0xBB, 0x0F, 0x21, 0xFF,
    0x00, 0x22, 0xD2, 0x0E, 0xFD, 0x36, 0x01, 0x0C, 0xCD, 0x37, 0x06, 0x3A, 0x8A, 0x0D, 0xC9, 0xCD,
    0x1A, 0x05, 0xCB, 0xAF, 0xC9, 0x23, 0x7E, 0xCB, 0xAF, 0xC9, 0x2A, 0xBB, 0x0F, 0x7E, 0xFE, 0x20,
    0x20, 0x0A, 0x23, 0x7E, 0xFE, 0x20, 0x28, 0xFA, 0x22, 0xBB, 0x0F, 0xC9, 0xFE, 0x0D, 0x28, 0xF8,
    0x23, 0x18, 0xEA, 0x21, 0x00, 0x00, 0xE5, 0x39, 0xEB, 0xCD, 0x1A, 0x05, 0xFE, 0x0D, 0xEB, 0x20,
    0x03, 0xE1, 0x7D, 0xC9, 0xFE, 0x30, 0xDA, 0x35, 0x02, 0xFE, 0x40, 0x38, 0x02, 0xCB, 0xAF, 0xCD,
    0x61, 0x05, 0xED, 0x6F, 0x23, 0xED, 0x6F, 0x2B, 0x13, 0x1A, 0xFE, 0x30, 0x30, 0xEB, 0xE1, 0x7D,
    0xC9, 0xFE, 0x3A, 0x38, 0x0B, 0xFE, 0x41, 0x38, 0xDD, 0xFE, 0x47, 0xD2, 0x35, 0x02, 0xD6, 0x07,
    0xE6, 0x0F, 0xC9, 0xD5, 0x7C, 0xCD, 0x83, 0x05, 0xED, 0x5B, 0xBD, 0x0F, 0x1B, 0xED, 0x53, 0xBD,
    0x0F, 0xD1, 0x7D, 0xE5, 0x2A, 0xBD, 0x0F, 0xCD, 0x93, 0x05, 0x23, 0x36, 0x20, 0x23, 0x22, 0xBD,
    0x0F, 0xE1, 0xC9, 0xF5, 0x1F, 0x1F, 0x1F, 0x1F, 0xCD, 0xA1, 0x05, 0x23, 0xF1, 0xCD, 0xA1, 0x05,
    0xC9, 0xE6, 0x0F, 0xFE, 0x0A, 0x38, 0x02, 0xC6, 0x07, 0xC6, 0x30, 0x77, 0xC9, 0xDD, 0x21, 0xB0,
    0x0B, 0x7A, 0x01, 0x2A, 0x00, 0x21, 0x86, 0x0B, 0xED, 0xA1, 0x28, 0x07, 0xED, 0xA1, 0xE0, 0xDD,
    0x23, 0x18, 0xF5, 0x7B, 0xFE, 0x2F, 0x38, 0x02, 0xCB, 0xAF, 0xED, 0xA1, 0xC8, 0x7A, 0x18, 0xEE,
    0x3E, 0x20, 0x32, 0xC1, 0x0F, 0xCD, 0xF1, 0x04, 0xCB, 0xAF, 0xFE, 0x51, 0xC8, 0xFE, 0x5E, 0xC8,
    0x21, 0x89, 0x0D, 0x36, 0x20, 0x22, 0xBB, 0x0F, 0xD5, 0xCD, 0x33, 0x05, 0xD1, 0xC9, 0x3E, 0x85,
    0xE5, 0x2A, 0xBD, 0x0F, 0x36, 0x0D, 0x21, 0x04, 0x0D, 0x22, 0xBD, 0x0F, 0x2B, 0x77, 0xCD, 0x23,
    0x06, 0xE1, 0xC9, 0xE5, 0xD5, 0x2A, 0xBD, 0x0F, 0x11, 0x04, 0x0D, 0xED, 0x53, 0xBD, 0x0F, 0xA7,
    0xED, 0x52, 0xEB, 0x2B, 0x73, 0xCD, 0x23, 0x06, 0xD1, 0xE1, 0xC9, 0xCD, 0x33, 0x05, 0x11, 0x00,
    0x00, 0x19, 0xC9, 0xFD, 0x21, 0xC3, 0x0E, 0x7E, 0x23, 0x22, 0xC5, 0x0E, 0xFD, 0x77, 0x04, 0xFD,
    0x36, 0x05, 0x00, 0xFD, 0x36, 0x01, 0x10, 0xD5, 0xC5, 0xFD, 0x7E, 0x01, 0xCB, 0x87, 0xFE, 0x0A,
    0x30, 0x23, 0xFD, 0x36, 0x0A, 0x80, 0xC1, 0xD1, 0xFD, 0xCB, 0x0A, 0x76, 0x28, 0x0B, 0xFD, 0x66,
    0x09, 0xFD, 0x6E, 0x08, 0x7C, 0xB5, 0x28, 0x01, 0xE9, 0xFD, 0xCB, 0x01, 0x46, 0xC8, 0xFD, 0x66,
    0x07, 0xFD, 0x6E, 0x06, 0xE9, 0xFE, 0x11, 0x38, 0x06, 0xFD, 0x36, 0x0A, 0xC1, 0x18, 0xD7, 0x67,
    0xFD, 0x7E, 0x04, 0xFD, 0xB6, 0x05, 0x28, 0xCA, 0x7C, 0xFD, 0x66, 0x03, 0xFD, 0x6E, 0x02, 0xFD,
    0x46, 0x05, 0xFD, 0x4E, 0x04, 0xFE, 0x0E, 0x38, 0x41, 0x28, 0x34, 0x7E, 0xCD, 0x45, 0x07, 0x23,
    0x0B, 0xFE, 0x0D, 0x28, 0x14, 0x79, 0xB0, 0x20, 0xF2, 0xFD, 0x66, 0x05, 0xFD, 0x6E, 0x04, 0xED,
    0x42, 0xFD, 0x74, 0x05, 0xFD, 0x75, 0x04, 0x18, 0x99, 0xC5, 0x3E, 0x0A, 0xCD, 0x45, 0x07, 0x3A,
    0xBF, 0x0F, 0xA7, 0x28, 0x07, 0x47, 0x97, 0xCD, 0x45, 0x07, 0x10, 0xFB, 0xC1, 0x18, 0xDA, 0x7E,
    0xCD, 0x45, 0x07, 0xED, 0xA1, 0xEA, 0xBF, 0x06, 0x18, 0xCF, 0xFE, 0x0A, 0x20, 0x0D, 0xCD, 0x57,
    0x07, 0x28, 0xFB, 0x77, 0xED, 0xA1, 0xEA, 0xCE, 0x06, 0x18, 0xBE, 0x3A, 0xC1, 0x0F, 0xCD, 0x45,
    0x07, 0xE5, 0xCD, 0x1C, 0x07, 0x77, 0xE5, 0x67, 0x3A, 0xC3, 0x0F, 0xBC, 0x20, 0x0D, 0xE1, 0x2B,
    0x03, 0xD1, 0xE5, 0xED, 0x52, 0xE1, 0xD5, 0x30, 0xE9, 0x18, 0x07, 0x3A, 0xC2, 0x0F, 0xBC, 0x20,
    0x0B, 0xE1, 0xE1, 0xE5, 0xFD, 0x46, 0x05, 0xFD, 0x4E, 0x04, 0x18, 0xD6, 0x7C, 0xE1, 0x23, 0x0B,
    0xD1, 0xFE, 0x0D, 0x28, 0x94, 0x79, 0xB0, 0x28, 0x80, 0xD5, 0x18, 0xC6, 0xCD, 0x57, 0x07, 0x28,
    0xFB, 0xCB, 0xBF, 0xCD, 0x45, 0x07, 0xC9, 0xC2, 0x07, 0x8A, 0x07, 0xC2, 0x07, 0x12, 0x49, 0x4E,
    0x53, 0x45, 0x52, 0x54, 0x20, 0x53, 0x59, 0x53, 0x54, 0x45, 0x4D, 0x44, 0x49, 0x53, 0x4B, 0x0D,
    0x12, 0xCF, 0x7F, 0x37, 0xFE, 0xF5, 0x3A, 0xF0, 0x0E, 0xCB, 0x77, 0x20, 0xF9, 0xDB, 0x27, 0xCB,
    0x57, 0x28, 0xFA, 0xF1, 0xD3, 0x26, 0xC9, 0xCD, 0x5F, 0x07, 0xC8, 0xCD, 0x6D, 0x07, 0xC9, 0xE5,
    0xC5, 0x21, 0xEE, 0x0E, 0x47, 0x3A, 0xEF, 0x0E, 0xBE, 0x78, 0xC1, 0xE1, 0xC9, 0xE5, 0x3A, 0xEF,
    0x0E, 0xCD, 0x7B, 0x07, 0xA7, 0x32, 0xEF, 0x0E, 0x7E, 0xE1, 0xC9, 0xD5, 0x16, 0x00, 0x5F, 0x21,
    0x00, 0x0F, 0x3C, 0x20, 0x02, 0x3E, 0xE0, 0x19, 0xD1, 0xC9, 0xF5, 0xE5, 0xDB, 0x26, 0x21, 0xF0,
    0x0E, 0xCB, 0x46, 0x20, 0x0C, 0xFE, 0x13, 0x28, 0x1D, 0xFE, 0x11, 0x28, 0x1D, 0xFE, 0x1B, 0x28,
    0x1D, 0xF5, 0x3A, 0xEE, 0x0E, 0xCD, 0x7B, 0x07, 0x32, 0xEE, 0x0E, 0xF1, 0x77, 0x3E, 0x20, 0xD3,
    0x27, 0xE1, 0xF1, 0xFB, 0xED, 0x4D, 0xCB, 0xF6, 0x18, 0xF3, 0xCB, 0xB6, 0x18, 0xEF, 0xCB, 0xA6,
    0x18, 0xEB, 0xF5, 0x3E, 0x01, 0xD3, 0x27, 0xDB, 0x27, 0x3E, 0x30, 0xD3, 0x27, 0xDB, 0x26, 0x18,
    0xE1, 0x2A, 0xC7, 0x0F, 0x7C, 0xB5, 0x20, 0xF9, 0xFD, 0x22, 0xC7, 0x0F, 0xCD, 0xF0, 0x07, 0xFD,
    0xCB, 0x01, 0x46, 0xC0, 0xFD, 0xCB, 0x0A, 0x7E, 0x18, 0xF9, 0xE1, 0x22, 0x9A, 0x0E, 0xFB, 0xC9,
    0xFD, 0x7E, 0x01, 0xE6, 0xFE, 0xFE, 0x0A, 0x28, 0x28, 0xFE, 0x0E, 0x28, 0x24, 0xFE, 0x50, 0x28,
    0x20, 0x3E, 0xC1, 0xCD, 0xE1, 0x09, 0xFD, 0x66, 0x09, 0xFD, 0x6E, 0x08, 0x7C, 0xB5, 0x28, 0x01,
    0xE9, 0xFD, 0xCB, 0x01, 0x46, 0xC8, 0xFD, 0x66, 0x07, 0xFD, 0x6E, 0x06, 0xE9, 0x3E, 0xC2, 0x18,
    0xE2, 0xFD, 0x4E, 0x0B, 0x79, 0x17, 0x38, 0xF5, 0x21, 0xEB, 0x0E, 0xCB, 0x71, 0x28, 0x01, 0x23,
    0x7E, 0xCB, 0x69, 0x28, 0x04, 0x0F, 0x0F, 0x0F, 0x0F, 0xE6, 0x0F, 0x28, 0xE0, 0xFE, 0x08, 0x30,
    0xDC, 0x21, 0x88, 0x0E, 0xBE, 0x28, 0x2F, 0x77, 0x21, 0x24, 0x0B, 0x11, 0x0B, 0x00, 0x47, 0x18,
    0x01, 0x19, 0x10, 0xFD, 0x0E, 0x02, 0x11, 0x65, 0x0E, 0xED, 0xB0, 0x13, 0x13, 0x0E, 0x08, 0xED,
    0xB0, 0xF3, 0xDB, 0x1C, 0xCB, 0xE7, 0xCB, 0x4E, 0x28, 0x02, 0xCB, 0xA7, 0xD3, 0x1C, 0xED, 0xA0,
    0x01, 0x03, 0x03, 0xCD, 0xF8, 0x09, 0x21, 0x02, 0x02, 0x22, 0xCC, 0x0F, 0x3E, 0x0A, 0x32, 0xCB,
    0x0F, 0xAF, 0xFD, 0x77, 0x0A, 0xFD, 0x7E, 0x0C, 0x32, 0xED, 0x0E, 0x21, 0x70, 0x0E, 0xBE, 0x3E,
    0xC5, 0x30, 0x22, 0xFD, 0x7E, 0x0B, 0x4F, 0xE6, 0x60, 0x07, 0x07, 0x07, 0x47, 0x79, 0x0E, 0x00,
    0xE6, 0x1F, 0x21, 0x6A, 0x0E, 0xBE, 0x38, 0x13, 0x96, 0xBE, 0x30, 0x07, 0x21, 0x71, 0x0E, 0xCB,
    0x7E, 0x20, 0x05, 0x3E, 0xC4, 0xC3, 0x03, 0x08, 0xCB, 0xD0, 0x0C, 0x3C, 0x32, 0x68, 0x0E, 0x79,
    0x32, 0x67, 0x0E, 0x78, 0x32, 0x65, 0x0E, 0xE6, 0x03, 0xCD, 0xC3, 0x0A, 0xCA, 0x1D, 0x08, 0x21,
    0xCE, 0x0F, 0x19, 0x7E, 0x3C, 0x72, 0x20, 0x12, 0x01, 0x07, 0x02, 0xCD, 0xF8, 0x09, 0xCD, 0xEA,
    0x07, 0x01, 0x07, 0x02, 0xCD, 0xF8, 0x09, 0xCD, 0xEA, 0x07, 0x3A, 0xED, 0x0E, 0x21, 0x71, 0x0E,
    0xCB, 0x46, 0x28, 0x01, 0x87, 0x32, 0x66, 0x0E, 0x2A, 0x6D, 0x0E, 0xF3, 0x0E, 0x1E, 0xED, 0x40,
    0xCB, 0xA8, 0xCB, 0xB0, 0xBD, 0x38, 0x07, 0xCB, 0xE8, 0xBC, 0x38, 0x02, 0xCB, 0xF0, 0xED, 0x41,
    0x01, 0x0F, 0x03, 0xCD, 0xF8, 0x09, 0xCD, 0xEA, 0x07, 0x3A, 0xED, 0x0E, 0x32, 0x66, 0x0E, 0xFD,
    0x66, 0x03, 0xFD, 0x6E, 0x02, 0x22, 0x73, 0x0E, 0xFD, 0x66, 0x05, 0xFD, 0x6E, 0x04, 0x7C, 0xB5,
    0xCA, 0xDF, 0x09, 0x2B, 0x22, 0x75, 0x0E, 0x06, 0x09, 0x3A, 0x71, 0x0E, 0xE6, 0xF0, 0xF6, 0x05,
    0x4F, 0xFD, 0xCB, 0x01, 0x56, 0x20, 0x2B, 0xFD, 0xCB, 0x01, 0x66, 0x28, 0x1A, 0x2A, 0x69, 0x0E,
    0x22, 0x66, 0x0E, 0x2A, 0x6F, 0x0E, 0x26, 0xE5, 0x22, 0x68, 0x0E, 0x7C, 0x32, 0x88, 0x0E, 0x06,
    0x06, 0xCB, 0xD9, 0xCB, 0xB9, 0x18, 0x0B, 0x0C, 0x3E, 0x01, 0x32, 0x78, 0x0E, 0x3E, 0x7D, 0x32,
    0x72, 0x0E, 0xC5, 0x21, 0x72, 0x0E, 0x01, 0x3C, 0x0A, 0xED, 0xB3, 0x3E, 0x05, 0x32, 0x78, 0x0E,
    0x3E, 0x79, 0x32, 0x72, 0x0E, 0xC1, 0xCD, 0xF8, 0x09, 0xCD, 0xEA, 0x07, 0xCD, 0x12, 0x0A, 0xE6,
    0xC0, 0x28, 0x4C, 0x3A, 0x7D, 0x0E, 0xCB, 0x4F, 0x20, 0x41, 0xE6, 0x30, 0x20, 0x19, 0x3A, 0x7E,
    0x0E, 0xCB, 0x6F, 0x20, 0x12, 0xE6, 0x12, 0x20, 0x20, 0x2A, 0xE7, 0x0E, 0x23, 0x22, 0xE7, 0x0E,
    0x21, 0xCC, 0x0F, 0x3E, 0xC4, 0x18, 0x0C, 0x2A, 0xE5, 0x0E, 0x23, 0x22, 0xE5, 0x0E, 0x21, 0xCB,
    0x0F, 0x3E, 0xC6, 0x35, 0xC2, 0x19, 0x09, 0x18, 0x18, 0x2A, 0xE9, 0x0E, 0x23, 0x22, 0xE9, 0x0E,
    0x21, 0xCD, 0x0F, 0x35, 0xC2, 0xD8, 0x08, 0x3E, 0xC5, 0x18, 0x06, 0x3E, 0xC3, 0x18, 0x02, 0x3E,
    0x80, 0xFD, 0x77, 0x0A, 0xE6, 0x40, 0x28, 0x07, 0xAF, 0xFD, 0x77, 0x04, 0xFD, 0x77, 0x05, 0x67,
    0x6F, 0x22, 0xC7, 0x0F, 0x32, 0x87, 0x0E, 0xC9, 0xF3, 0xE5, 0x21, 0x64, 0x0E, 0x71, 0x0E, 0x21,
    0xDB, 0x20, 0xE6, 0xC0, 0xFE, 0x80, 0x20, 0xF8, 0xED, 0xA3, 0xE5, 0xE1, 0xE5, 0xE1, 0x20, 0xEE,
    0xE1, 0xC9, 0x21, 0x7C, 0x0E, 0x0E, 0x21, 0xDB, 0x20, 0x2F, 0xE6, 0xC0, 0x20, 0xF9, 0xED, 0xA2,
    0x06, 0x06, 0x10, 0xFE, 0xDB, 0x20, 0xCB, 0x67, 0x20, 0xED, 0x3A, 0x7C, 0x0E, 0xC9, 0xE5, 0xF5,
    0xC5, 0xFD, 0xE5, 0xFD, 0x2A, 0xC7, 0x0F, 0xDB, 0x20, 0xCB, 0x67, 0x20, 0x0F, 0x01, 0x08, 0x01,
    0xCD, 0xF8, 0x09, 0xCD, 0x12, 0x0A, 0xE6, 0xE0, 0xFE, 0xC0, 0x28, 0x0E, 0x21, 0x54, 0x0A, 0xE5,
    0x2A, 0x9A, 0x0E, 0xE9, 0xFD, 0xCB, 0x0A, 0x7E, 0x20, 0x04, 0xFD, 0xE1, 0x18, 0x57, 0xFD, 0xCB,
    0x0A, 0x76, 0x28, 0x0A, 0xFD, 0x66, 0x09, 0xFD, 0x6E, 0x08, 0x7C, 0xB5, 0x20, 0x0C, 0xFD, 0xCB,
    0x01, 0x46, 0x28, 0xE6, 0xFD, 0x66, 0x07, 0xFD, 0x6E, 0x06, 0xFD, 0xE1, 0xC1, 0xF1, 0xE3, 0x18,
    0x37, 0xE5, 0xF5, 0xC5, 0x0E, 0x01, 0x21, 0x83, 0x0E, 0x3A, 0x87, 0x0E, 0xA1, 0x20, 0x1F, 0xDB,
    0x1C, 0x47, 0xA1, 0x20, 0x19, 0x35, 0x20, 0x16, 0x78, 0xB1, 0x47, 0x2F, 0xE6, 0x0F, 0x20, 0x06,
    0x3E, 0x03, 0xD3, 0x09, 0xCB, 0xA8, 0x78, 0xD3, 0x1C, 0xDB, 0x1E, 0xB1, 0xD3, 0x1E, 0x23, 0xCB,
    0x21, 0xCB, 0x61, 0x28, 0xD4, 0xC1, 0xF1, 0xE1, 0xFB, 0xED, 0x4D, 0xF5, 0x3E, 0xA3, 0xD3, 0x3C,
    0xF1, 0x18, 0xF5, 0x5F, 0x16, 0x00, 0x3C, 0x06, 0x7F, 0xCB, 0x00, 0x3D, 0x20, 0xFB, 0x78, 0x2F,
    0x32, 0x87, 0x0E, 0x21, 0xDD, 0x0E, 0xA6, 0x20, 0x05, 0xCB, 0x7E, 0xCB, 0xBE, 0xC8, 0xAE, 0x77,
    0xE5, 0x21, 0x83, 0x0E, 0x19, 0x36, 0x64, 0xF3, 0xDB, 0x1E, 0xF6, 0x0F, 0xA0, 0xD3, 0x1E, 0xDB,
    0x1C, 0xA0, 0xCB, 0xEF, 0xD3, 0x1C, 0x3E, 0xA5, 0xD3, 0x09, 0x3E, 0xFF, 0xD3, 0x09, 0x21, 0x00,
    0x15, 0x01, 0x04, 0x02, 0xCD, 0xF8, 0x09, 0xE5, 0xCD, 0x12, 0x0A, 0xE1, 0xFB, 0xCB, 0x6F, 0x20,
    0x05, 0x2B, 0x7C, 0xB5, 0x20, 0xEB, 0xE1, 0xC8, 0x3A, 0x87, 0x0E, 0xB6, 0x77, 0xC9, 0xFF, 0xFF,
    0xFF, 0xFF, 0xFF, 0xFF, 0x6F, 0x28, 0x00, 0x1A, 0x07, 0x80, 0xFF, 0xFF, 0x1B, 0x4D, 0x02, 0x9F,
    0x14, 0x01, 0x10, 0x22, 0xFF, 0x14, 0x1D, 0x32, 0x28, 0x40, 0xBF, 0x12, 0x01, 0x10, 0x22, 0xFF,
    0x23, 0xFF, 0x32, 0x28, 0x41, 0xBF, 0x12, 0x01, 0x10, 0x22, 0xFF, 0x23, 0xFF, 0x32, 0x50, 0x40,
    0xBF, 0x12, 0x01, 0x10, 0x22, 0xFF, 0xFF, 0xFF, 0x32, 0x50, 0xC0, 0xEF, 0x08, 0x02, 0x09, 0x1B,
    0xFF, 0xFF, 0xFF, 0x54, 0x50, 0xC0, 0xEF, 0x08, 0x03, 0x05, 0x35, 0xFF, 0xFF, 0xFF, 0x74, 0x50,
    0xC0, 0x06, 0x42, 0x52, 0x45, 0x41, 0x4B, 0x20, 0x0B, 0x44, 0x49, 0x53, 0x4B, 0x20, 0x45, 0x52,
    0x52, 0x4F, 0x52, 0x0D, 0x01, 0x3F, 0x41, 0x20, 0x42, 0x20, 0x43, 0x20, 0x44, 0x20, 0x45, 0x20,
    0x46, 0x20, 0x48, 0x20, 0x4C, 0x20, 0x49, 0x20, 0x41, 0x27, 0x42, 0x27, 0x43, 0x27, 0x44, 0x27,
    0x45, 0x27, 0x46, 0x27, 0x48, 0x27, 0x4C, 0x27, 0x49, 0x58, 0x49, 0x59, 0x50, 0x43, 0x53, 0x50,
    0xAC, 0xAE, 0xAD, 0xB0, 0xAF, 0xAB, 0xA8, 0xA7, 0xAA, 0xB2, 0xB4, 0xB3, 0xB6, 0xB5, 0xB1, 0xB8,
    0xB7, 0xB9, 0xBB, 0xBD, 0xBF, 0x00, 0x01, 0x3E, 0x7F, 0x08, 0x00, 0x00, 0x00, 0x00, 0x00, 0x0A,
    0x03, 0x03, 0x50, 0x38, 0x30, 0x30, 0x30, 0x53, 0x59, 0x53, 0xFF, 0xFF, 0xFF, 0xFF, 0xFF, 0xC3,
    0x93, 0x05, 0xC3, 0xC3, 0x0A, 0xC3, 0x5F, 0x07, 0xC3, 0x57, 0x07, 0xC3, 0x45, 0x07, 0xC3, 0x37,
    0x06, 0xC3, 0x23, 0x06, 0xC3, 0x1A, 0x05, 0xC3, 0xCC, 0x01, 0xC3, 0x3E, 0x02, 0xC3, 0xD1, 0x07,
    0x01, 0xCA, 0x03, 0x11, 0x00, 0xF0, 0x21, 0x00, 0xDB, 0xED, 0xB0, 0xC3, 0x0E, 0xF0, 0x01, 0x00,
    0xD0, 0x3E, 0x04, 0xED, 0x79, 0xF1, 0x20, 0x11, 0x00, 0x00, 0x00, 0x00, 0x00, 0x00, 0x00, 0x00,
    0x00, 0x00, 0x00, 0xAF, 0xD3, 0x0E, 0xC3, 0xFA, 0x0B, 0xF3, 0x21, 0xC9, 0xF1, 0x22, 0x12, 0x0F,
    0x21, 0x20, 0x0F, 0x11, 0xCA, 0xF3, 0x01, 0x20, 0x00, 0xED, 0xB0, 0xDB, 0x0E, 0xF5, 0x21, 0xEA,
    0xF3, 0x36, 0x00, 0x11, 0xEB, 0xF3, 0x01, 0xDA, 0x01, 0xED, 0xB0, 0xDB, 0x0C, 0x3E, 0x83, 0xD3,
    0x0F, 0xF1, 0xCB, 0x7F, 0x28, 0x5A, 0x00, 0x00, 0x00, 0x00, 0x00, 0x00, 0x00, 0xAF, 0xD3, 0x0E,
    0x21, 0xFF, 0xFF, 0xDB, 0x0E, 0xCB, 0x77, 0x20, 0x0A, 0x2B, 0x7C, 0xB5, 0x20, 0xF5, 0x21, 0x59,
    0xF3, 0x18, 0x37, 0x0E, 0x2A, 0x3E, 0xAA, 0xCD, 0x96, 0xF1, 0x28, 0x2B, 0x0E, 0x0A, 0xCD, 0xB2,
    0xF1, 0x20, 0x24, 0xDB, 0x0C, 0xFE, 0xAA, 0x20, 0x1E, 0x3E, 0x55, 0x4F, 0xCD, 0x96, 0xF1, 0x28,
    0x16, 0x0E, 0x15, 0xCD, 0xB2, 0xF1, 0x20, 0x0F, 0xDB, 0x0C, 0xFE, 0x55, 0x20, 0x09, 0x3E, 0x01,
    0x0E, 0x00, 0xCD, 0x96, 0xF1, 0x20, 0x11, 0x21, 0x73, 0xF3, 0xFB, 0xCD, 0xF1, 0x0B, 0x18, 0x26,
    0xFB, 0x21, 0x93, 0xF3, 0xCD, 0xF1, 0x0B, 0xF3, 0x21, 0xAA, 0xF3, 0x11, 0x20, 0x0F, 0x01, 0x20,
    0x00, 0xED, 0xB0, 0xFB, 0xCD, 0x09, 0xF1, 0x21, 0xC3, 0xF5, 0x7E, 0xB7, 0x28, 0xF6, 0xCB, 0x47,
    0x20, 0x0A, 0xCB, 0x7F, 0x28, 0xEE, 0x3E, 0x80, 0xD3, 0x0E, 0x18, 0x11, 0xCD, 0x90, 0xF1, 0x06,
    0x80, 0x10, 0xFE, 0x21, 0x91, 0xF3, 0xCD, 0xF1, 0x0B, 0x06, 0x0A, 0x10, 0xFE, 0xF3, 0x3E, 0x11,
    0xD3, 0x27, 0x3E, 0x1C, 0xD3, 0x27, 0x21, 0xCA, 0xF3, 0x11, 0x20, 0x0F, 0x01, 0x20, 0x00, 0xED,
    0xB0, 0x3E, 0x03, 0xD3, 0x0F, 0xFB, 0xC3, 0xFA, 0x0B, 0xDD, 0x21, 0xEA, 0xF3, 0x0E, 0x83, 0xCD,
    0x2A, 0xF1, 0xDD, 0x21, 0x60, 0xF4, 0x0E, 0x85, 0xCD, 0x2A, 0xF1, 0xDD, 0x21, 0xD6, 0xF4, 0x0E,
    0x87, 0xCD, 0x2A, 0xF1, 0xDD, 0x21, 0x4C, 0xF5, 0x0E, 0x89, 0xF3, 0xDD, 0xCB, 0x73, 0x4E, 0xDD,
    0xCB, 0x73, 0x8E, 0x28, 0x04, 0xCB, 0xF1, 0x18, 0x30, 0xDD, 0x7E, 0x71, 0xDD, 0xBE, 0x72, 0x28,
    0x09, 0xCD, 0x94, 0xF2, 0xDD, 0x77, 0x71, 0x7E, 0x18, 0x22, 0xDD, 0xCB, 0x73, 0x56, 0xDD, 0xCB,
    0x73, 0x96, 0x28, 0x09, 0x79, 0xF6, 0x60, 0x4F, 0xDD, 0x7E, 0x75, 0x18, 0x0F, 0xDD, 0xCB, 0x73,
    0x46, 0xDD, 0xCB, 0x73, 0x86, 0x28, 0x1E, 0xCB, 0xE9, 0xDD, 0x7E, 0x74, 0xF3, 0x47, 0xD3, 0x10,
    0xAF, 0xD3, 0x14, 0x79, 0xD3, 0x14, 0xFB, 0x00, 0xF3, 0xDB, 0x0E, 0xCB, 0x77, 0x28, 0xF7, 0x3A,
    0xC2, 0xF5, 0xB7, 0x20, 0x02, 0xFB, 0xC9, 0xAF, 0x32, 0xC2, 0xF5, 0xCB, 0x81, 0x78, 0x18, 0xDC,
    0x3E, 0x06, 0x0E, 0x91, 0x18, 0xD6, 0x21, 0xFF, 0xFF, 0x47, 0xDB, 0x0E, 0xCB, 0x77, 0x28, 0x0C,
    0x78, 0xD3, 0x10, 0xAF, 0xD3, 0x14, 0x79, 0xF6, 0x80, 0xD3, 0x14, 0xC9, 0x2B, 0x7C, 0xB5, 0x20,
    0xE9, 0xC9, 0x21, 0xFF, 0xFF, 0xDB, 0x0E, 0xCB, 0x6F, 0x28, 0x07, 0xE6, 0x1F, 0xB9, 0xC8, 0xF6,
    0xFF, 0xC9, 0x2B, 0x7C, 0xB5, 0x20, 0xEE, 0x18, 0xF6, 0xF5, 0xC5, 0xD5, 0xE5, 0xDD, 0xE5, 0xDB,
    0x0E, 0xCB, 0x6F, 0x28, 0x4F, 0xE6, 0x16, 0xCB, 0x67, 0x20, 0x52, 0x47, 0xDB, 0x0C, 0x4F, 0x78,
    0xFE, 0x02, 0x28, 0x22, 0xFE, 0x04, 0x20, 0x3C, 0xDB, 0x0E, 0xCB, 0x6F, 0x28, 0xFA, 0x47, 0xDB,
    0x0C, 0xED, 0x79, 0x78, 0xE6, 0x16, 0x28, 0x2C, 0xFE, 0x04, 0x28, 0xEC, 0xDB, 0x0E, 0xCB, 0x6F,
    0x28, 0xFA, 0xE6, 0x16, 0x18, 0xD5, 0xED, 0x78, 0x47, 0xDB, 0x0E, 0xCB, 0x77, 0x20, 0x05, 0x3E,
    0xFF, 0x32, 0xC2, 0xF5, 0x78, 0xD3, 0x10, 0xAF, 0xD3, 0x14, 0xF6, 0x80, 0xD3, 0x14, 0xDB, 0x0E,
    0xCB, 0x77, 0x28, 0xFA, 0xDD, 0xE1, 0xE1, 0xD1, 0xC1, 0xF1, 0xFB, 0xED, 0x4D, 0x21, 0xC3, 0xF5,
    0xFE, 0x16, 0x28, 0x04, 0xDB, 0x0C, 0x18, 0xEC, 0xDB, 0x0C, 0xFE, 0x52, 0x20, 0x04, 0xCB, 0xFE,
    0x18, 0xE2, 0xFE, 0x51, 0x20, 0xDE, 0xCB, 0xC6, 0x18, 0xDA, 0xC5, 0xDD, 0xE5, 0x0E, 0x25, 0xDD,
    0x21, 0xEA, 0xF3, 0x18, 0x1F, 0xC5, 0xDD, 0xE5, 0x0E, 0x27, 0xDD, 0x21, 0x60, 0xF4, 0x18, 0x14,
    0xC5, 0xDD, 0xE5, 0x0E, 0x29, 0xDD, 0x21, 0xD6, 0xF4, 0x18, 0x09, 0xC5, 0xDD, 0xE5, 0x0E, 0x2B,
    0xDD, 0x21, 0x4C, 0xF5, 0xF5, 0xE5, 0xD5, 0x0D, 0xED, 0x40, 0xDD, 0x7E, 0x72, 0xCD, 0x94, 0xF2,
    0xDD, 0x77, 0x72, 0x70, 0x0C, 0xED, 0x78, 0xCB, 0x47, 0x20, 0xEC, 0xD1, 0xE1, 0xF1, 0xDD, 0xE1,
    0xC1, 0xFB, 0xED, 0x4D, 0x16, 0x00, 0x5F, 0xDD, 0xE5, 0xE1, 0x3C, 0xFE, 0x70, 0x20, 0x01, 0xAF,
    0x19, 0xC9, 0xC5, 0xDD, 0xE5, 0x0E, 0x27, 0xDD, 0x21, 0x60, 0xF4, 0x18, 0x1F, 0xC5, 0xDD, 0xE5,
    0x0E, 0x25, 0xDD, 0x21, 0xEA, 0xF3, 0x18, 0x14, 0xC5, 0xDD, 0xE5, 0x0E, 0x2B, 0xDD, 0x21, 0x4C,
    0xF5, 0x18, 0x09, 0xC5, 0xDD, 0xE5, 0x0E, 0x29, 0xDD, 0x21, 0xD6, 0xF4, 0xF5, 0x3E, 0x28, 0xED,
    0x79, 0xED, 0x78, 0xDD, 0x77, 0x74, 0xDD, 0xCB, 0x73, 0xC6, 0x18, 0x76, 0xC5, 0xDD, 0xE5, 0x0E,
    0x27, 0xDD, 0x21, 0x60, 0xF4, 0x18, 0x1F, 0xC5, 0xDD, 0xE5, 0x0E, 0x25, 0xDD, 0x21, 0xEA, 0xF3,
    0x18, 0x14, 0xC5, 0xDD, 0xE5, 0x0E, 0x2B, 0xDD, 0x21, 0x4C, 0xF5, 0x18, 0x09, 0xC5, 0xDD, 0xE5,
    0x0E, 0x29, 0xDD, 0x21, 0xD6, 0xF4, 0xF5, 0xED, 0x78, 0xDD, 0x77, 0x74, 0x3E, 0x10, 0xED, 0x79,
    0xDD, 0xCB, 0x73, 0xCE, 0x18, 0x3C, 0xC5, 0xDD, 0xE5, 0x0E, 0x27, 0xDD, 0x21, 0x60, 0xF4, 0x18,
    0x1F, 0xC5, 0xDD, 0xE5, 0x0E, 0x25, 0xDD, 0x21, 0xEA, 0xF3, 0x18, 0x14, 0xC5, 0xDD, 0xE5, 0x0E,
    0x2B, 0xDD, 0x21, 0x4C, 0xF5, 0x18, 0x09, 0xC5, 0xDD, 0xE5, 0x0E, 0x29, 0xDD, 0x21, 0xD6, 0xF4,
    0xF5, 0x3E, 0x01, 0xED, 0x79, 0xED, 0x78, 0xDD, 0x77, 0x75, 0x3E, 0x30, 0xED, 0x79, 0xDD, 0xCB,
    0x73, 0xD6, 0xF1, 0xDD, 0xE1, 0xC1, 0xFB, 0xED, 0x4D, 0x19, 0x55, 0x38, 0x30, 0x30, 0x30, 0x2D,
    0x55, 0x6E, 0x69, 0x74, 0x20, 0x64, 0x6F, 0x65, 0x73, 0x20, 0x6E, 0x6F, 0x74, 0x20, 0x77, 0x6F,
    0x72, 0x6B, 0x0D, 0x1D, 0x48, 0x61, 0x72, 0x64, 0x77, 0x61, 0x72, 0x65, 0x20, 0x45, 0x72, 0x72,
    0x6F, 0x72, 0x20, 0x69, 0x6E, 0x20, 0x43, 0x6F, 0x6E, 0x6E, 0x65, 0x63, 0x74, 0x69, 0x6F, 0x6E,
    0x0D, 0x01, 0x08, 0x16, 0x55, 0x38, 0x30, 0x30, 0x30, 0x2D, 0x53, 0x6F, 0x66, 0x74, 0x77, 0x61,
    0x72, 0x65, 0x6D, 0x6F, 0x6E, 0x69, 0x74, 0x6F, 0x72, 0x0D, 0xA2, 0xF2, 0xDC, 0xF2, 0x55, 0xF2,
    0x16, 0xF3, 0xAD, 0xF2, 0xE7, 0xF2, 0x4A, 0xF2, 0x21, 0xF3, 0xB8, 0xF2, 0xF2, 0xF2, 0x6B, 0xF2,
    0x2C, 0xF3, 0xC3, 0xF2, 0xFD, 0xF2, 0x60, 0xF2, 0x37, 0xF3, 0xFF, 0xFF, 0xFF, 0xFF, 0xFF, 0xFF,
    0xFF, 0xFF, 0xFF, 0xFF, 0xFF, 0xFF, 0xFF, 0xFF, 0xFF, 0xFF, 0xFF, 0xFF, 0xFF, 0xFF, 0xFF, 0xFF,
    0xFF, 0xFF, 0xFF, 0xFF, 0xFF, 0xFF, 0xFF, 0xFF, 0xFF, 0xFF, 0xFF, 0xFF, 0xFF, 0xFF, 0xFF, 0xFF,
    0xFF, 0xFF, 0xFF, 0xFF, 0xFF, 0xFF, 0xFF, 0xFF, 0xFF, 0xFF, 0xFF, 0xFF, 0xFF, 0xFF, 0xFF, 0xFF,
    0xFF, 0xFF, 0xFF, 0xFF, 0xFF, 0xFF, 0xFF, 0xFF, 0xFF, 0xFF, 0xFF, 0xFF, 0xFF, 0xFF, 0xFF, 0xFF,
    0xFF, 0xFF, 0xFF, 0xFF, 0xFF, 0xFF, 0xFF, 0xFF, 0xFF, 0xFF, 0xFF, 0xFF, 0xFF, 0xFF, 0xFF, 0xFF,
    0xFF, 0xFF, 0xFF, 0xFF, 0xFF, 0xFF, 0xFF, 0xFF, 0xFF, 0xFF, 0xFF, 0xFF, 0xFF, 0xFF, 0xFF, 0xFF,
    0xFF, 0xFF, 0xFF, 0xFF, 0xFF, 0xFF, 0xFF, 0xFF, 0xFF, 0xFF, 0xFF, 0xFF, 0xFF, 0xFF, 0xFF, 0xFF,
    0xFF, 0xFF, 0xFF, 0xFF, 0xFF, 0xFF, 0xFF, 0xFF, 0xFF, 0xFF, 0xFF, 0xFF, 0xFF, 0xFF, 0xFF, 0xFF,
    0xFF, 0xFF, 0xFF, 0xFF, 0xFF, 0xFF, 0xFF, 0xFF, 0xFF, 0xFF, 0xFF, 0xFF, 0xFF, 0xFF, 0xFF, 0xFF,
    0xFF, 0xFF, 0xFF, 0xFF, 0xFF, 0xFF, 0xFF, 0xFF, 0xFF, 0xFF, 0xFF, 0xFF, 0xFF, 0xFF, 0xFF, 0xFF,
    0xFF, 0xFF, 0xFF, 0xFF, 0xFF, 0xFF, 0xFF, 0xFF, 0xFF, 0xFF, 0xFF, 0xFF, 0xFF, 0xFF, 0xFF, 0xFF,
    0xFF, 0xFF, 0xFF, 0xFF, 0xFF, 0xFF, 0xFF, 0xFF, 0xFF, 0xFF, 0xFF, 0xFF, 0xFF, 0xFF, 0xFF, 0xFF,
    0xFF, 0xFF, 0xFF, 0xFF, 0xFF, 0xFF, 0xFF, 0xFF, 0xFF, 0xFF, 0xFF, 0xFF, 0xFF, 0xFF, 0xFF, 0xFF,
    0xFF, 0xFF, 0xFF, 0xFF, 0xFF, 0xFF, 0xFF, 0xFF, 0xFF, 0xFF, 0xFF, 0xFF, 0xFF, 0xFF, 0xFF, 0xFF,
    0xFF, 0xFF, 0xFF, 0xFF, 0xFF, 0xFF, 0xFF, 0xFF, 0xFF, 0xFF, 0xFF, 0xFF, 0xFF, 0xFF, 0xFF, 0xFF,
    0xFF, 0xFF, 0xFF, 0xFF, 0xFF, 0xFF, 0xFF, 0xFF, 0xFF, 0xFF, 0xFF, 0xFF, 0xFF, 0xFF, 0xFF, 0xFF,
    0xFF, 0xFF, 0xFF, 0xFF, 0xFF, 0xFF, 0xFF, 0xFF, 0xFF, 0xFF, 0xFF, 0xFF, 0xFF, 0xFF, 0xFF, 0xFF,
    0xFF, 0xFF, 0xFF, 0xFF, 0xFF, 0xFF, 0xFF, 0xFF, 0xFF, 0xFF, 0xFF, 0xFF, 0xFF, 0xFF, 0xFF, 0xFF,
    0xFF, 0xFF, 0xFF, 0xFF, 0xFF, 0xFF, 0xFF, 0xFF, 0xF9, 0x5B, 0x06, 0xA4, 0x0C, 0x71, 0xF3, 0x8E,
};
// Generated from: doc/p8000/eproms/8BIT/MON8_1_3.1 + doc/p8000/eproms/8BIT/MON8_2_3.1
// Size: 8192 bytes
static constexpr uint8_t P8K_MON8_3_1[8192] = {
    0x18, 0x0D, 0x28, 0x43, 0x29, 0x4B, 0x45, 0x41, 0x57, 0x5F, 0x30, 0x31, 0x2F, 0x38, 0x39, 0x06,
    0x00, 0x0E, 0x00, 0x0D, 0x20, 0xFD, 0x05, 0x20, 0xF8, 0x3E, 0xCF, 0xD3, 0x1D, 0x3E, 0x80, 0xD3,
    0x1D, 0x3E, 0x03, 0xD3, 0x1D, 0xDB, 0x1C, 0xCB, 0x7F, 0xCA, 0x5F, 0x0D, 0xAF, 0xED, 0x47, 0x0E,
    0x00, 0x11, 0x10, 0x00, 0xAF, 0x47, 0xED, 0x51, 0xC6, 0x10, 0x1D, 0x20, 0xF8, 0x16, 0x01, 0x06,
    0x00, 0xED, 0x51, 0xDB, 0x04, 0x16, 0x01, 0x06, 0x10, 0xED, 0x51, 0x18, 0x17, 0x26, 0x00, 0x0E,
    0x00, 0xD9, 0x3E, 0x0F, 0xD3, 0x19, 0x3E, 0x03, 0xD3, 0x19, 0x0E, 0x26, 0x06, 0x2B, 0x21, 0x7E,
    0x0C, 0xC3, 0x0B, 0x01, 0x18, 0x03, 0xC3, 0x00, 0x40, 0x3E, 0x0F, 0xD3, 0x19, 0x3E, 0x03, 0xD3,
    0x19, 0x3E, 0xAA, 0xD3, 0x18, 0x0E, 0x00, 0xDB, 0x1C, 0xDB, 0x18, 0xFE, 0xAA, 0x28, 0x03, 0x67,
    0x0E, 0x01, 0x3E, 0x55, 0xD3, 0x18, 0xDB, 0x1C, 0xDB, 0x18, 0xFE, 0x55, 0x28, 0x03, 0x6F, 0xCB,
    0xC9, 0x3E, 0xFF, 0xD3, 0x18, 0x3E, 0x07, 0xD3, 0x2D, 0x3E, 0xAA, 0xD3, 0x2D, 0x16, 0x05, 0x15,
    0x20, 0xFD, 0xDB, 0x2D, 0xFE, 0xAA, 0x38, 0x03, 0x57, 0xCB, 0xD1, 0x3E, 0x03, 0xD3, 0x2D, 0xDB,
    0x2D, 0xFE, 0xAA, 0x28, 0x03, 0x5F, 0xCB, 0xD9, 0x3E, 0x38, 0xD3, 0x27, 0x3E, 0x10, 0xD3, 0x27,
    0x3E, 0x11, 0xD3, 0x27, 0xAF, 0xD3, 0x27, 0x3E, 0x12, 0xD3, 0x27, 0x3E, 0x50, 0xD3, 0x27, 0x3E,
    0x12, 0xD3, 0x27, 0xDB, 0x27, 0xFE, 0x50, 0x28, 0x04, 0xED, 0x47, 0xCB, 0xE1, 0x3E, 0x12, 0xD3,
    0x27, 0x3E, 0x20, 0xD3, 0x27, 0x3E, 0x12, 0xD3, 0x27, 0xDB, 0x27, 0xFE, 0x20, 0x28, 0x03, 0x47,
    0xCB, 0xE9, 0xD9, 0x3E, 0x57, 0xD3, 0x2D, 0x3E, 0x02, 0xD3, 0x2D, 0x21, 0x02, 0x0C, 0x06, 0x08,
    0x0E, 0x27, 0xED, 0xB3, 0x0E, 0x26, 0x06, 0x44, 0x21, 0x65, 0x0C, 0xED, 0xA3, 0x04, 0xDB, 0x27,
    0xCB, 0x57, 0x28, 0xFA, 0x0E, 0x02, 0x16, 0x00, 0x15, 0x20, 0xFD, 0x0D, 0x20, 0xF8, 0x0E, 0x26,
    0x10, 0xE9, 0xD9, 0x79, 0xA7, 0x20, 0x2D, 0x21, 0x4F, 0x0D, 0x06, 0x10, 0x7E, 0xD3, 0x26, 0xDB,
    0x27, 0xCB, 0x57, 0x28, 0xFA, 0x23, 0x16, 0x00, 0x15, 0x20, 0xFD, 0x10, 0xEF, 0xD9, 0x26, 0x00,
    0xD9, 0x3E, 0x10, 0xD3, 0x18, 0x3E, 0x15, 0xD3, 0x18, 0x3E, 0x16, 0xD3, 0x18, 0x3E, 0x20, 0xD3,
    0x18, 0xC3, 0x3E, 0x03, 0xD9, 0x1E, 0x10, 0xDD, 0x21, 0x5E, 0x01, 0xC3, 0x19, 0x04, 0xD9, 0xCB,
    0x41, 0x28, 0x46, 0xD9, 0x0E, 0x26, 0x06, 0x19, 0x21, 0xB9, 0x0C, 0xED, 0xA3, 0x04, 0xDB, 0x27,
    0xCB, 0x57, 0x28, 0xFA, 0x16, 0xFF, 0x15, 0x20, 0xFD, 0x10, 0xF0, 0xD9, 0x7C, 0xE6, 0xF0, 0x0F,
    0x0F, 0x0F, 0x0F, 0xFE, 0x0A, 0x38, 0x02, 0xC6, 0x07, 0xC6, 0x30, 0xD3, 0x26, 0xDB, 0x27, 0xCB,
    0x57, 0x28, 0xFA, 0x7C, 0xE6, 0x0F, 0xFE, 0x0A, 0x38, 0x02, 0xC6, 0x07, 0xC6, 0x30, 0xD3, 0x26,
    0xDB, 0x27, 0xCB, 0x57, 0x28, 0xFA, 0x26, 0xFF, 0xD9, 0xCB, 0x49, 0x28, 0x46, 0xD9, 0x0E, 0x26,
    0x06, 0x19, 0x21, 0xD2, 0x0C, 0xED, 0xA3, 0x04, 0xDB, 0x27, 0xCB, 0x57, 0x28, 0xFA, 0x16, 0xFF,
    0x15, 0x20, 0xFD, 0x10, 0xF0, 0xD9, 0x7D, 0xE6, 0xF0, 0x0F, 0x0F, 0x0F, 0x0F, 0xFE, 0x0A, 0x38,
    0x02, 0xC6, 0x07, 0xC6, 0x30, 0xD3, 0x26, 0xDB, 0x27, 0xCB, 0x57, 0x28, 0xFA, 0x7D, 0xE6, 0x0F,
    0xFE, 0x0A, 0x38, 0x02, 0xC6, 0x07, 0xC6, 0x30, 0xD3, 0x26, 0xDB, 0x27, 0xCB, 0x57, 0x28, 0xFA,
    0x26, 0xFF, 0xD9, 0xD9, 0x1E, 0x15, 0xDD, 0x21, 0xFD, 0x01, 0xC3, 0x19, 0x04, 0xD9, 0xCB, 0x51,
    0x28, 0x46, 0xD9, 0x0E, 0x26, 0x06, 0x19, 0x21, 0xEB, 0x0C, 0xED, 0xA3, 0x04, 0xDB, 0x27, 0xCB,
    0x57, 0x28, 0xFA, 0x16, 0xFF, 0x15, 0x20, 0xFD, 0x10, 0xF0, 0xD9, 0x7A, 0xE6, 0xF0, 0x0F, 0x0F,
    0x0F, 0x0F, 0xFE, 0x0A, 0x38, 0x02, 0xC6, 0x07, 0xC6, 0x30, 0xD3, 0x26, 0xDB, 0x27, 0xCB, 0x57,
    0x28, 0xFA, 0x7A, 0xE6, 0x0F, 0xFE, 0x0A, 0x38, 0x02, 0xC6, 0x07, 0xC6, 0x30, 0xD3, 0x26, 0xDB,
    0x27, 0xCB, 0x57, 0x28, 0xFA, 0x26, 0xFF, 0xD9, 0xD9, 0x1E, 0x16, 0xDD, 0x21, 0x52, 0x02, 0xC3,
    0x19, 0x04, 0xD9, 0xCB, 0x59, 0x28, 0x46, 0xD9, 0x0E, 0x26, 0x06, 0x19, 0x21, 0x04, 0x0D, 0xED,
    0xA3, 0x04, 0xDB, 0x27, 0xCB, 0x57, 0x28, 0xFA, 0x16, 0xFF, 0x15, 0x20, 0xFD, 0x10, 0xF0, 0xD9,
    0x7B, 0xE6, 0xF0, 0x0F, 0x0F, 0x0F, 0x0F, 0xFE, 0x0A, 0x38, 0x02, 0xC6, 0x07, 0xC6, 0x30, 0xD3,
    0x26, 0xDB, 0x27, 0xCB, 0x57, 0x28, 0xFA, 0x7B, 0xE6, 0x0F, 0xFE, 0x0A, 0x38, 0x02, 0xC6, 0x07,
    0xC6, 0x30, 0xD3, 0x26, 0xDB, 0x27, 0xCB, 0x57, 0x28, 0xFA, 0x26, 0xFF, 0xD9, 0xD9, 0x1E, 0x20,
    0xDD, 0x21, 0xA7, 0x02, 0xC3, 0x19, 0x04, 0xD9, 0xCB, 0x61, 0x28, 0x48, 0xD9, 0x0E, 0x26, 0x06,
    0x19, 0x21, 0x1D, 0x0D, 0xED, 0xA3, 0x04, 0xDB, 0x27, 0xCB, 0x57, 0x28, 0xFA, 0x16, 0xFF, 0x15,
    0x20, 0xFD, 0x10, 0xF0, 0xD9, 0xED, 0x57, 0xE6, 0xF0, 0x0F, 0x0F, 0x0F, 0x0F, 0xFE, 0x0A, 0x38,
    0x02, 0xC6, 0x07, 0xC6, 0x30, 0xD3, 0x26, 0xDB, 0x27, 0xCB, 0x57, 0x28, 0xFA, 0xED, 0x57, 0xE6,
    0x0F, 0xFE, 0x0A, 0x38, 0x02, 0xC6, 0x07, 0xC6, 0x30, 0xD3, 0x26, 0xDB, 0x27, 0xCB, 0x57, 0x28,
    0xFA, 0x26, 0xFF, 0xD9, 0xCB, 0x69, 0x28, 0x46, 0xD9, 0x0E, 0x26, 0x06, 0x19, 0x21, 0x36, 0x0D,
    0xED, 0xA3, 0x04, 0xDB, 0x27, 0xCB, 0x57, 0x28, 0xFA, 0x16, 0xFF, 0x15, 0x20, 0xFD, 0x10, 0xF0,
    0xD9, 0x78, 0xE6, 0xF0, 0x0F, 0x0F, 0x0F, 0x0F, 0xFE, 0x0A, 0x38, 0x02, 0xC6, 0x07, 0xC6, 0x30,
    0xD3, 0x26, 0xDB, 0x27, 0xCB, 0x57, 0x28, 0xFA, 0x78, 0xE6, 0x0F, 0xFE, 0x0A, 0x38, 0x02, 0xC6,
    0x07, 0xC6, 0x30, 0xD3, 0x26, 0xDB, 0x27, 0xCB, 0x57, 0x28, 0xFA, 0x26, 0xFF, 0xD9, 0xD9, 0x1E,
    0x00, 0xDD, 0x21, 0x48, 0x03, 0xC3, 0x19, 0x04, 0xD9, 0xDD, 0x21, 0x9B, 0x03, 0x21, 0x00, 0x00,
    0x01, 0x00, 0x10, 0x11, 0xFF, 0xFF, 0x7E, 0xAA, 0x57, 0x0F, 0x0F, 0x0F, 0x0F, 0xE6, 0x0F, 0xAA,
    0x57, 0x0F, 0x0F, 0x0F, 0xED, 0x47, 0xE6, 0x1F, 0xAB, 0x5F, 0xED, 0x57, 0xED, 0x47, 0x0F, 0xE6,
    0xF0, 0xAB, 0x5F, 0xED, 0x57, 0xE6, 0xE0, 0xAA, 0x53, 0x5F, 0x23, 0x0B, 0x78, 0xB1, 0x20, 0xD6,
    0x2A, 0xF8, 0x1F, 0x7A, 0xBC, 0xC2, 0x5E, 0x04, 0x7B, 0xBD, 0xC2, 0x5E, 0x04, 0x2A, 0xFA, 0x1F,
    0x19, 0x3E, 0xFF, 0xBC, 0xC2, 0x5E, 0x04, 0xBD, 0xC2, 0x5E, 0x04, 0xDD, 0x21, 0xED, 0x03, 0x21,
    0x00, 0x10, 0x01, 0xF8, 0x0F, 0x11, 0xFF, 0xFF, 0x7E, 0xAA, 0x57, 0x0F, 0x0F, 0x0F, 0x0F, 0xE6,
    0x0F, 0xAA, 0x57, 0x0F, 0x0F, 0x0F, 0xED, 0x47, 0xE6, 0x1F, 0xAB, 0x5F, 0xED, 0x57, 0xED, 0x47,
    0x0F, 0xE6, 0xF0, 0xAB, 0x5F, 0xED, 0x57, 0xE6, 0xE0, 0xAA, 0x53, 0x5F, 0x23, 0x0B, 0x78, 0xB1,
    0x20, 0xD6, 0x2A, 0xFC, 0x1F, 0x7A, 0xBC, 0xC2, 0x5E, 0x04, 0x7B, 0xBD, 0xC2, 0x5E, 0x04, 0x2A,
    0xFE, 0x1F, 0x19, 0x3E, 0xFF, 0xBC, 0xC2, 0x5E, 0x04, 0xBD, 0xC2, 0x5E, 0x04, 0xD9, 0x1E, 0x05,
    0xDD, 0x21, 0xF7, 0x03, 0xC3, 0x19, 0x04, 0xD9, 0x16, 0x02, 0x06, 0x20, 0x0E, 0x00, 0xED, 0x51,
    0xAF, 0x21, 0x00, 0x20, 0x11, 0x01, 0x20, 0x01, 0xFF, 0x07, 0x77, 0xED, 0xB0, 0xBE, 0xCA, 0x9E,
    0x05, 0x47, 0x7E, 0xDD, 0x21, 0xA3, 0x05, 0x18, 0x45, 0x06, 0x02, 0x3E, 0x08, 0xD3, 0x26, 0xDB,
    0x27, 0xCB, 0x57, 0x28, 0xFA, 0x16, 0x00, 0x15, 0x20, 0xFD, 0x10, 0xEF, 0x7B, 0xFD, 0x21, 0x34,
    0x04, 0xC3, 0x5F, 0x05, 0xD3, 0x26, 0xFD, 0x21, 0x3D, 0x04, 0xC3, 0x57, 0x05, 0x16, 0x00, 0x15,
    0x20, 0xFD, 0x79, 0xD3, 0x26, 0xFD, 0x21, 0x4C, 0x04, 0xC3, 0x57, 0x05, 0x7B, 0xCB, 0x44, 0x20,
    0x02, 0xD3, 0x18, 0x01, 0x00, 0x00, 0x0D, 0x20, 0xFD, 0x05, 0x20, 0xFA, 0xDD, 0xE9, 0xD9, 0x21,
    0xA9, 0x0C, 0x06, 0x0C, 0x0E, 0x26, 0xED, 0xA3, 0x04, 0xDB, 0x27, 0xCB, 0x57, 0x28, 0xFA, 0x16,
    0x00, 0x15, 0x20, 0xFD, 0x10, 0xF0, 0x7B, 0xFD, 0x21, 0x7E, 0x04, 0xC3, 0x5F, 0x05, 0xD3, 0x26,
    0xFD, 0x21, 0x87, 0x04, 0xC3, 0x57, 0x05, 0x79, 0xD3, 0x26, 0xFD, 0x21, 0x91, 0x04, 0xC3, 0x57,
    0x05, 0x26, 0xFF, 0x7B, 0xED, 0x47, 0xD9, 0x57, 0xED, 0x57, 0xA7, 0xCA, 0x3F, 0x05, 0x3E, 0x20,
    0xD3, 0x26, 0xDB, 0x27, 0xCB, 0x57, 0x28, 0xFA, 0x48, 0x06, 0x02, 0x3E, 0x20, 0xD3, 0x26, 0xDB,
    0x27, 0xCB, 0x57, 0x28, 0xFA, 0x1E, 0x00, 0x1D, 0x20, 0xFD, 0x10, 0xEF, 0x41, 0x7C, 0xFD, 0x21,
    0xC5, 0x04, 0xC3, 0x5F, 0x05, 0xD3, 0x26, 0xFD, 0x21, 0xCE, 0x04, 0xC3, 0x57, 0x05, 0x79, 0xD3,
    0x26, 0xFD, 0x21, 0xD8, 0x04, 0xC3, 0x57, 0x05, 0x7D, 0xFD, 0x21, 0xE0, 0x04, 0xC3, 0x5F, 0x05,
    0xD3, 0x26, 0xFD, 0x21, 0xE9, 0x04, 0xC3, 0x57, 0x05, 0x79, 0xD3, 0x26, 0xFD, 0x21, 0xF3, 0x04,
    0xC3, 0x57, 0x05, 0x3E, 0x20, 0xD3, 0x26, 0xFD, 0x21, 0xFE, 0x04, 0xC3, 0x57, 0x05, 0x78, 0xFD,
    0x21, 0x06, 0x05, 0xC3, 0x5F, 0x05, 0xD3, 0x26, 0xFD, 0x21, 0x0F, 0x05, 0xC3, 0x57, 0x05, 0x79,
    0xD3, 0x26, 0xFD, 0x21, 0x19, 0x05, 0xC3, 0x57, 0x05, 0x3E, 0x20, 0xD3, 0x26, 0xFD, 0x21, 0x24,
    0x05, 0xC3, 0x57, 0x05, 0x7A, 0xFD, 0x21, 0x2C, 0x05, 0xC3, 0x5F, 0x05, 0xD3, 0x26, 0xFD, 0x21,
    0x35, 0x05, 0xC3, 0x57, 0x05, 0x79, 0xD3, 0x26, 0xFD, 0x21, 0x3F, 0x05, 0xC3, 0x57, 0x05, 0x21,
    0xB5, 0x0C, 0x06, 0x04, 0x7E, 0xD3, 0x26, 0xDB, 0x27, 0xCB, 0x57, 0x28, 0xFA, 0x23, 0x16, 0x00,
    0x15, 0x20, 0xFD, 0x10, 0xEF, 0xDD, 0xE9, 0xDB, 0x27, 0xCB, 0x57, 0x28, 0xFA, 0xFD, 0xE9, 0x4F,
    0xE6, 0xF0, 0x0F, 0x0F, 0x0F, 0x0F, 0xFE, 0x0A, 0x38, 0x02, 0xC6, 0x07, 0xC6, 0x30, 0xED, 0x47,
    0x79, 0xE6, 0x0F, 0xFE, 0x0A, 0x38, 0x02, 0xC6, 0x07, 0xC6, 0x30, 0x4F, 0xED, 0x57, 0xFD, 0xE9,
    0x00, 0x88, 0x01, 0x7F, 0x00, 0x88, 0x00, 0x04, 0x88, 0x00, 0x08, 0x00, 0x08, 0x00, 0x10, 0x02,
    0x0E, 0x08, 0x04, 0x88, 0x2D, 0x00, 0x88, 0x00, 0x08, 0x80, 0x00, 0x00, 0xDD, 0xE9, 0xEE, 0xFF,
    0xC2, 0x01, 0x04, 0xD9, 0x1E, 0x06, 0xDD, 0x21, 0xAD, 0x05, 0xC3, 0x19, 0x04, 0xD9, 0xDD, 0x21,
    0xCD, 0x05, 0x21, 0x00, 0x20, 0x11, 0x00, 0x20, 0x0E, 0x08, 0xAF, 0x12, 0x13, 0x3C, 0x20, 0xFB,
    0x47, 0x7E, 0xB8, 0xC2, 0x5E, 0x04, 0x23, 0x04, 0x20, 0xF7, 0x0D, 0x20, 0xED, 0xD9, 0x1E, 0x07,
    0xDD, 0x21, 0xD7, 0x05, 0xC3, 0x19, 0x04, 0xD9, 0x21, 0x00, 0x20, 0x36, 0xFF, 0x11, 0xFF, 0x07,
    0x43, 0x3A, 0xA8, 0x01, 0x7E, 0xB8, 0xC2, 0x5E, 0x04, 0x23, 0xA7, 0x17, 0x77, 0x08, 0x23, 0x1B,
    0x7A, 0xB3, 0x28, 0x03, 0x08, 0x18, 0xF4, 0x21, 0x01, 0x20, 0x11, 0xFE, 0x07, 0x37, 0x43, 0x08,
    0x7E, 0xB8, 0xC2, 0x5E, 0x04, 0x23, 0x1B, 0x7A, 0xB3, 0x28, 0x07, 0x08, 0x78, 0x17, 0x47, 0x08,
    0x18, 0xEE, 0xD9, 0x1E, 0x08, 0xDD, 0x21, 0x1C, 0x06, 0xC3, 0x19, 0x04, 0xD9, 0x11, 0x00, 0x20,
    0x21, 0x80, 0x05, 0x01, 0x1E, 0x00, 0xED, 0xB0, 0xA7, 0xEB, 0x11, 0x1E, 0x00, 0xED, 0x52, 0xDD,
    0x21, 0x34, 0x06, 0xE9, 0x11, 0x00, 0x01, 0x2C, 0x19, 0xEB, 0x7A, 0xFE, 0x28, 0x20, 0xE1, 0x31,
    0x00, 0x28, 0x3E, 0xFF, 0x32, 0x60, 0x23, 0xD9, 0x1E, 0x10, 0xCD, 0xDF, 0x0A, 0xD9, 0x3E, 0x03,
    0x0E, 0x0D, 0xED, 0x79, 0x3E, 0x55, 0xCD, 0xAF, 0x09, 0xC4, 0x11, 0x0B, 0x3E, 0x03, 0x0E, 0x1B,
    0xED, 0x79, 0x3E, 0xF3, 0xCD, 0xAF, 0x09, 0xC4, 0x11, 0x0B, 0x3E, 0x03, 0x0E, 0x1D, 0xED, 0x79,
    0x3E, 0x9F, 0xCD, 0xAF, 0x09, 0xC4, 0x11, 0x0B, 0x3E, 0x03, 0x0E, 0x1F, 0xED, 0x79, 0x3E, 0x6F,
    0xCD, 0xAF, 0x09, 0xC4, 0x11, 0x0B, 0xFB, 0xED, 0x5E, 0x3E, 0x23, 0xED, 0x47, 0x21, 0x23, 0x0C,
    0x11, 0x00, 0x23, 0x01, 0x42, 0x00, 0xED, 0xB0, 0xAF, 0x21, 0x4F, 0x23, 0x06, 0x14, 0x77, 0x23,
    0x10, 0xFC, 0xD9, 0x3E, 0xFF, 0x32, 0x60, 0x23, 0x1E, 0x15, 0xCD, 0xDF, 0x0A, 0xD9, 0x0E, 0x08,
    0x06, 0x40, 0xCD, 0xC2, 0x09, 0xD4, 0x11, 0x0B, 0x0E, 0x09, 0x06, 0x50, 0xCD, 0xC2, 0x09, 0xD4,
    0x11, 0x0B, 0x0E, 0x0A, 0x06, 0x60, 0xCD, 0xC2, 0x09, 0xD4, 0x11, 0x0B, 0x0E, 0x0B, 0x06, 0x70,
    0xCD, 0xC2, 0x09, 0xD4, 0x11, 0x0B, 0x0E, 0x2C, 0x06, 0x80, 0xCD, 0xC2, 0x09, 0xD4, 0x11, 0x0B,
    0x0E, 0x2E, 0x06, 0x90, 0xCD, 0xC2, 0x09, 0xD4, 0x11, 0x0B, 0x0E, 0x2F, 0x06, 0xA0, 0xCD, 0xC2,
    0x09, 0xD4, 0x11, 0x0B, 0xD9, 0x1E, 0x16, 0xCD, 0xDF, 0x0A, 0xD9, 0x06, 0x40, 0x0E, 0x08, 0xED,
    0x78, 0xB8, 0xC4, 0x11, 0x0B, 0x06, 0x50, 0x0E, 0x09, 0xED, 0x78, 0xB8, 0xC4, 0x11, 0x0B, 0x06,
    0x60, 0x0E, 0x0A, 0xED, 0x78, 0xB8, 0xC4, 0x11, 0x0B, 0x06, 0x70, 0x0E, 0x0B, 0xED, 0x78, 0xB8,
    0xC4, 0x11, 0x0B, 0x06, 0x80, 0x0E, 0x2C, 0xED, 0x78, 0xB8, 0xC4, 0x11, 0x0B, 0x06, 0x90, 0x0E,
    0x2E, 0xED, 0x78, 0xB8, 0xC4, 0x11, 0x0B, 0x06, 0xA0, 0x0E, 0x2F, 0xED, 0x78, 0xB8, 0xC4, 0x11,
    0x0B, 0xD9, 0x3E, 0x01, 0x32, 0x60, 0x23, 0x1E, 0x17, 0xCD, 0xDF, 0x0A, 0xD9, 0xAF, 0x0E, 0x08,
    0xD3, 0x08, 0xCD, 0xD6, 0x09, 0xCC, 0x11, 0x0B, 0x0E, 0x09, 0xCD, 0xD6, 0x09, 0xCC, 0x11, 0x0B,
    0x0E, 0x0A, 0xCD, 0xD6, 0x09, 0xCC, 0x11, 0x0B, 0x0E, 0x0B, 0xCD, 0xD6, 0x09, 0xCC, 0x11, 0x0B,
    0x3E, 0x08, 0x0E, 0x2C, 0xED, 0x79, 0xCD, 0xD6, 0x09, 0xCC, 0x11, 0x0B, 0x0E, 0x2E, 0xCD, 0xD6,
    0x09, 0xCC, 0x11, 0x0B, 0x0E, 0x2F, 0xCD, 0xD6, 0x09, 0xCC, 0x11, 0x0B, 0xD9, 0x1E, 0x20, 0x3E,
    0xFF, 0x32, 0x60, 0x23, 0xCD, 0xDF, 0x0A, 0xD9, 0x3E, 0x11, 0xD3, 0x2B, 0xAF, 0xD3, 0x2B, 0x3E,
    0x12, 0xD3, 0x2B, 0x3E, 0x50, 0xD3, 0x2B, 0xDB, 0x2B, 0x3E, 0x12, 0xD3, 0x2B, 0x0E, 0x28, 0x06,
    0x50, 0xDB, 0x2B, 0xB8, 0xC4, 0x11, 0x0B, 0x3E, 0x12, 0xD3, 0x2B, 0x3E, 0x30, 0xD3, 0x2B, 0xDB,
    0x2B, 0x3E, 0x12, 0xD3, 0x2B, 0x0E, 0x28, 0x06, 0x30, 0xDB, 0x2B, 0xB8, 0xC4, 0x11, 0x0B, 0xD9,
    0x3E, 0x01, 0x32, 0x60, 0x23, 0x1E, 0x21, 0xCD, 0xDF, 0x0A, 0xD9, 0x06, 0x2C, 0x1E, 0x25, 0xCD,
    0xCD, 0x0A, 0x3E, 0x11, 0xD3, 0x25, 0xD3, 0x27, 0x3E, 0x06, 0xD3, 0x25, 0xD3, 0x27, 0x0E, 0x24,
    0xCD, 0xEC, 0x09, 0xCC, 0x11, 0x0B, 0x0E, 0x26, 0xCD, 0x01, 0x0A, 0xCC, 0x11, 0x0B, 0x06, 0x2E,
    0x1E, 0x29, 0xCD, 0xCD, 0x0A, 0x06, 0x08, 0x1E, 0x2B, 0xCD, 0xCD, 0x0A, 0x3E, 0x11, 0xD3, 0x29,
    0xD3, 0x2B, 0x3E, 0x06, 0xD3, 0x29, 0xD3, 0x2B, 0x0E, 0x28, 0xCD, 0x1C, 0x0A, 0xCC, 0x11, 0x0B,
    0x0E, 0x2A, 0xCD, 0x31, 0x0A, 0xCC, 0x11, 0x0B, 0xD9, 0x3E, 0xFF, 0x32, 0x60, 0x23, 0x1E, 0x25,
    0xCD, 0xDF, 0x0A, 0xD9, 0xF3, 0xCD, 0xE1, 0x0B, 0x20, 0x36, 0x3E, 0x03, 0xD3, 0x21, 0xCD, 0xE1,
    0x0B, 0x20, 0x2D, 0x3E, 0x1F, 0xD3, 0x21, 0xCD, 0xE1, 0x0B, 0x20, 0x24, 0x3E, 0xFF, 0xD3, 0x21,
    0xCD, 0xE1, 0x0B, 0x20, 0x1B, 0x06, 0xFF, 0x0E, 0x21, 0xED, 0x78, 0xB8, 0xC4, 0x11, 0x0B, 0x3E,
    0xCF, 0xD3, 0x1F, 0x3E, 0x10, 0xD3, 0x1F, 0x3E, 0x03, 0xD3, 0x1F, 0x3E, 0x8F, 0xD3, 0x1E, 0xFB,
    0xD9, 0x1E, 0x26, 0xCD, 0xDF, 0x0A, 0xD9, 0x21, 0x0A, 0x0C, 0x06, 0x16, 0x0E, 0x3C, 0xED, 0xB3,
    0x06, 0x3B, 0xED, 0x78, 0xA0, 0xCC, 0x11, 0x0B, 0x0E, 0x3C, 0x06, 0x00, 0xED, 0x78, 0xB8, 0xC4,
    0x11, 0x0B, 0x0E, 0x3C, 0x06, 0x01, 0xED, 0x78, 0xB8, 0xC4, 0x11, 0x0B, 0xD9, 0x3E, 0x01, 0x32,
    0x60, 0x23, 0x1E, 0x27, 0xCD, 0xDF, 0x0A, 0xD9, 0x21, 0x0A, 0x0C, 0x06, 0x13, 0x0E, 0x3C, 0xED,
    0xB3, 0x21, 0x20, 0x0C, 0x06, 0x03, 0x0E, 0x3C, 0xED, 0xB3, 0xCD, 0xB7, 0x0A, 0x3A, 0x4F, 0x23,
    0xA7, 0xCC, 0x11, 0x0B, 0x3E, 0xC3, 0xD3, 0x3C, 0xD9, 0x3E, 0xFF, 0x32, 0x60, 0x23, 0x1E, 0x30,
    0xCD, 0xDF, 0x0A, 0xD9, 0x11, 0x0D, 0x04, 0x06, 0x30, 0x0E, 0x00, 0x3E, 0x10, 0xED, 0x51, 0x80,
    0x47, 0x1D, 0x20, 0xF7, 0xAF, 0x21, 0x00, 0x30, 0x11, 0x01, 0x30, 0x01, 0xFF, 0xCF, 0x77, 0xED,
    0xB0, 0x7E, 0xB8, 0xC4, 0x99, 0x0B, 0x3E, 0xFF, 0x21, 0x00, 0x30, 0x11, 0x01, 0x30, 0x01, 0xFF,
    0xCF, 0x77, 0xED, 0xB0, 0x47, 0x7E, 0xB8, 0xC4, 0x99, 0x0B, 0xD9, 0x1E, 0x31, 0xCD, 0xDF, 0x0A,
    0xD9, 0x21, 0x00, 0x30, 0x11, 0x01, 0x30, 0xAF, 0x01, 0xFF, 0x00, 0x77, 0xED, 0xB0, 0x23, 0x13,
    0x3C, 0xFE, 0xD0, 0x20, 0xF3, 0x21, 0x00, 0x30, 0x1E, 0x00, 0x7E, 0xB8, 0xC4, 0x99, 0x0B, 0x23,
    0x1D, 0x20, 0xF7, 0x04, 0x78, 0xFE, 0xD0, 0x20, 0xEF, 0xD9, 0x1E, 0x32, 0xCD, 0xDF, 0x0A, 0xD9,
    0x21, 0x00, 0x30, 0x06, 0xFF, 0x36, 0xFF, 0x11, 0xFE, 0xCF, 0x7E, 0xB8, 0xC4, 0x99, 0x0B, 0x23,
    0x17, 0x77, 0x23, 0x1B, 0xF5, 0x7A, 0xB3, 0x28, 0x03, 0xF1, 0x18, 0xF4, 0x21, 0x01, 0x30, 0x11,
    0xFE, 0xCF, 0x7B, 0x37, 0xF5, 0x47, 0x7E, 0xB8, 0xC4, 0x99, 0x0B, 0x23, 0x1B, 0x7A, 0xB3, 0x28,
    0x04, 0xF1, 0x17, 0x18, 0xEF, 0xF1, 0xD9, 0x1E, 0x33, 0xCD, 0xDF, 0x0A, 0xD9, 0x11, 0x00, 0x30,
    0x21, 0x80, 0x05, 0x01, 0x1E, 0x00, 0xED, 0xB0, 0xA7, 0xEB, 0x11, 0x1E, 0x00, 0xED, 0x52, 0xDD,
    0x21, 0x94, 0x09, 0xE9, 0x11, 0x00, 0x01, 0x23, 0x19, 0xEB, 0x7A, 0xA7, 0x20, 0xE2, 0x3E, 0x0D,
    0xCD, 0xDB, 0x0B, 0xCD, 0xD9, 0x0B, 0xCD, 0xD9, 0x0B, 0xCD, 0xD9, 0x0B, 0xC3, 0x79, 0x0D, 0x47,
    0x3E, 0x0F, 0xED, 0x79, 0x3E, 0x03, 0xED, 0x79, 0x0D, 0x78, 0xED, 0x79, 0xDB, 0x18, 0xED, 0x78,
    0xB8, 0xC9, 0x3E, 0x07, 0xED, 0x79, 0x78, 0xED, 0x79, 0xCD, 0xC7, 0x0A, 0xED, 0x78, 0xB8, 0xF5,
    0x3E, 0x03, 0xED, 0x79, 0xF1, 0xC9, 0x3E, 0x87, 0xED, 0x79, 0x06, 0x70, 0x21, 0x80, 0x05, 0x3E,
    0xFF, 0xED, 0x41, 0xCD, 0xC1, 0x0A, 0xCD, 0xC1, 0x0A, 0x7E, 0xA7, 0xC9, 0xAF, 0xED, 0x79, 0xCD,
    0xB7, 0x0A, 0xCD, 0xB7, 0x0A, 0xCD, 0x46, 0x0A, 0x3E, 0x03, 0xD3, 0x2C, 0x3A, 0x5C, 0x23, 0xA7,
    0xC9, 0xAF, 0xED, 0x79, 0xCD, 0xB7, 0x0A, 0xCD, 0xB7, 0x0A, 0x0C, 0x3E, 0x11, 0xED, 0x79, 0xAF,
    0xED, 0x79, 0x3E, 0x38, 0xD3, 0x25, 0x0D, 0x3A, 0x5D, 0x23, 0xA7, 0xC9, 0xAF, 0xED, 0x79, 0xCD,
    0xB7, 0x0A, 0xCD, 0xB7, 0x0A, 0xCD, 0x46, 0x0A, 0x3E, 0x03, 0xD3, 0x2E, 0x3A, 0x5E, 0x23, 0xA7,
    0xC9, 0xAF, 0xED, 0x79, 0xCD, 0xB7, 0x0A, 0xCD, 0xB7, 0x0A, 0xCD, 0x46, 0x0A, 0x3E, 0x03, 0xD3,
    0x08, 0x3A, 0x5E, 0x23, 0xA7, 0xC9, 0x0C, 0x3E, 0x11, 0xED, 0x79, 0xAF, 0xED, 0x79, 0x3E, 0x30,
    0xED, 0x79, 0x3E, 0x38, 0xED, 0x79, 0x3E, 0x18, 0xED, 0x79, 0x0D, 0xC9, 0x21, 0x50, 0x23, 0x77,
    0x3E, 0x03, 0xED, 0x79, 0xFB, 0xED, 0x4D, 0x21, 0x51, 0x23, 0x18, 0xF3, 0x21, 0x52, 0x23, 0x18,
    0xEE, 0x21, 0x53, 0x23, 0x18, 0xE9, 0x21, 0x54, 0x23, 0x18, 0xE4, 0x21, 0x55, 0x23, 0x18, 0xDF,
    0x21, 0x56, 0x23, 0x18, 0xDA, 0xF5, 0x3E, 0xFF, 0x32, 0x5C, 0x23, 0x0C, 0x3E, 0x28, 0xED, 0x79,
    0x0D, 0xF1, 0xFB, 0xED, 0x4D, 0xF5, 0x3E, 0xFF, 0x32, 0x5D, 0x23, 0x18, 0xEE, 0xF5, 0x3E, 0xFF,
    0x32, 0x5E, 0x23, 0x18, 0xE6, 0xF5, 0x3E, 0xFF, 0x32, 0x5F, 0x23, 0x18, 0xDE, 0x3E, 0xA3, 0xD3,
    0x3C, 0x32, 0x4F, 0x23, 0xFB, 0xED, 0x4D, 0x21, 0xFF, 0xFF, 0x2D, 0x20, 0xFD, 0x25, 0x20, 0xFA,
    0xC9, 0x16, 0xFF, 0x15, 0x20, 0xFD, 0xC9, 0x16, 0x06, 0x15, 0x20, 0xFD, 0xC9, 0x48, 0x3E, 0x57,
    0xED, 0x79, 0x3E, 0x02, 0xED, 0x79, 0x21, 0x02, 0x0C, 0x06, 0x08, 0x4B, 0xED, 0xB3, 0xC9, 0x06,
    0x02, 0x3E, 0x08, 0xD3, 0x26, 0xDB, 0x27, 0xCB, 0x57, 0x28, 0xFA, 0xCD, 0xC1, 0x0A, 0x10, 0xF1,
    0x7B, 0xCB, 0x44, 0x20, 0x02, 0xD3, 0x18, 0xCD, 0xBB, 0x0B, 0xD3, 0x26, 0xCD, 0xB4, 0x0B, 0xCD,
    0xC1, 0x0A, 0x79, 0xD3, 0x26, 0xCD, 0xB4, 0x0B, 0x0E, 0x00, 0xCD, 0xC1, 0x0A, 0x0D, 0x20, 0xFA,
    0xC9, 0xF5, 0xC5, 0xD5, 0xE5, 0x57, 0xCD, 0x6C, 0x0B, 0x79, 0xCD, 0xBB, 0x0B, 0xD3, 0x26, 0xCD,
    0xB4, 0x0B, 0x79, 0xD3, 0x26, 0xCD, 0xB4, 0x0B, 0x3A, 0x60, 0x23, 0x3D, 0x28, 0x25, 0x48, 0xCD,
    0xD9, 0x0B, 0x79, 0xCD, 0xBB, 0x0B, 0xD3, 0x26, 0xCD, 0xB4, 0x0B, 0x79, 0xD3, 0x26, 0xCD, 0xB4,
    0x0B, 0xCD, 0xD9, 0x0B, 0x7A, 0xCD, 0xBB, 0x0B, 0xD3, 0x26, 0xCD, 0xB4, 0x0B, 0x79, 0xD3, 0x26,
    0xCD, 0xB4, 0x0B, 0x21, 0xB5, 0x0C, 0x06, 0x04, 0x7E, 0xD3, 0x26, 0xDB, 0x27, 0xCB, 0x57, 0x28,
    0xFA, 0x23, 0xCD, 0xC1, 0x0A, 0x10, 0xF1, 0xE1, 0xD1, 0xC1, 0xF1, 0xC9, 0xD9, 0x21, 0xA9, 0x0C,
    0x0E, 0x26, 0x06, 0x0C, 0x7E, 0xED, 0x79, 0xCD, 0xB4, 0x0B, 0x23, 0x10, 0xF7, 0x7B, 0xCD, 0xBB,
    0x0B, 0xD3, 0x26, 0xCD, 0xB4, 0x0B, 0x79, 0xD3, 0x26, 0xCD, 0xB4, 0x0B, 0xCD, 0xD9, 0x0B, 0xCD,
    0xD9, 0x0B, 0xCD, 0xD9, 0x0B, 0x26, 0xFF, 0xD9, 0xC9, 0xF5, 0xC5, 0xD5, 0xE5, 0x57, 0xCD, 0x6C,
    0x0B, 0x7C, 0xCD, 0xBB, 0x0B, 0xD3, 0x26, 0xCD, 0xB4, 0x0B, 0x79, 0xD3, 0x26, 0xCD, 0xB4, 0x0B,
    0x7D, 0xC3, 0x1A, 0x0B, 0xDB, 0x27, 0xCB, 0x57, 0x28, 0xFA, 0xC9, 0x4F, 0xE6, 0xF0, 0x0F, 0x0F,
    0x0F, 0x0F, 0xFE, 0x0A, 0x38, 0x02, 0xC6, 0x07, 0xC6, 0x30, 0xF5, 0x79, 0xE6, 0x0F, 0xFE, 0x0A,
    0x38, 0x02, 0xC6, 0x07, 0xC6, 0x30, 0x4F, 0xF1, 0xC9, 0x3E, 0x20, 0xD3, 0x26, 0xCD, 0xB4, 0x0B,
    0xC9, 0x0E, 0x20, 0x06, 0x80, 0xE5, 0xE1, 0xE5, 0xE1, 0xED, 0x78, 0xE6, 0xC0, 0xB8, 0x28, 0x11,
    0xCD, 0xB7, 0x0A, 0xCD, 0xB7, 0x0A, 0xCD, 0xB7, 0x0A, 0xED, 0x78, 0xB8, 0xF5, 0xC4, 0x11, 0x0B,
    0xF1, 0xC9, 0x30, 0x18, 0x14, 0x8C, 0x13, 0xC1, 0x15, 0x68, 0xC3, 0x7D, 0x00, 0x21, 0x00, 0x01,
    0xCF, 0x14, 0x10, 0x80, 0xBD, 0x00, 0x20, 0x12, 0x40, 0x01, 0xCF, 0x05, 0x82, 0x87, 0xBB, 0x07,
    0xAB, 0x87, 0xBF, 0x5C, 0x0A, 0x67, 0x0A, 0x6C, 0x0A, 0x71, 0x0A, 0x76, 0x0A, 0x00, 0x00, 0x7B,
    0x0A, 0x80, 0x0A, 0x00, 0x00, 0x00, 0x00, 0x00, 0x00, 0x00, 0x00, 0x00, 0x00, 0x00, 0x00, 0x00,
    0x00, 0x00, 0x00, 0x95, 0x0A, 0x00, 0x00, 0x00, 0x00, 0x00, 0x00, 0x85, 0x0A, 0x00, 0x00, 0x00,
    0x00, 0x00, 0x00, 0xA5, 0x0A, 0x00, 0x00, 0x00, 0x00, 0x00, 0x00, 0x9D, 0x0A, 0x00, 0x00, 0x00,
    0x00, 0x00, 0x00, 0xAD, 0x0A, 0x0A, 0x0D, 0x0A, 0x0A, 0x0A, 0x0A, 0x0A, 0x0A, 0x0A, 0x0A, 0x0A,
    0x0A, 0x0A, 0x0A, 0x0A, 0x0A, 0x0A, 0x0A, 0x0A, 0x0A, 0x0A, 0x0A, 0x0A, 0x0A, 0x07, 0x0D, 0x0A,
    0x50, 0x38, 0x30, 0x30, 0x30, 0x20, 0x48, 0x61, 0x72, 0x64, 0x77, 0x61, 0x72, 0x65, 0x74, 0x65,
    0x73, 0x74, 0x20, 0x55, 0x38, 0x38, 0x30, 0x20, 0x2D, 0x20, 0x56, 0x65, 0x72, 0x73, 0x69, 0x6F,
    0x6E, 0x20, 0x33, 0x2E, 0x31, 0x0A, 0x0D, 0x20, 0x20, 0x08, 0x08, 0x2A, 0x2A, 0x2A, 0x20, 0x45,
    0x52, 0x52, 0x4F, 0x52, 0x20, 0x0A, 0x0D, 0x20, 0x20, 0x08, 0x08, 0x2A, 0x2A, 0x2A, 0x20, 0x45,
    0x52, 0x52, 0x4F, 0x52, 0x20, 0x31, 0x30, 0x20, 0x20, 0x20, 0x31, 0x38, 0x20, 0x41, 0x41, 0x20,
    0x0D, 0x0D, 0x08, 0x08, 0x2A, 0x2A, 0x2A, 0x20, 0x45, 0x52, 0x52, 0x4F, 0x52, 0x20, 0x31, 0x30,
    0x20, 0x20, 0x20, 0x31, 0x38, 0x20, 0x35, 0x35, 0x20, 0x0D, 0x0D, 0x08, 0x08, 0x2A, 0x2A, 0x2A,
    0x20, 0x45, 0x52, 0x52, 0x4F, 0x52, 0x20, 0x31, 0x35, 0x20, 0x20, 0x20, 0x32, 0x44, 0x20, 0x38,
    0x30, 0x20, 0x0D, 0x0D, 0x08, 0x08, 0x2A, 0x2A, 0x2A, 0x20, 0x45, 0x52, 0x52, 0x4F, 0x52, 0x20,
    0x31, 0x36, 0x20, 0x20, 0x20, 0x32, 0x44, 0x20, 0x38, 0x30, 0x20, 0x0D, 0x0D, 0x08, 0x08, 0x2A,
    0x2A, 0x2A, 0x20, 0x45, 0x52, 0x52, 0x4F, 0x52, 0x20, 0x32, 0x30, 0x20, 0x20, 0x20, 0x32, 0x36,
    0x20, 0x41, 0x30, 0x20, 0x0D, 0x0D, 0x08, 0x08, 0x2A, 0x2A, 0x2A, 0x20, 0x45, 0x52, 0x52, 0x4F,
    0x52, 0x20, 0x32, 0x31, 0x20, 0x20, 0x20, 0x32, 0x36, 0x20, 0x35, 0x30, 0x20, 0x0D, 0x0D, 0x08,
    0x08, 0x31, 0x30, 0x08, 0x08, 0x31, 0x35, 0x08, 0x08, 0x31, 0x36, 0x08, 0x08, 0x32, 0x30, 0x0E,
    0x00, 0x11, 0x10, 0x00, 0xAF, 0x47, 0xED, 0x51, 0xC6, 0x10, 0x1D, 0x20, 0xF8, 0x16, 0x01, 0x06,
    0x00, 0xED, 0x51, 0xDB, 0x04, 0x06, 0x10, 0xED, 0x51, 0x3E, 0x57, 0xD3, 0x2D, 0x3E, 0x02, 0xD3,
    0x2D, 0x21, 0x02, 0x0C, 0x0E, 0x27, 0x06, 0x08, 0xED, 0xB3, 0x3E, 0x12, 0xD3, 0x27, 0xD3, 0x2B,
    0x3E, 0x20, 0xD3, 0x27, 0x3E, 0x30, 0xD3, 0x2B, 0x0E, 0x00, 0x16, 0x04, 0x1E, 0x0E, 0x3E, 0x20,
    0x47, 0xED, 0x51, 0xC6, 0x10, 0x1D, 0x20, 0xF8, 0x01, 0x00, 0x20, 0x11, 0x00, 0xC0, 0x21, 0x00,
    0x00, 0xED, 0xB0, 0xC3, 0xB6, 0xCD, 0x0E, 0x00, 0x16, 0x04, 0x06, 0x00, 0xED, 0x51, 0x06, 0x10,
    0xED, 0x51, 0x01, 0x00, 0x0C, 0x11, 0x00, 0x00, 0x21, 0x00, 0xCF, 0xED, 0xB0, 0x21, 0xA5, 0xCE,
    0x06, 0x33, 0x7E, 0xD3, 0x26, 0xDB, 0x27, 0xCB, 0x57, 0x28, 0xFA, 0x23, 0x16, 0x00, 0x15, 0x20,
    0xFD, 0x10, 0xEF, 0x06, 0x0B, 0x21, 0x8F, 0xCE, 0x4E, 0x23, 0xED, 0xA3, 0x20, 0xFA, 0x21, 0x84,
    0xCE, 0x01, 0x3C, 0x0B, 0xED, 0xB3, 0x3E, 0xFF, 0xD3, 0x0E, 0x3E, 0x4F, 0xD3, 0x0D, 0xDB, 0x0C,
    0x01, 0x00, 0x0C, 0x21, 0x00, 0xCF, 0x11, 0x00, 0x00, 0x1A, 0xBE, 0x20, 0x72, 0x13, 0x23, 0x0B,
    0x78, 0xB1, 0x20, 0xF5, 0x21, 0x00, 0x0D, 0x7E, 0x57, 0xAF, 0x77, 0x3A, 0x00, 0xC0, 0x7E, 0xA7,
    0x20, 0x43, 0x7A, 0x77, 0x3A, 0x00, 0xC0, 0x7E, 0xBA, 0x20, 0x3A, 0x23, 0x7C, 0xFE, 0x30, 0x20,
    0xE6, 0x21, 0x00, 0x0D, 0x7E, 0x57, 0x3E, 0xFF, 0x77, 0x3A, 0x00, 0xC0, 0x7E, 0xFE, 0xFF, 0x20,
    0x24, 0x7A, 0x77, 0x3A, 0x00, 0xC0, 0x7E, 0xBA, 0x20, 0x1B, 0x23, 0x7C, 0xFE, 0x30, 0x20, 0xE4,
    0x0E, 0x27, 0x3E, 0x11, 0xED, 0x79, 0x3E, 0x1C, 0xED, 0x79, 0xAF, 0xD3, 0x08, 0xAF, 0x32, 0x88,
    0x0E, 0xF3, 0xC3, 0x00, 0x00, 0x21, 0xD8, 0xCE, 0x06, 0x0A, 0x0E, 0x26, 0xED, 0xA3, 0x04, 0xDB,
    0x27, 0xCB, 0x57, 0x28, 0xFA, 0x16, 0x00, 0x15, 0x20, 0xFD, 0x10, 0xF0, 0xC3, 0x50, 0xCE, 0x21,
    0xE2, 0xCE, 0x18, 0xE4, 0xC3, 0x05, 0x54, 0xFC, 0x78, 0xFC, 0x95, 0x21, 0x12, 0x1C, 0x8A, 0x1D,
    0xCF, 0x1D, 0x80, 0x1D, 0x03, 0x1C, 0x5F, 0x1C, 0x1F, 0x1F, 0x1A, 0x1F, 0xCF, 0x1F, 0x10, 0x1F,
    0xB7, 0x1F, 0xEF, 0x1E, 0x0F, 0x0A, 0x0D, 0x55, 0x38, 0x38, 0x30, 0x2D, 0x53, 0x6F, 0x66, 0x74,
    0x77, 0x61, 0x72, 0x65, 0x6D, 0x6F, 0x6E, 0x69, 0x74, 0x6F, 0x72, 0x20, 0x56, 0x65, 0x72, 0x73,
    0x69, 0x6F, 0x6E, 0x20, 0x33, 0x2E, 0x31, 0x20, 0x2D, 0x20, 0x50, 0x72, 0x65, 0x73, 0x73, 0x20,
    0x52, 0x45, 0x54, 0x55, 0x52, 0x4E, 0x0A, 0x0D, 0x45, 0x52, 0x52, 0x4F, 0x52, 0x20, 0x33, 0x34,
    0x0A, 0x0D, 0x45, 0x52, 0x52, 0x4F, 0x52, 0x20, 0x33, 0x35, 0x0A, 0x0D, 0xFF, 0xFF, 0xFF, 0xFF,
    0xF3, 0x16, 0x01, 0x06, 0x00, 0x0E, 0x00, 0xED, 0x51, 0x06, 0x10, 0xED, 0x51, 0xC3, 0x4D, 0x00,
    0x18, 0x11, 0x28, 0x43, 0x29, 0x45, 0x41, 0x57, 0xFF, 0xFF, 0xFF, 0x38, 0x38, 0x30, 0x31, 0x20,
    0xFF, 0xFF, 0xFF, 0x3E, 0x80, 0x18, 0x04, 0xFF, 0xFF, 0xFF, 0xFF, 0x32, 0xDD, 0x0E, 0x18, 0x03,
    0xFF, 0xFF, 0xFF, 0x21, 0x89, 0x0E, 0x18, 0x03, 0xFF, 0xFF, 0xFF, 0x06, 0x62, 0xC3, 0x6F, 0x00,
    0xFF, 0xFF, 0xFF, 0xFF, 0xFF, 0xFF, 0xFF, 0xFF, 0x22, 0xA7, 0x0E, 0xE3, 0x2B, 0x33, 0x33, 0xED,
    0x73, 0xBF, 0x0E, 0x31, 0xBF, 0x0E, 0xE5, 0xFD, 0xE5, 0xDD, 0xE5, 0xD9, 0x08, 0xE5, 0xD5, 0xC5,
    0xF5, 0xD9, 0x08, 0xD5, 0xC5, 0xF5, 0xED, 0x57, 0xF5, 0xAF, 0x31, 0x00, 0x0D, 0xCD, 0xC9, 0x02,
    0x21, 0xA4, 0x00, 0xE5, 0xED, 0x4D, 0x22, 0xA7, 0x0E, 0x21, 0x3F, 0x00, 0xE3, 0xED, 0x45, 0x36,
    0x00, 0x23, 0x10, 0xFB, 0x3E, 0x10, 0x32, 0xF0, 0x0E, 0x3E, 0xE0, 0x32, 0xEE, 0x0E, 0x32, 0xEF,
    0x0E, 0x21, 0x27, 0x07, 0x11, 0x22, 0x0F, 0x01, 0x06, 0x00, 0xED, 0xB0, 0x21, 0x40, 0x07, 0x0E,
    0x0F, 0x06, 0x03, 0xED, 0xB3, 0x3E, 0x80, 0xD3, 0x0E, 0x21, 0xC5, 0x0B, 0x11, 0xBF, 0x0F, 0x01,
    0x0F, 0x00, 0xED, 0xB0, 0x31, 0x00, 0x0D, 0x3E, 0x0F, 0xED, 0x47, 0xED, 0x5E, 0xFB, 0xEA, 0x8B,
    0x01, 0xEB, 0x06, 0x0A, 0x36, 0xFF, 0x23, 0x10, 0xFB, 0x06, 0x04, 0x36, 0x00, 0x23, 0x10, 0xFB,
    0x36, 0xFB, 0x23, 0x36, 0xC3, 0x21, 0x00, 0x0D, 0x22, 0xBF, 0x0E, 0x21, 0x2E, 0x0A, 0x22, 0x1A,
    0x0F, 0x21, 0x81, 0x0A, 0x22, 0x02, 0x0F, 0x21, 0xBB, 0x0A, 0x22, 0x1C, 0x0F, 0x3E, 0x05, 0x32,
    0xEB, 0x0E, 0x01, 0x0A, 0x00, 0x21, 0xEF, 0x00, 0x11, 0x72, 0x0E, 0xED, 0xB0, 0x18, 0x0A, 0x79,
    0x00, 0x00, 0x00, 0x00, 0xCF, 0x05, 0xCF, 0xAB, 0x87, 0x21, 0x04, 0x0D, 0x22, 0xBD, 0x0F, 0xCD,
    0xF1, 0x04, 0xFE, 0x0D, 0xC2, 0xCF, 0x01, 0x3A, 0xEB, 0x0E, 0x32, 0xF1, 0x0E, 0xFD, 0x21, 0x89,
    0x0E, 0x21, 0x00, 0x0C, 0x22, 0x8B, 0x0E, 0x21, 0x8A, 0x00, 0x22, 0x8D, 0x0E, 0x3E, 0x80, 0x32,
    0xDD, 0x0E, 0x21, 0x00, 0x00, 0x22, 0xE5, 0x0E, 0x22, 0xE9, 0x0E, 0x22, 0xE7, 0x0E, 0x22, 0x94,
    0x0E, 0xFD, 0x36, 0x01, 0x0A, 0xCD, 0xD1, 0x07, 0xFD, 0x7E, 0x0A, 0xFE, 0x80, 0xCA, 0x64, 0x01,
    0xFE, 0xC2, 0x28, 0x09, 0x21, 0xEB, 0x0E, 0x34, 0x7E, 0xFE, 0x08, 0x38, 0xC0, 0x3A, 0xF1, 0x0E,
    0x32, 0xEB, 0x0E, 0x31, 0x00, 0x0D, 0x3E, 0x3E, 0x32, 0xC1, 0x0F, 0x21, 0x78, 0x0B, 0xCD, 0x23,
    0x06, 0xC3, 0xF9, 0x00, 0x21, 0xD2, 0x0B, 0x11, 0x80, 0x0C, 0x01, 0x08, 0x00, 0x1A, 0xED, 0xA1,
    0x20, 0x0D, 0x13, 0xEA, 0x6D, 0x01, 0x2A, 0x7E, 0x0C, 0x22, 0xEB, 0x0E, 0xC3, 0x00, 0x0C, 0x31,
    0x00, 0x0D, 0x21, 0x2D, 0x07, 0xCD, 0x23, 0x06, 0xC3, 0xF9, 0x00, 0x3E, 0xFB, 0x32, 0xDC, 0x0F,
    0x3A, 0xA9, 0x0E, 0xE6, 0x04, 0xCD, 0xF2, 0x02, 0x3A, 0xC4, 0x0F, 0xCB, 0x7F, 0x28, 0x04, 0x2A,
    0xC5, 0x0F, 0xE9, 0x3A, 0xD7, 0x0F, 0xA7, 0x20, 0x14, 0xCD, 0xCA, 0x04, 0x3A, 0xE4, 0x0E, 0x2A,
    0xE2, 0x0E, 0x77, 0x21, 0xDC, 0x0E, 0x35, 0xC2, 0x8A, 0x02, 0xC3, 0x3E, 0x02, 0x21, 0x71, 0x0B,
    0xCD, 0x23, 0x06, 0x2A, 0xBD, 0x0E, 0xCD, 0x73, 0x05, 0xCD, 0xEE, 0x05, 0xCD, 0xF1, 0x04, 0x21,
    0x3E, 0x02, 0xE5, 0xFE, 0x0D, 0x21, 0xD7, 0x0F, 0x20, 0x06, 0xA6, 0x20, 0x58, 0xC3, 0x85, 0x02,
    0x36, 0xFF, 0x2A, 0xBB, 0x0F, 0xCB, 0xAF, 0xFE, 0x46, 0xCA, 0xA6, 0x03, 0xFE, 0x47, 0xCA, 0xC6,
    0x03, 0xFE, 0x4D, 0xCA, 0xF6, 0x03, 0xFE, 0x44, 0xCA, 0x26, 0x03, 0xFE, 0x50, 0xCA, 0xFC, 0x02,
    0xFE, 0x4F, 0x20, 0x04, 0xE1, 0xC3, 0x0D, 0x01, 0xFE, 0x52, 0xCA, 0x1B, 0x04, 0xFE, 0x51, 0x20,
    0x0E, 0xCD, 0x15, 0x05, 0x21, 0xC4, 0x0F, 0xCB, 0x6E, 0x28, 0x1A, 0x2A, 0xB5, 0x0F, 0xE9, 0xFE,
    0x53, 0xCA, 0x0D, 0x01, 0xFE, 0x42, 0xCA, 0xC9, 0x02, 0xFE, 0x4E, 0x28, 0x50, 0xFE, 0x58, 0x28,
    0x20, 0xFE, 0x54, 0x28, 0x2F, 0x31, 0x00, 0x0D, 0x21, 0x84, 0x0B, 0xCD, 0x23, 0x06, 0x3E, 0x3E,
    0x32, 0xC1, 0x0F, 0x21, 0xC4, 0x0F, 0xCB, 0x76, 0xCB, 0xB6, 0xCA, 0xCC, 0x01, 0x2A, 0xB5, 0x0F,
    0xE9, 0xCD, 0x15, 0x05, 0xCB, 0xAF, 0xFE, 0x52, 0xF5, 0x3E, 0x01, 0x0E, 0x00, 0x06, 0xD0, 0xED,
    0x79, 0xC3, 0x00, 0xDB, 0x3E, 0x20, 0xCD, 0x45, 0x07, 0xCD, 0x45, 0x07, 0xDB, 0x27, 0xCB, 0x57,
    0x28, 0xFA, 0x3E, 0x01, 0x0E, 0x00, 0x06, 0xC0, 0xED, 0x79, 0xC3, 0xF0, 0xCE, 0xCD, 0xA0, 0x04,
    0xCD, 0x33, 0x05, 0x20, 0x02, 0x3E, 0x01, 0x32, 0xDC, 0x0E, 0xF3, 0x97, 0x32, 0xD7, 0x0F, 0x32,
    0xDC, 0x0F, 0xED, 0x5B, 0xBD, 0x0E, 0x1B, 0x21, 0xBA, 0x02, 0x22, 0x04, 0x0F, 0x3E, 0x0F, 0x32,
    0xAA, 0x0E, 0x3E, 0x87, 0xD3, 0x0A, 0x3E, 0x01, 0xD3, 0x0A, 0xEB, 0x22, 0xE2, 0x0E, 0x7E, 0x32,
    0xE4, 0x0E, 0x36, 0xFB, 0x22, 0xBD, 0x0E, 0xC3, 0xD6, 0x03, 0x22, 0xA7, 0x0E, 0xF5, 0x3E, 0x03,
    0xD3, 0x0A, 0xF1, 0x21, 0x3F, 0x00, 0xE3, 0xED, 0x4D, 0xA7, 0xF5, 0x2A, 0xE0, 0x0E, 0xAF, 0xBD,
    0x20, 0x03, 0xBC, 0x28, 0x04, 0x3A, 0xDF, 0x0E, 0x77, 0xF1, 0x3A, 0xDF, 0x0E, 0x21, 0x00, 0x00,
    0x22, 0xE0, 0x0E, 0xC8, 0xCD, 0x1B, 0x06, 0xC8, 0x7E, 0x32, 0xDF, 0x0E, 0x36, 0xFF, 0x22, 0xE0,
    0x0E, 0xC9, 0x21, 0xDC, 0x0F, 0xCB, 0x9E, 0xA7, 0xC8, 0xCB, 0xDE, 0xC9, 0xCD, 0x15, 0x05, 0xFE,
    0x52, 0x28, 0x15, 0xFE, 0x57, 0xC2, 0x35, 0x02, 0xCD, 0x33, 0x05, 0xCA, 0x35, 0x02, 0xE5, 0xCD,
    0x33, 0x05, 0xC1, 0x28, 0xF6, 0xED, 0x79, 0xC9, 0xCD, 0x33, 0x05, 0xE5, 0xC1, 0xED, 0x78, 0xCD,
    0x83, 0x05, 0xCD, 0xEE, 0x05, 0xC9, 0xCD, 0x1B, 0x06, 0xE5, 0xCD, 0x33, 0x05, 0x28, 0x4D, 0x44,
    0x4D, 0xE1, 0xD9, 0x21, 0x04, 0x0D, 0x11, 0x05, 0x0D, 0x01, 0x49, 0x00, 0x36, 0x20, 0xED, 0xB0,
    0x06, 0x10, 0x21, 0x39, 0x0D, 0x36, 0x2A, 0x23, 0xD9, 0xCD, 0x94, 0x04, 0x7E, 0xD9, 0x77, 0xFE,
    0x20, 0x38, 0x04, 0xFE, 0x7F, 0x38, 0x02, 0x36, 0x2E, 0x23, 0x36, 0x2A, 0xD9, 0xCD, 0x83, 0x05,
    0xED, 0xA1, 0xEA, 0x6D, 0x03, 0xD9, 0x23, 0x22, 0xBD, 0x0F, 0xC3, 0xEE, 0x05, 0xD9, 0x10, 0x09,
    0x23, 0x22, 0xBD, 0x0F, 0xCD, 0xEE, 0x05, 0x18, 0xBA, 0xD9, 0x18, 0xD0, 0xE1, 0xE5, 0xCD, 0x94,
    0x04, 0x7E, 0xCD, 0x83, 0x05, 0xCD, 0x03, 0x06, 0x3E, 0x3A, 0xCD, 0x45, 0x07, 0xCD, 0xD0, 0x05,
    0x28, 0x06, 0xE1, 0x77, 0xE5, 0xCD, 0x0F, 0x05, 0xE1, 0xFE, 0x51, 0xC8, 0xFE, 0x5E, 0x20, 0x03,
    0x2B, 0x18, 0xDA, 0x23, 0x18, 0xD7, 0xCD, 0x1B, 0x06, 0x28, 0x04, 0xE5, 0xCD, 0x1B, 0x06, 0xCA,
    0x35, 0x02, 0xE5, 0xCD, 0x33, 0x05, 0x7D, 0xA7, 0xE1, 0xD1, 0x12, 0xED, 0x52, 0xC8, 0x44, 0x4D,
    0x62, 0x6B, 0x13, 0xED, 0xB0, 0xC9, 0xCD, 0x15, 0x05, 0xFE, 0x45, 0xCA, 0x0D, 0x01, 0xCD, 0x33,
    0x05, 0x28, 0x03, 0x22, 0xBD, 0x0E, 0x31, 0xAB, 0x0E, 0xF1, 0xC1, 0xD1, 0x08, 0xD9, 0xF1, 0xC1,
    0xD1, 0xE1, 0xDD, 0xE1, 0xFD, 0xE1, 0xD9, 0x08, 0xE1, 0x22, 0xDE, 0x0F, 0x2A, 0xA7, 0x0E, 0xED,
    0x7B, 0xBF, 0x0E, 0xC3, 0xDC, 0x0F, 0xCD, 0x1B, 0x06, 0xE5, 0xCD, 0x1B, 0x06, 0xE5, 0xCD, 0x33,
    0x05, 0xCA, 0x35, 0x02, 0x44, 0x4D, 0xD1, 0xE1, 0xE5, 0xA7, 0xED, 0x52, 0xE1, 0x38, 0x03, 0xED,
    0xB0, 0xC9, 0x09, 0x2B, 0xEB, 0x09, 0x2B, 0xEB, 0xED, 0xB8, 0xC9, 0xCD, 0x1A, 0x05, 0x3E, 0x0D,
    0x56, 0xBA, 0x28, 0x69, 0x23, 0x5E, 0xBB, 0x20, 0x02, 0x1E, 0x20, 0xCD, 0xAD, 0x05, 0x2B, 0x2B,
    0xC2, 0x35, 0x02, 0x11, 0x04, 0x0D, 0xED, 0xA0, 0xED, 0xA0, 0xE5, 0xEB, 0x36, 0x20, 0x23, 0x22,
    0xBD, 0x0F, 0xDD, 0x5E, 0x00, 0x16, 0x0E, 0x3E, 0xB8, 0x93, 0x38, 0x21, 0x1A, 0xCD, 0x83, 0x05,
    0xCD, 0x03, 0x06, 0x3E, 0x3A, 0xCD, 0x45, 0x07, 0xCD, 0xD0, 0x05, 0x28, 0x04, 0x12, 0xCD, 0x0F,
    0x05, 0xFE, 0x51, 0xE1, 0xC8, 0xDD, 0x23, 0x3E, 0xAF, 0x95, 0x30, 0xC7, 0xC9, 0x1A, 0x6F, 0x13,
    0x1A, 0x67, 0xD5, 0xCD, 0x73, 0x05, 0xCD, 0x03, 0x06, 0x3E, 0x3A, 0xCD, 0x45, 0x07, 0xCD, 0xD0,
    0x05, 0xD1, 0x28, 0xDD, 0xEB, 0x72, 0x2B, 0x73, 0xCD, 0x0F, 0x05, 0x18, 0xD4, 0xCD, 0xA0, 0x04,
    0xCD, 0xCA, 0x04, 0xC9, 0xE5, 0x11, 0x00, 0x00, 0xA7, 0xED, 0x52, 0xCD, 0x73, 0x05, 0xE1, 0xC9,
    0x11, 0x04, 0x0D, 0x21, 0x86, 0x0B, 0x06, 0x11, 0x3E, 0x20, 0x0E, 0xFF, 0xED, 0xA0, 0xED, 0xA0,
    0x12, 0x13, 0x10, 0xF6, 0x06, 0x04, 0x0E, 0xFF, 0x12, 0x13, 0xED, 0xA0, 0xED, 0xA0, 0x12, 0x13,
    0x12, 0x13, 0x10, 0xF2, 0xED, 0x53, 0xBD, 0x0F, 0x18, 0x24, 0x06, 0x11, 0xDD, 0x21, 0xB0, 0x0B,
    0x16, 0x0E, 0xDD, 0x5E, 0x00, 0x1A, 0xCD, 0x83, 0x05, 0xDD, 0x23, 0x10, 0xF5, 0x06, 0x04, 0xDD,
    0x5E, 0x00, 0xEB, 0x5E, 0x23, 0x56, 0xEB, 0xCD, 0x73, 0x05, 0xDD, 0x23, 0x10, 0xF1, 0xC3, 0xEE,
    0x05, 0xFD, 0x21, 0xCE, 0x0E, 0x21, 0x8A, 0x0D, 0x22, 0xD0, 0x0E, 0x22, 0xBB, 0x0F, 0x21, 0xFF,
    0x00, 0x22, 0xD2, 0x0E, 0xFD, 0x36, 0x01, 0x0C, 0xCD, 0x37, 0x06, 0x3A, 0x8A, 0x0D, 0xC9, 0xCD,
    0x1A, 0x05, 0xCB, 0xAF, 0xC9, 0x23, 0x7E, 0xCB, 0xAF, 0xC9, 0x2A, 0xBB, 0x0F, 0x7E, 0xFE, 0x20,
    0x20, 0x0A, 0x23, 0x7E, 0xFE, 0x20, 0x28, 0xFA, 0x22, 0xBB, 0x0F, 0xC9, 0xFE, 0x0D, 0x28, 0xF8,
    0x23, 0x18, 0xEA, 0x21, 0x00, 0x00, 0xE5, 0x39, 0xEB, 0xCD, 0x1A, 0x05, 0xFE, 0x0D, 0xEB, 0x20,
    0x03, 0xE1, 0x7D, 0xC9, 0xFE, 0x30, 0xDA, 0x35, 0x02, 0xFE, 0x40, 0x38, 0x02, 0xCB, 0xAF, 0xCD,
    0x61, 0x05, 0xED, 0x6F, 0x23, 0xED, 0x6F, 0x2B, 0x13, 0x1A, 0xFE, 0x30, 0x30, 0xEB, 0xE1, 0x7D,
    0xC9, 0xFE, 0x3A, 0x38, 0x0B, 0xFE, 0x41, 0x38, 0xDD, 0xFE, 0x47, 0xD2, 0x35, 0x02, 0xD6, 0x07,
    0xE6, 0x0F, 0xC9, 0xD5, 0x7C, 0xCD, 0x83, 0x05, 0xED, 0x5B, 0xBD, 0x0F, 0x1B, 0xED, 0x53, 0xBD,
    0x0F, 0xD1, 0x7D, 0xE5, 0x2A, 0xBD, 0x0F, 0xCD, 0x93, 0x05, 0x23, 0x36, 0x20, 0x23, 0x22, 0xBD,
    0x0F, 0xE1, 0xC9, 0xF5, 0x1F, 0x1F, 0x1F, 0x1F, 0xCD, 0xA1, 0x05, 0x23, 0xF1, 0xCD, 0xA1, 0x05,
    0xC9, 0xE6, 0x0F, 0xFE, 0x0A, 0x38, 0x02, 0xC6, 0x07, 0xC6, 0x30, 0x77, 0xC9, 0xDD, 0x21, 0xB0,
    0x0B, 0x7A, 0x01, 0x2A, 0x00, 0x21, 0x86, 0x0B, 0xED, 0xA1, 0x28, 0x07, 0xED, 0xA1, 0xE0, 0xDD,
    0x23, 0x18, 0xF5, 0x7B, 0xFE, 0x2F, 0x38, 0x02, 0xCB, 0xAF, 0xED, 0xA1, 0xC8, 0x7A, 0x18, 0xEE,
    0x3E, 0x20, 0x32, 0xC1, 0x0F, 0xCD, 0xF1, 0x04, 0xCB, 0xAF, 0xFE, 0x51, 0xC8, 0xFE, 0x5E, 0xC8,
    0x21, 0x89, 0x0D, 0x36, 0x20, 0x22, 0xBB, 0x0F, 0xD5, 0xCD, 0x33, 0x05, 0xD1, 0xC9, 0x3E, 0x85,
    0xE5, 0x2A, 0xBD, 0x0F, 0x36, 0x0D, 0x21, 0x04, 0x0D, 0x22, 0xBD, 0x0F, 0x2B, 0x77, 0xCD, 0x23,
    0x06, 0xE1, 0xC9, 0xE5, 0xD5, 0x2A, 0xBD, 0x0F, 0x11, 0x04, 0x0D, 0xED, 0x53, 0xBD, 0x0F, 0xA7,
    0xED, 0x52, 0xEB, 0x2B, 0x73, 0xCD, 0x23, 0x06, 0xD1, 0xE1, 0xC9, 0xCD, 0x33, 0x05, 0x11, 0x00,
    0x00, 0x19, 0xC9, 0xFD, 0x21, 0xC3, 0x0E, 0x7E, 0x23, 0x22, 0xC5, 0x0E, 0xFD, 0x77, 0x04, 0xFD,
    0x36, 0x05, 0x00, 0xFD, 0x36, 0x01, 0x10, 0xD5, 0xC5, 0xFD, 0x7E, 0x01, 0xCB, 0x87, 0xFE, 0x0A,
    0x30, 0x23, 0xFD, 0x36, 0x0A, 0x80, 0xC1, 0xD1, 0xFD, 0xCB, 0x0A, 0x76, 0x28, 0x0B, 0xFD, 0x66,
    0x09, 0xFD, 0x6E, 0x08, 0x7C, 0xB5, 0x28, 0x01, 0xE9, 0xFD, 0xCB, 0x01, 0x46, 0xC8, 0xFD, 0x66,
    0x07, 0xFD, 0x6E, 0x06, 0xE9, 0xFE, 0x11, 0x38, 0x06, 0xFD, 0x36, 0x0A, 0xC1, 0x18, 0xD7, 0x67,
    0xFD, 0x7E, 0x04, 0xFD, 0xB6, 0x05, 0x28, 0xCA, 0x7C, 0xFD, 0x66, 0x03, 0xFD, 0x6E, 0x02, 0xFD,
    0x46, 0x05, 0xFD, 0x4E, 0x04, 0xFE, 0x0E, 0x38, 0x41, 0x28, 0x34, 0x7E, 0xCD, 0x45, 0x07, 0x23,
    0x0B, 0xFE, 0x0D, 0x28, 0x14, 0x79, 0xB0, 0x20, 0xF2, 0xFD, 0x66, 0x05, 0xFD, 0x6E, 0x04, 0xED,
    0x42, 0xFD, 0x74, 0x05, 0xFD, 0x75, 0x04, 0x18, 0x99, 0xC5, 0x3E, 0x0A, 0xCD, 0x45, 0x07, 0x3A,
    0xBF, 0x0F, 0xA7, 0x28, 0x07, 0x47, 0x97, 0xCD, 0x45, 0x07, 0x10, 0xFB, 0xC1, 0x18, 0xDA, 0x7E,
    0xCD, 0x45, 0x07, 0xED, 0xA1, 0xEA, 0xBF, 0x06, 0x18, 0xCF, 0xFE, 0x0A, 0x20, 0x0D, 0xCD, 0x57,
    0x07, 0x28, 0xFB, 0x77, 0xED, 0xA1, 0xEA, 0xCE, 0x06, 0x18, 0xBE, 0x3A, 0xC1, 0x0F, 0xCD, 0x45,
    0x07, 0xE5, 0xCD, 0x1C, 0x07, 0x77, 0xE5, 0x67, 0x3A, 0xC3, 0x0F, 0xBC, 0x20, 0x0D, 0xE1, 0x2B,
    0x03, 0xD1, 0xE5, 0xED, 0x52, 0xE1, 0xD5, 0x30, 0xE9, 0x18, 0x07, 0x3A, 0xC2, 0x0F, 0xBC, 0x20,
    0x0B, 0xE1, 0xE1, 0xE5, 0xFD, 0x46, 0x05, 0xFD, 0x4E, 0x04, 0x18, 0xD6, 0x7C, 0xE1, 0x23, 0x0B,
    0xD1, 0xFE, 0x0D, 0x28, 0x94, 0x79, 0xB0, 0x28, 0x80, 0xD5, 0x18, 0xC6, 0xCD, 0x57, 0x07, 0x28,
    0xFB, 0xCB, 0xBF, 0xCD, 0x45, 0x07, 0xC9, 0xC2, 0x07, 0x8A, 0x07, 0xC2, 0x07, 0x12, 0x49, 0x4E,
    0x53, 0x45, 0x52, 0x54, 0x20, 0x53, 0x59, 0x53, 0x54, 0x45, 0x4D, 0x44, 0x49, 0x53, 0x4B, 0x0D,
    0x12, 0xCF, 0x7F, 0x37, 0xFE, 0xF5, 0x3A, 0xF0, 0x0E, 0xCB, 0x77, 0x20, 0xF9, 0xDB, 0x27, 0xCB,
    0x57, 0x28, 0xFA, 0xF1, 0xD3, 0x26, 0xC9, 0xCD, 0x5F, 0x07, 0xC8, 0xCD, 0x6D, 0x07, 0xC9, 0xE5,
    0xC5, 0x21, 0xEE, 0x0E, 0x47, 0x3A, 0xEF, 0x0E, 0xBE, 0x78, 0xC1, 0xE1, 0xC9, 0xE5, 0x3A, 0xEF,
    0x0E, 0xCD, 0x7B, 0x07, 0xA7, 0x32, 0xEF, 0x0E, 0x7E, 0xE1, 0xC9, 0xD5, 0x16, 0x00, 0x5F, 0x21,
    0x00, 0x0F, 0x3C, 0x20, 0x02, 0x3E, 0xE0, 0x19, 0xD1, 0xC9, 0xF5, 0xE5, 0xDB, 0x26, 0x21, 0xF0,
    0x0E, 0xCB, 0x46, 0x20, 0x0C, 0xFE, 0x13, 0x28, 0x1D, 0xFE, 0x11, 0x28, 0x1D, 0xFE, 0x1B, 0x28,
    0x1D, 0xF5, 0x3A, 0xEE, 0x0E, 0xCD, 0x7B, 0x07, 0x32, 0xEE, 0x0E, 0xF1, 0x77, 0x3E, 0x20, 0xD3,
    0x27, 0xE1, 0xF1, 0xFB, 0xED, 0x4D, 0xCB, 0xF6, 0x18, 0xF3, 0xCB, 0xB6, 0x18, 0xEF, 0xCB, 0xA6,
    0x18, 0xEB, 0xF5, 0x3E, 0x01, 0xD3, 0x27, 0xDB, 0x27, 0x3E, 0x30, 0xD3, 0x27, 0xDB, 0x26, 0x18,
    0xE1, 0x2A, 0xC7, 0x0F, 0x7C, 0xB5, 0x20, 0xF9, 0xFD, 0x22, 0xC7, 0x0F, 0xCD, 0xF0, 0x07, 0xFD,
    0xCB, 0x01, 0x46, 0xC0, 0xFD, 0xCB, 0x0A, 0x7E, 0x18, 0xF9, 0xE1, 0x22, 0x9A, 0x0E, 0xFB, 0xC9,
    0xFD, 0x7E, 0x01, 0xE6, 0xFE, 0xFE, 0x0A, 0x28, 0x28, 0xFE, 0x0E, 0x28, 0x24, 0xFE, 0x50, 0x28,
    0x20, 0x3E, 0xC1, 0xCD, 0xE1, 0x09, 0xFD, 0x66, 0x09, 0xFD, 0x6E, 0x08, 0x7C, 0xB5, 0x28, 0x01,
    0xE9, 0xFD, 0xCB, 0x01, 0x46, 0xC8, 0xFD, 0x66, 0x07, 0xFD, 0x6E, 0x06, 0xE9, 0x3E, 0xC2, 0x18,
    0xE2, 0xFD, 0x4E, 0x0B, 0x79, 0x17, 0x38, 0xF5, 0x21, 0xEB, 0x0E, 0xCB, 0x71, 0x28, 0x01, 0x23,
    0x7E, 0xCB, 0x69, 0x28, 0x04, 0x0F, 0x0F, 0x0F, 0x0F, 0xE6, 0x0F, 0x28, 0xE0, 0xFE, 0x08, 0x30,
    0xDC, 0x21, 0x88, 0x0E, 0xBE, 0x28, 0x2F, 0x77, 0x21, 0x24, 0x0B, 0x11, 0x0B, 0x00, 0x47, 0x18,
    0x01, 0x19, 0x10, 0xFD, 0x0E, 0x02, 0x11, 0x65, 0x0E, 0xED, 0xB0, 0x13, 0x13, 0x0E, 0x08, 0xED,
    0xB0, 0xF3, 0xDB, 0x1C, 0xCB, 0xE7, 0xCB, 0x4E, 0x28, 0x02, 0xCB, 0xA7, 0xD3, 0x1C, 0xED, 0xA0,
    0x01, 0x03, 0x03, 0xCD, 0xF8, 0x09, 0x21, 0x02, 0x02, 0x22, 0xCC, 0x0F, 0x3E, 0x0A, 0x32, 0xCB,
    0x0F, 0xAF, 0xFD, 0x77, 0x0A, 0xFD, 0x7E, 0x0C, 0x32, 0xED, 0x0E, 0x21, 0x70, 0x0E, 0xBE, 0x3E,
    0xC5, 0x30, 0x22, 0xFD, 0x7E, 0x0B, 0x4F, 0xE6, 0x60, 0x07, 0x07, 0x07, 0x47, 0x79, 0x0E, 0x00,
    0xE6, 0x1F, 0x21, 0x6A, 0x0E, 0xBE, 0x38, 0x13, 0x96, 0xBE, 0x30, 0x07, 0x21, 0x71, 0x0E, 0xCB,
    0x7E, 0x20, 0x05, 0x3E, 0xC4, 0xC3, 0x03, 0x08, 0xCB, 0xD0, 0x0C, 0x3C, 0x32, 0x68, 0x0E, 0x79,
    0x32, 0x67, 0x0E, 0x78, 0x32, 0x65, 0x0E, 0xE6, 0x03, 0xCD, 0xC3, 0x0A, 0xCA, 0x1D, 0x08, 0x21,
    0xCE, 0x0F, 0x19, 0x7E, 0x3C, 0x72, 0x20, 0x12, 0x01, 0x07, 0x02, 0xCD, 0xF8, 0x09, 0xCD, 0xEA,
    0x07, 0x01, 0x07, 0x02, 0xCD, 0xF8, 0x09, 0xCD, 0xEA, 0x07, 0x3A, 0xED, 0x0E, 0x21, 0x71, 0x0E,
    0xCB, 0x46, 0x28, 0x01, 0x87, 0x32, 0x66, 0x0E, 0x2A, 0x6D, 0x0E, 0xF3, 0x0E, 0x1E, 0xED, 0x40,
    0xCB, 0xA8, 0xCB, 0xB0, 0xBD, 0x38, 0x07, 0xCB, 0xE8, 0xBC, 0x38, 0x02, 0xCB, 0xF0, 0xED, 0x41,
    0x01, 0x0F, 0x03, 0xCD, 0xF8, 0x09, 0xCD, 0xEA, 0x07, 0x3A, 0xED, 0x0E, 0x32, 0x66, 0x0E, 0xFD,
    0x66, 0x03, 0xFD, 0x6E, 0x02, 0x22, 0x73, 0x0E, 0xFD, 0x66, 0x05, 0xFD, 0x6E, 0x04, 0x7C, 0xB5,
    0xCA, 0xDF, 0x09, 0x2B, 0x22, 0x75, 0x0E, 0x06, 0x09, 0x3A, 0x71, 0x0E, 0xE6, 0xF0, 0xF6, 0x05,
    0x4F, 0xFD, 0xCB, 0x01, 0x56, 0x20, 0x2B, 0xFD, 0xCB, 0x01, 0x66, 0x28, 0x1A, 0x2A, 0x69, 0x0E,
    0x22, 0x66, 0x0E, 0x2A, 0x6F, 0x0E, 0x26, 0xE5, 0x22, 0x68, 0x0E, 0x7C, 0x32, 0x88, 0x0E, 0x06,
    0x06, 0xCB, 0xD9, 0xCB, 0xB9, 0x18, 0x0B, 0x0C, 0x3E, 0x01, 0x32, 0x78, 0x0E, 0x3E, 0x7D, 0x32,
    0x72, 0x0E, 0xC5, 0x21, 0x72, 0x0E, 0x01, 0x3C, 0x0A, 0xED, 0xB3, 0x3E, 0x05, 0x32, 0x78, 0x0E,
    0x3E, 0x79, 0x32, 0x72, 0x0E, 0xC1, 0xCD, 0xF8, 0x09, 0xCD, 0xEA, 0x07, 0xCD, 0x12, 0x0A, 0xE6,
    0xC0, 0x28, 0x4C, 0x3A, 0x7D, 0x0E, 0xCB, 0x4F, 0x20, 0x41, 0xE6, 0x30, 0x20, 0x19, 0x3A, 0x7E,
    0x0E, 0xCB, 0x6F, 0x20, 0x12, 0xE6, 0x12, 0x20, 0x20, 0x2A, 0xE7, 0x0E, 0x23, 0x22, 0xE7, 0x0E,
    0x21, 0xCC, 0x0F, 0x3E, 0xC4, 0x18, 0x0C, 0x2A, 0xE5, 0x0E, 0x23, 0x22, 0xE5, 0x0E, 0x21, 0xCB,
    0x0F, 0x3E, 0xC6, 0x35, 0xC2, 0x19, 0x09, 0x18, 0x18, 0x2A, 0xE9, 0x0E, 0x23, 0x22, 0xE9, 0x0E,
    0x21, 0xCD, 0x0F, 0x35, 0xC2, 0xD8, 0x08, 0x3E, 0xC5, 0x18, 0x06, 0x3E, 0xC3, 0x18, 0x02, 0x3E,
    0x80, 0xFD, 0x77, 0x0A, 0xE6, 0x40, 0x28, 0x07, 0xAF, 0xFD, 0x77, 0x04, 0xFD, 0x77, 0x05, 0x67,
    0x6F, 0x22, 0xC7, 0x0F, 0x32, 0x87, 0x0E, 0xC9, 0xF3, 0xE5, 0x21, 0x64, 0x0E, 0x71, 0x0E, 0x21,
    0xDB, 0x20, 0xE6, 0xC0, 0xFE, 0x80, 0x20, 0xF8, 0xED, 0xA3, 0xE5, 0xE1, 0xE5, 0xE1, 0x20, 0xEE,
    0xE1, 0xC9, 0x21, 0x7C, 0x0E, 0x0E, 0x21, 0xDB, 0x20, 0x2F, 0xE6, 0xC0, 0x20, 0xF9, 0xED, 0xA2,
    0x06, 0x06, 0x10, 0xFE, 0xDB, 0x20, 0xCB, 0x67, 0x20, 0xED, 0x3A, 0x7C, 0x0E, 0xC9, 0xE5, 0xF5,
    0xC5, 0xFD, 0xE5, 0xFD, 0x2A, 0xC7, 0x0F, 0xDB, 0x20, 0xCB, 0x67, 0x20, 0x0F, 0x01, 0x08, 0x01,
    0xCD, 0xF8, 0x09, 0xCD, 0x12, 0x0A, 0xE6, 0xE0, 0xFE, 0xC0, 0x28, 0x0E, 0x21, 0x54, 0x0A, 0xE5,
    0x2A, 0x9A, 0x0E, 0xE9, 0xFD, 0xCB, 0x0A, 0x7E, 0x20, 0x04, 0xFD, 0xE1, 0x18, 0x57, 0xFD, 0xCB,
    0x0A, 0x76, 0x28, 0x0A, 0xFD, 0x66, 0x09, 0xFD, 0x6E, 0x08, 0x7C, 0xB5, 0x20, 0x0C, 0xFD, 0xCB,
    0x01, 0x46, 0x28, 0xE6, 0xFD, 0x66, 0x07, 0xFD, 0x6E, 0x06, 0xFD, 0xE1, 0xC1, 0xF1, 0xE3, 0x18,
    0x37, 0xE5, 0xF5, 0xC5, 0x0E, 0x01, 0x21, 0x83, 0x0E, 0x3A, 0x87, 0x0E, 0xA1, 0x20, 0x1F, 0xDB,
    0x1C, 0x47, 0xA1, 0x20, 0x19, 0x35, 0x20, 0x16, 0x78, 0xB1, 0x47, 0x2F, 0xE6, 0x0F, 0x20, 0x06,
    0x3E, 0x03, 0xD3, 0x09, 0xCB, 0xA8, 0x78, 0xD3, 0x1C, 0xDB, 0x1E, 0xB1, 0xD3, 0x1E, 0x23, 0xCB,
    0x21, 0xCB, 0x61, 0x28, 0xD4, 0xC1, 0xF1, 0xE1, 0xFB, 0xED, 0x4D, 0xF5, 0x3E, 0xA3, 0xD3, 0x3C,
    0xF1, 0x18, 0xF5, 0x5F, 0x16, 0x00, 0x3C, 0x06, 0x7F, 0xCB, 0x00, 0x3D, 0x20, 0xFB, 0x78, 0x2F,
    0x32, 0x87, 0x0E, 0x21, 0xDD, 0x0E, 0xA6, 0x20, 0x05, 0xCB, 0x7E, 0xCB, 0xBE, 0xC8, 0xAE, 0x77,
    0xE5, 0x21, 0x83, 0x0E, 0x19, 0x36, 0x64, 0xF3, 0xDB, 0x1E, 0xF6, 0x0F, 0xA0, 0xD3, 0x1E, 0xDB,
    0x1C, 0xA0, 0xCB, 0xEF, 0xD3, 0x1C, 0x3E, 0xA5, 0xD3, 0x09, 0x3E, 0xFF, 0xD3, 0x09, 0x21, 0x00,
    0x15, 0x01, 0x04, 0x02, 0xCD, 0xF8, 0x09, 0xE5, 0xCD, 0x12, 0x0A, 0xE1, 0xFB, 0xCB, 0x6F, 0x20,
    0x05, 0x2B, 0x7C, 0xB5, 0x20, 0xEB, 0xE1, 0xC8, 0x3A, 0x87, 0x0E, 0xB6, 0x77, 0xC9, 0xFF, 0xFF,
    0xFF, 0xFF, 0xFF, 0xFF, 0x6F, 0x28, 0x00, 0x1A, 0x07, 0x80, 0xFF, 0xFF, 0x1B, 0x4D, 0x02, 0x9F,
    0x14, 0x01, 0x10, 0x22, 0xFF, 0x14, 0x1D, 0x32, 0x28, 0x40, 0xBF, 0x12, 0x01, 0x10, 0x22, 0xFF,
    0x23, 0xFF, 0x32, 0x28, 0x41, 0xBF, 0x12, 0x01, 0x10, 0x22, 0xFF, 0x23, 0xFF, 0x32, 0x50, 0x40,
    0xBF, 0x12, 0x01, 0x10, 0x22, 0xFF, 0xFF, 0xFF, 0x32, 0x50, 0xC0, 0xEF, 0x08, 0x02, 0x09, 0x1B,
    0xFF, 0xFF, 0xFF, 0x54, 0x50, 0xC0, 0xEF, 0x08, 0x03, 0x05, 0x35, 0xFF, 0xFF, 0xFF, 0x74, 0x50,
    0xC0, 0x06, 0x42, 0x52, 0x45, 0x41, 0x4B, 0x20, 0x0B, 0x44, 0x49, 0x53, 0x4B, 0x20, 0x45, 0x52,
    0x52, 0x4F, 0x52, 0x0D, 0x01, 0x3F, 0x41, 0x20, 0x42, 0x20, 0x43, 0x20, 0x44, 0x20, 0x45, 0x20,
    0x46, 0x20, 0x48, 0x20, 0x4C, 0x20, 0x49, 0x20, 0x41, 0x27, 0x42, 0x27, 0x43, 0x27, 0x44, 0x27,
    0x45, 0x27, 0x46, 0x27, 0x48, 0x27, 0x4C, 0x27, 0x49, 0x58, 0x49, 0x59, 0x50, 0x43, 0x53, 0x50,
    0xAC, 0xAE, 0xAD, 0xB0, 0xAF, 0xAB, 0xA8, 0xA7, 0xAA, 0xB2, 0xB4, 0xB3, 0xB6, 0xB5, 0xB1, 0xB8,
    0xB7, 0xB9, 0xBB, 0xBD, 0xBF, 0x00, 0x01, 0x3E, 0x7F, 0x08, 0x00, 0x00, 0x00, 0x00, 0x00, 0x0A,
    0x03, 0x03, 0x50, 0x38, 0x30, 0x30, 0x30, 0x53, 0x59, 0x53, 0xFF, 0xFF, 0xFF, 0xFF, 0xFF, 0xC3,
    0x93, 0x05, 0xC3, 0xC3, 0x0A, 0xC3, 0x5F, 0x07, 0xC3, 0x57, 0x07, 0xC3, 0x45, 0x07, 0xC3, 0x37,
    0x06, 0xC3, 0x23, 0x06, 0xC3, 0x1A, 0x05, 0xC3, 0xCC, 0x01, 0xC3, 0x3E, 0x02, 0xC3, 0xD1, 0x07,
    0x01, 0x37, 0x04, 0x11, 0x00, 0xF0, 0x21, 0x00, 0xDB, 0xED, 0xB0, 0xC3, 0x0E, 0xF0, 0x01, 0x00,
    0xD0, 0x3E, 0x04, 0xED, 0x79, 0xF1, 0x20, 0x15, 0xAF, 0xD3, 0x0E, 0x06, 0x80, 0x10, 0xFE, 0x3E,
    0x80, 0xD3, 0x0E, 0x06, 0x80, 0x10, 0xFE, 0xAF, 0xD3, 0x0E, 0xC3, 0xFA, 0x0B, 0xF3, 0x21, 0x1E,
    0xF2, 0x22, 0x12, 0x0F, 0x21, 0x20, 0x0F, 0x11, 0x37, 0xF4, 0x01, 0x20, 0x00, 0xED, 0xB0, 0x21,
    0x14, 0x0F, 0x11, 0x57, 0xF4, 0x01, 0x04, 0x00, 0xED, 0xB0, 0xDB, 0x0E, 0xF5, 0x21, 0x5B, 0xF4,
    0x36, 0x00, 0x11, 0x5C, 0xF4, 0x01, 0xDC, 0x01, 0xED, 0xB0, 0xDB, 0x0C, 0xF1, 0xCB, 0x7F, 0x28,
    0x79, 0xAF, 0xD3, 0x0E, 0x06, 0x80, 0x10, 0xFE, 0x3E, 0x80, 0xD3, 0x0E, 0x06, 0x80, 0x10, 0xFE,
    0xAF, 0xD3, 0x0E, 0xDB, 0x0E, 0xCB, 0x77, 0x28, 0x08, 0x21, 0x00, 0x80, 0x2B, 0x7C, 0xB5, 0x20,
    0xFB, 0x21, 0xFF, 0xFF, 0xDB, 0x0E, 0xCB, 0x77, 0x20, 0x0A, 0x2B, 0x7C, 0xB5, 0x20, 0xF5, 0x21,
    0xC2, 0xF3, 0x18, 0x40, 0x0E, 0x2A, 0x3E, 0xAA, 0xCD, 0xEB, 0xF1, 0x28, 0x34, 0x0E, 0x0A, 0xCD,
    0x07, 0xF2, 0x20, 0x2D, 0xDB, 0x0C, 0xFE, 0xAA, 0x20, 0x27, 0x3E, 0x55, 0x4F, 0xCD, 0xEB, 0xF1,
    0x28, 0x1F, 0x0E, 0x15, 0xCD, 0x07, 0xF2, 0x20, 0x18, 0xDB, 0x0C, 0xFE, 0x55, 0x20, 0x12, 0x21,
    0x13, 0xF4, 0x0E, 0x0F, 0x06, 0x04, 0xED, 0xB3, 0x3E, 0x01, 0x0E, 0x00, 0xCD, 0xEB, 0xF1, 0x20,
    0x15, 0x21, 0xDC, 0xF3, 0xFB, 0xCD, 0xF1, 0x0B, 0x18, 0x36, 0x3E, 0x83, 0xD3, 0x0F, 0xFB, 0x21,
    0xFC, 0xF3, 0xCD, 0xF1, 0x0B, 0xF3, 0x21, 0x17, 0xF4, 0x11, 0x20, 0x0F, 0x01, 0x20, 0x00, 0xED,
    0xB0, 0x21, 0x9F, 0xF2, 0x22, 0x14, 0x0F, 0x21, 0xA9, 0xF2, 0x22, 0x16, 0x0F, 0xFB, 0xCD, 0x43,
    0xF1, 0x21, 0x34, 0xF6, 0x7E, 0xB7, 0x28, 0xF6, 0xCB, 0x47, 0x20, 0x0A, 0xCB, 0x7F, 0x28, 0xEE,
    0x3E, 0x80, 0xD3, 0x0E, 0x18, 0x11, 0xCD, 0xE5, 0xF1, 0x06, 0x80, 0x10, 0xFE, 0x21, 0xFA, 0xF3,
    0xCD, 0xF1, 0x0B, 0x06, 0x0A, 0x10, 0xFE, 0xF3, 0x3E, 0x11, 0xD3, 0x27, 0x3E, 0x1C, 0xD3, 0x27,
    0x21, 0x37, 0xF4, 0x11, 0x20, 0x0F, 0x01, 0x20, 0x00, 0xED, 0xB0, 0x3E, 0x03, 0xD3, 0x0F, 0xFB,
    0xC3, 0xFA, 0x0B, 0xDD, 0x21, 0x5B, 0xF4, 0x0E, 0x83, 0xCD, 0x64, 0xF1, 0xDD, 0x21, 0xD1, 0xF4,
    0x0E, 0x85, 0xCD, 0x64, 0xF1, 0xDD, 0x21, 0x47, 0xF5, 0x0E, 0x87, 0xCD, 0x64, 0xF1, 0xDD, 0x21,
    0xBD, 0xF5, 0x0E, 0x89, 0xF3, 0xDD, 0xCB, 0x73, 0x4E, 0xDD, 0xCB, 0x73, 0x8E, 0x28, 0x04, 0xCB,
    0xF1, 0x18, 0x30, 0xDD, 0x7E, 0x71, 0xDD, 0xBE, 0x72, 0x28, 0x09, 0xCD, 0xFD, 0xF2, 0xDD, 0x77,
    0x71, 0x7E, 0x18, 0x22, 0xDD, 0xCB, 0x73, 0x56, 0xDD, 0xCB, 0x73, 0x96, 0x28, 0x09, 0x79, 0xF6,
    0x60, 0x4F, 0xDD, 0x7E, 0x75, 0x18, 0x0F, 0xDD, 0xCB, 0x73, 0x46, 0xDD, 0xCB, 0x73, 0x86, 0x28,
    0x20, 0xCB, 0xE9, 0xDD, 0x7E, 0x74, 0xF3, 0x47, 0xD3, 0x10, 0xAF, 0xD3, 0x14, 0x79, 0xD3, 0x14,
    0xFB, 0x00, 0xF3, 0xDB, 0x0E, 0xCB, 0x77, 0x28, 0xF7, 0x3A, 0x33, 0xF6, 0xB7, 0x20, 0x1D, 0xFB,
    0xC9, 0x21, 0x36, 0xF6, 0xCB, 0x46, 0x28, 0x08, 0xCB, 0x86, 0x3E, 0x00, 0x0E, 0x8B, 0x18, 0xD6,
    0xCB, 0x4E, 0x28, 0xEB, 0xCB, 0x8E, 0x3E, 0x00, 0x0E, 0xAB, 0x18, 0xCA, 0xAF, 0x32, 0x33, 0xF6,
    0xCB, 0x81, 0x78, 0x18, 0xC1, 0x3E, 0x06, 0x0E, 0x91, 0x18, 0xBB, 0x21, 0xFF, 0xFF, 0x47, 0xDB,
    0x0E, 0xCB, 0x77, 0x28, 0x0C, 0x78, 0xD3, 0x10, 0xAF, 0xD3, 0x14, 0x79, 0xF6, 0x80, 0xD3, 0x14,
    0xC9, 0x2B, 0x7C, 0xB5, 0x20, 0xE9, 0xC9, 0x21, 0xFF, 0xFF, 0xDB, 0x0E, 0xCB, 0x6F, 0x28, 0x07,
    0xE6, 0x1F, 0xB9, 0xC8, 0xF6, 0xFF, 0xC9, 0x2B, 0x7C, 0xB5, 0x20, 0xEE, 0x18, 0xF6, 0xF5, 0xC5,
    0xD5, 0xE5, 0xDD, 0xE5, 0xDB, 0x0E, 0xCB, 0x6F, 0x28, 0x4F, 0xE6, 0x16, 0xCB, 0x67, 0x20, 0x52,
    0x47, 0xDB, 0x0C, 0x4F, 0x78, 0xFE, 0x02, 0x28, 0x22, 0xFE, 0x04, 0x20, 0x3C, 0xDB, 0x0E, 0xCB,
    0x6F, 0x28, 0xFA, 0x47, 0xDB, 0x0C, 0xED, 0x79, 0x78, 0xE6, 0x16, 0x28, 0x2C, 0xFE, 0x04, 0x28,
    0xEC, 0xDB, 0x0E, 0xCB, 0x6F, 0x28, 0xFA, 0xE6, 0x16, 0x18, 0xD5, 0xED, 0x78, 0x47, 0xDB, 0x0E,
    0xCB, 0x77, 0x20, 0x05, 0x3E, 0xFF, 0x32, 0x33, 0xF6, 0x78, 0xD3, 0x10, 0xAF, 0xD3, 0x14, 0xF6,
    0x80, 0xD3, 0x14, 0xDB, 0x0E, 0xCB, 0x77, 0x28, 0xFA, 0xDD, 0xE1, 0xE1, 0xD1, 0xC1, 0xF1, 0xFB,
    0xED, 0x4D, 0x21, 0x34, 0xF6, 0xFE, 0x16, 0x28, 0x04, 0xDB, 0x0C, 0x18, 0xEC, 0xDB, 0x0C, 0xFE,
    0x52, 0x20, 0x04, 0xCB, 0xFE, 0x18, 0xE2, 0xFE, 0x51, 0x20, 0xDE, 0xCB, 0xC6, 0x18, 0xDA, 0xE5,
    0x21, 0x36, 0xF6, 0xCB, 0xC6, 0xE1, 0xFB, 0xED, 0x4D, 0xE5, 0x21, 0x36, 0xF6, 0xCB, 0xCE, 0xE1,
    0xFB, 0xED, 0x4D, 0xC5, 0xDD, 0xE5, 0x0E, 0x25, 0xDD, 0x21, 0x5B, 0xF4, 0x18, 0x1F, 0xC5, 0xDD,
    0xE5, 0x0E, 0x27, 0xDD, 0x21, 0xD1, 0xF4, 0x18, 0x14, 0xC5, 0xDD, 0xE5, 0x0E, 0x29, 0xDD, 0x21,
    0x47, 0xF5, 0x18, 0x09, 0xC5, 0xDD, 0xE5, 0x0E, 0x2B, 0xDD, 0x21, 0xBD, 0xF5, 0xF5, 0xE5, 0xD5,
    0x0D, 0xED, 0x40, 0xDD, 0x7E, 0x72, 0xCD, 0xFD, 0xF2, 0xDD, 0x77, 0x72, 0x70, 0x0C, 0xED, 0x78,
    0xCB, 0x47, 0x20, 0xEC, 0xD1, 0xE1, 0xF1, 0xDD, 0xE1, 0xC1, 0xFB, 0xED, 0x4D, 0x16, 0x00, 0x5F,
    0xDD, 0xE5, 0xE1, 0x3C, 0xFE, 0x70, 0x20, 0x01, 0xAF, 0x19, 0xC9, 0xC5, 0xDD, 0xE5, 0x0E, 0x27,
    0xDD, 0x21, 0xD1, 0xF4, 0x18, 0x1F, 0xC5, 0xDD, 0xE5, 0x0E, 0x25, 0xDD, 0x21, 0x5B, 0xF4, 0x18,
    0x14, 0xC5, 0xDD, 0xE5, 0x0E, 0x2B, 0xDD, 0x21, 0xBD, 0xF5, 0x18, 0x09, 0xC5, 0xDD, 0xE5, 0x0E,
    0x29, 0xDD, 0x21, 0x47, 0xF5, 0xF5, 0x3E, 0x28, 0xED, 0x79, 0xED, 0x78, 0xDD, 0x77, 0x74, 0xDD,
    0xCB, 0x73, 0xC6, 0x18, 0x76, 0xC5, 0xDD, 0xE5, 0x0E, 0x27, 0xDD, 0x21, 0xD1, 0xF4, 0x18, 0x1F,
    0xC5, 0xDD, 0xE5, 0x0E, 0x25, 0xDD, 0x21, 0x5B, 0xF4, 0x18, 0x14, 0xC5, 0xDD, 0xE5, 0x0E, 0x2B,
    0xDD, 0x21, 0xBD, 0xF5, 0x18, 0x09, 0xC5, 0xDD, 0xE5, 0x0E, 0x29, 0xDD, 0x21, 0x47, 0xF5, 0xF5,
    0xED, 0x78, 0xDD, 0x77, 0x74, 0x3E, 0x10, 0xED, 0x79, 0xDD, 0xCB, 0x73, 0xCE, 0x18, 0x3C, 0xC5,
    0xDD, 0xE5, 0x0E, 0x27, 0xDD, 0x21, 0xD1, 0xF4, 0x18, 0x1F, 0xC5, 0xDD, 0xE5, 0x0E, 0x25, 0xDD,
    0x21, 0x5B, 0xF4, 0x18, 0x14, 0xC5, 0xDD, 0xE5, 0x0E, 0x2B, 0xDD, 0x21, 0xBD, 0xF5, 0x18, 0x09,
    0xC5, 0xDD, 0xE5, 0x0E, 0x29, 0xDD, 0x21, 0x47, 0xF5, 0xF5, 0x3E, 0x01, 0xED, 0x79, 0xED, 0x78,
    0xDD, 0x77, 0x75, 0x3E, 0x30, 0xED, 0x79, 0xDD, 0xCB, 0x73, 0xD6, 0xF1, 0xDD, 0xE1, 0xC1, 0xFB,
    0xED, 0x4D, 0x19, 0x55, 0x38, 0x30, 0x30, 0x30, 0x2D, 0x55, 0x6E, 0x69, 0x74, 0x20, 0x64, 0x6F,
    0x65, 0x73, 0x20, 0x6E, 0x6F, 0x74, 0x20, 0x77, 0x6F, 0x72, 0x6B, 0x0D, 0x1D, 0x48, 0x61, 0x72,
    0x64, 0x77, 0x61, 0x72, 0x65, 0x20, 0x45, 0x72, 0x72, 0x6F, 0x72, 0x20, 0x69, 0x6E, 0x20, 0x43,
    0x6F, 0x6E, 0x6E, 0x65, 0x63, 0x74, 0x69, 0x6F, 0x6E, 0x0D, 0x01, 0x08, 0x16, 0x55, 0x38, 0x30,
    0x30, 0x30, 0x2D, 0x53, 0x6F, 0x66, 0x74, 0x77, 0x61, 0x72, 0x65, 0x6D, 0x6F, 0x6E, 0x69, 0x74,
    0x6F, 0x72, 0x0D, 0xCF, 0x7F, 0xB7, 0xFE, 0x0B, 0xF3, 0x45, 0xF3, 0xBE, 0xF2, 0x7F, 0xF3, 0x16,
    0xF3, 0x50, 0xF3, 0xB3, 0xF2, 0x8A, 0xF3, 0x21, 0xF3, 0x5B, 0xF3, 0xD4, 0xF2, 0x95, 0xF3, 0x2C,
    0xF3, 0x66, 0xF3, 0xC9, 0xF2, 0xA0, 0xF3, 0xFF, 0xFF, 0xFF, 0xFF, 0xFF, 0xFF, 0xFF, 0xFF, 0xFF,
    0xFF, 0xFF, 0xFF, 0xFF, 0xFF, 0xFF, 0xFF, 0xFF, 0xFF, 0xFF, 0xFF, 0xFF, 0xFF, 0xFF, 0xFF, 0xFF,
    0xFF, 0xFF, 0xFF, 0xFF, 0xFF, 0xFF, 0xFF, 0xFF, 0xFF, 0xFF, 0xFF, 0xFF, 0xFF, 0xFF, 0xFF, 0xFF,
    0xFF, 0xFF, 0xFF, 0xFF, 0xFF, 0xFF, 0xFF, 0xFF, 0xFF, 0xFF, 0xFF, 0xFF, 0xFF, 0xFF, 0xFF, 0xFF,
    0xFF, 0xFF, 0xFF, 0xFF, 0xFF, 0xFF, 0xFF, 0xFF, 0xFF, 0xFF, 0xFF, 0xFF, 0xFF, 0xFF, 0xFF, 0xFF,
    0xFF, 0xFF, 0xFF, 0xFF, 0xFF, 0xFF, 0xFF, 0xFF, 0xFF, 0xFF, 0xFF, 0xFF, 0xFF, 0xFF, 0xFF, 0xFF,
    0xFF, 0xFF, 0xFF, 0xFF, 0xFF, 0xFF, 0xFF, 0xFF, 0xFF, 0xFF, 0xFF, 0xFF, 0xFF, 0xFF, 0xFF, 0xFF,
    0xFF, 0xFF, 0xFF, 0xFF, 0xFF, 0xFF, 0xFF, 0xFF, 0xFF, 0xFF, 0xFF, 0xFF, 0xFF, 0xFF, 0xFF, 0xFF,
    0xFF, 0xFF, 0xFF, 0xFF, 0xFF, 0xFF, 0xFF, 0xFF, 0xFF, 0xFF, 0xFF, 0xFF, 0xFF, 0xFF, 0xFF, 0xFF,
    0xFF, 0xFF, 0xFF, 0xFF, 0xFF, 0xFF, 0xFF, 0xFF, 0xFF, 0xFF, 0xFF, 0xFF, 0xFF, 0xFF, 0xFF, 0xFF,
    0xFF, 0xFF, 0xFF, 0xFF, 0xFF, 0xFF, 0xFF, 0xFF, 0xFF, 0xFF, 0xFF, 0xFF, 0xFF, 0xFF, 0xFF, 0xFF,
    0xFF, 0xFF, 0xFF, 0xFF, 0xFF, 0xFF, 0xFF, 0xFF, 0xFF, 0xFF, 0xFF, 0xFF, 0xFF, 0xFF, 0xFF, 0xFF,
    0xFF, 0xFF, 0xFF, 0xFF, 0xFF, 0xFF, 0xFF, 0xFF, 0x22, 0x35, 0xDD, 0xCA, 0x73, 0xFF, 0x8C, 0x00,
};
// Generated from: doc/p8000/eproms/8BIT/MON8_1_3.1_NUR8BIT + doc/p8000/eproms/8BIT/MON8_2_3.1_NUR8BIT
// Size: 8192 bytes
static constexpr uint8_t P8K_MON8_3_1_NUR8BIT[8192] = {
    0x18, 0x0D, 0x28, 0x43, 0x29, 0x4B, 0x45, 0x41, 0x57, 0x5F, 0x30, 0x31, 0x2F, 0x38, 0x39, 0x06,
    0x00, 0x0E, 0x00, 0x0D, 0x20, 0xFD, 0x05, 0x20, 0xF8, 0x3E, 0xCF, 0xD3, 0x1D, 0x3E, 0x80, 0xD3,
    0x1D, 0x3E, 0x03, 0xD3, 0x1D, 0xDB, 0x1C, 0xCB, 0x7F, 0xCA, 0x5F, 0x0D, 0xAF, 0xED, 0x47, 0x0E,
    0x00, 0x11, 0x10, 0x00, 0xAF, 0x47, 0xED, 0x51, 0xC6, 0x10, 0x1D, 0x20, 0xF8, 0x16, 0x01, 0x06,
    0x00, 0xED, 0x51, 0xDB, 0x04, 0x16, 0x01, 0x06, 0x10, 0xED, 0x51, 0x18, 0x17, 0x26, 0x00, 0x0E,
    0x00, 0xD9, 0x3E, 0x0F, 0xD3, 0x19, 0x3E, 0x03, 0xD3, 0x19, 0x0E, 0x26, 0x06, 0x2B, 0x21, 0x7E,
    0x0C, 0xC3, 0x0B, 0x01, 0x18, 0x03, 0xC3, 0x00, 0x40, 0x3E, 0x0F, 0xD3, 0x19, 0x3E, 0x03, 0xD3,
    0x19, 0x3E, 0xAA, 0xD3, 0x18, 0x0E, 0x00, 0xDB, 0x1C, 0xDB, 0x18, 0xFE, 0xAA, 0x28, 0x03, 0x67,
    0x0E, 0x01, 0x3E, 0x55, 0xD3, 0x18, 0xDB, 0x1C, 0xDB, 0x18, 0xFE, 0x55, 0x28, 0x03, 0x6F, 0xCB,
    0xC9, 0x3E, 0xFF, 0xD3, 0x18, 0x3E, 0x07, 0xD3, 0x2D, 0x3E, 0xAA, 0xD3, 0x2D, 0x16, 0x05, 0x15,
    0x20, 0xFD, 0xDB, 0x2D, 0xFE, 0xAA, 0x38, 0x03, 0x57, 0xCB, 0xD1, 0x3E, 0x03, 0xD3, 0x2D, 0xDB,
    0x2D, 0xFE, 0xAA, 0x28, 0x03, 0x5F, 0xCB, 0xD9, 0x3E, 0x38, 0xD3, 0x27, 0x3E, 0x10, 0xD3, 0x27,
    0x3E, 0x11, 0xD3, 0x27, 0xAF, 0xD3, 0x27, 0x3E, 0x12, 0xD3, 0x27, 0x3E, 0x50, 0xD3, 0x27, 0x3E,
    0x12, 0xD3, 0x27, 0xDB, 0x27, 0xFE, 0x50, 0x28, 0x04, 0xED, 0x47, 0xCB, 0xE1, 0x3E, 0x12, 0xD3,
    0x27, 0x3E, 0x20, 0xD3, 0x27, 0x3E, 0x12, 0xD3, 0x27, 0xDB, 0x27, 0xFE, 0x20, 0x28, 0x03, 0x47,
    0xCB, 0xE9, 0xD9, 0x3E, 0x57, 0xD3, 0x2D, 0x3E, 0x02, 0xD3, 0x2D, 0x21, 0x02, 0x0C, 0x06, 0x08,
    0x0E, 0x27, 0xED, 0xB3, 0x0E, 0x26, 0x06, 0x44, 0x21, 0x65, 0x0C, 0xED, 0xA3, 0x04, 0xDB, 0x27,
    0xCB, 0x57, 0x28, 0xFA, 0x0E, 0x02, 0x16, 0x00, 0x15, 0x20, 0xFD, 0x0D, 0x20, 0xF8, 0x0E, 0x26,
    0x10, 0xE9, 0xD9, 0x79, 0xA7, 0x20, 0x2D, 0x21, 0x4F, 0x0D, 0x06, 0x10, 0x7E, 0xD3, 0x26, 0xDB,
    0x27, 0xCB, 0x57, 0x28, 0xFA, 0x23, 0x16, 0x00, 0x15, 0x20, 0xFD, 0x10, 0xEF, 0xD9, 0x26, 0x00,
    0xD9, 0x3E, 0x10, 0xD3, 0x18, 0x3E, 0x15, 0xD3, 0x18, 0x3E, 0x16, 0xD3, 0x18, 0x3E, 0x20, 0xD3,
    0x18, 0xC3, 0x3E, 0x03, 0xD9, 0x1E, 0x10, 0xDD, 0x21, 0x5E, 0x01, 0xC3, 0x19, 0x04, 0xD9, 0xCB,
    0x41, 0x28, 0x46, 0xD9, 0x0E, 0x26, 0x06, 0x19, 0x21, 0xB9, 0x0C, 0xED, 0xA3, 0x04, 0xDB, 0x27,
    0xCB, 0x57, 0x28, 0xFA, 0x16, 0xFF, 0x15, 0x20, 0xFD, 0x10, 0xF0, 0xD9, 0x7C, 0xE6, 0xF0, 0x0F,
    0x0F, 0x0F, 0x0F, 0xFE, 0x0A, 0x38, 0x02, 0xC6, 0x07, 0xC6, 0x30, 0xD3, 0x26, 0xDB, 0x27, 0xCB,
    0x57, 0x28, 0xFA, 0x7C, 0xE6, 0x0F, 0xFE, 0x0A, 0x38, 0x02, 0xC6, 0x07, 0xC6, 0x30, 0xD3, 0x26,
    0xDB, 0x27, 0xCB, 0x57, 0x28, 0xFA, 0x26, 0xFF, 0xD9, 0xCB, 0x49, 0x28, 0x46, 0xD9, 0x0E, 0x26,
    0x06, 0x19, 0x21, 0xD2, 0x0C, 0xED, 0xA3, 0x04, 0xDB, 0x27, 0xCB, 0x57, 0x28, 0xFA, 0x16, 0xFF,
    0x15, 0x20, 0xFD, 0x10, 0xF0, 0xD9, 0x7D, 0xE6, 0xF0, 0x0F, 0x0F, 0x0F, 0x0F, 0xFE, 0x0A, 0x38,
    0x02, 0xC6, 0x07, 0xC6, 0x30, 0xD3, 0x26, 0xDB, 0x27, 0xCB, 0x57, 0x28, 0xFA, 0x7D, 0xE6, 0x0F,
    0xFE, 0x0A, 0x38, 0x02, 0xC6, 0x07, 0xC6, 0x30, 0xD3, 0x26, 0xDB, 0x27, 0xCB, 0x57, 0x28, 0xFA,
    0x26, 0xFF, 0xD9, 0xD9, 0x1E, 0x15, 0xDD, 0x21, 0xFD, 0x01, 0xC3, 0x19, 0x04, 0xD9, 0xCB, 0x51,
    0x28, 0x46, 0xD9, 0x0E, 0x26, 0x06, 0x19, 0x21, 0xEB, 0x0C, 0xED, 0xA3, 0x04, 0xDB, 0x27, 0xCB,
    0x57, 0x28, 0xFA, 0x16, 0xFF, 0x15, 0x20, 0xFD, 0x10, 0xF0, 0xD9, 0x7A, 0xE6, 0xF0, 0x0F, 0x0F,
    0x0F, 0x0F, 0xFE, 0x0A, 0x38, 0x02, 0xC6, 0x07, 0xC6, 0x30, 0xD3, 0x26, 0xDB, 0x27, 0xCB, 0x57,
    0x28, 0xFA, 0x7A, 0xE6, 0x0F, 0xFE, 0x0A, 0x38, 0x02, 0xC6, 0x07, 0xC6, 0x30, 0xD3, 0x26, 0xDB,
    0x27, 0xCB, 0x57, 0x28, 0xFA, 0x26, 0xFF, 0xD9, 0xD9, 0x1E, 0x16, 0xDD, 0x21, 0x52, 0x02, 0xC3,
    0x19, 0x04, 0xD9, 0xCB, 0x59, 0x28, 0x46, 0xD9, 0x0E, 0x26, 0x06, 0x19, 0x21, 0x04, 0x0D, 0xED,
    0xA3, 0x04, 0xDB, 0x27, 0xCB, 0x57, 0x28, 0xFA, 0x16, 0xFF, 0x15, 0x20, 0xFD, 0x10, 0xF0, 0xD9,
    0x7B, 0xE6, 0xF0, 0x0F, 0x0F, 0x0F, 0x0F, 0xFE, 0x0A, 0x38, 0x02, 0xC6, 0x07, 0xC6, 0x30, 0xD3,
    0x26, 0xDB, 0x27, 0xCB, 0x57, 0x28, 0xFA, 0x7B, 0xE6, 0x0F, 0xFE, 0x0A, 0x38, 0x02, 0xC6, 0x07,
    0xC6, 0x30, 0xD3, 0x26, 0xDB, 0x27, 0xCB, 0x57, 0x28, 0xFA, 0x26, 0xFF, 0xD9, 0xD9, 0x1E, 0x20,
    0xDD, 0x21, 0xA7, 0x02, 0xC3, 0x19, 0x04, 0xD9, 0xCB, 0x61, 0x28, 0x48, 0xD9, 0x0E, 0x26, 0x06,
    0x19, 0x21, 0x1D, 0x0D, 0xED, 0xA3, 0x04, 0xDB, 0x27, 0xCB, 0x57, 0x28, 0xFA, 0x16, 0xFF, 0x15,
    0x20, 0xFD, 0x10, 0xF0, 0xD9, 0xED, 0x57, 0xE6, 0xF0, 0x0F, 0x0F, 0x0F, 0x0F, 0xFE, 0x0A, 0x38,
    0x02, 0xC6, 0x07, 0xC6, 0x30, 0xD3, 0x26, 0xDB, 0x27, 0xCB, 0x57, 0x28, 0xFA, 0xED, 0x57, 0xE6,
    0x0F, 0xFE, 0x0A, 0x38, 0x02, 0xC6, 0x07, 0xC6, 0x30, 0xD3, 0x26, 0xDB, 0x27, 0xCB, 0x57, 0x28,
    0xFA, 0x26, 0xFF, 0xD9, 0xCB, 0x69, 0x28, 0x46, 0xD9, 0x0E, 0x26, 0x06, 0x19, 0x21, 0x36, 0x0D,
    0xED, 0xA3, 0x04, 0xDB, 0x27, 0xCB, 0x57, 0x28, 0xFA, 0x16, 0xFF, 0x15, 0x20, 0xFD, 0x10, 0xF0,
    0xD9, 0x78, 0xE6, 0xF0, 0x0F, 0x0F, 0x0F, 0x0F, 0xFE, 0x0A, 0x38, 0x02, 0xC6, 0x07, 0xC6, 0x30,
    0xD3, 0x26, 0xDB, 0x27, 0xCB, 0x57, 0x28, 0xFA, 0x78, 0xE6, 0x0F, 0xFE, 0x0A, 0x38, 0x02, 0xC6,
    0x07, 0xC6, 0x30, 0xD3, 0x26, 0xDB, 0x27, 0xCB, 0x57, 0x28, 0xFA, 0x26, 0xFF, 0xD9, 0xD9, 0x1E,
    0x00, 0xDD, 0x21, 0x48, 0x03, 0xC3, 0x19, 0x04, 0xD9, 0xDD, 0x21, 0x9B, 0x03, 0x21, 0x00, 0x00,
    0x01, 0x00, 0x10, 0x11, 0xFF, 0xFF, 0x7E, 0xAA, 0x57, 0x0F, 0x0F, 0x0F, 0x0F, 0xE6, 0x0F, 0xAA,
    0x57, 0x0F, 0x0F, 0x0F, 0xED, 0x47, 0xE6, 0x1F, 0xAB, 0x5F, 0xED, 0x57, 0xED, 0x47, 0x0F, 0xE6,
    0xF0, 0xAB, 0x5F, 0xED, 0x57, 0xE6, 0xE0, 0xAA, 0x53, 0x5F, 0x23, 0x0B, 0x78, 0xB1, 0x20, 0xD6,
    0x2A, 0xF8, 0x1F, 0x7A, 0xBC, 0xC2, 0x5E, 0x04, 0x7B, 0xBD, 0xC2, 0x5E, 0x04, 0x2A, 0xFA, 0x1F,
    0x19, 0x3E, 0xFF, 0xBC, 0xC2, 0x5E, 0x04, 0xBD, 0xC2, 0x5E, 0x04, 0xDD, 0x21, 0xED, 0x03, 0x21,
    0x00, 0x10, 0x01, 0xF8, 0x0F, 0x11, 0xFF, 0xFF, 0x7E, 0xAA, 0x57, 0x0F, 0x0F, 0x0F, 0x0F, 0xE6,
    0x0F, 0xAA, 0x57, 0x0F, 0x0F, 0x0F, 0xED, 0x47, 0xE6, 0x1F, 0xAB, 0x5F, 0xED, 0x57, 0xED, 0x47,
    0x0F, 0xE6, 0xF0, 0xAB, 0x5F, 0xED, 0x57, 0xE6, 0xE0, 0xAA, 0x53, 0x5F, 0x23, 0x0B, 0x78, 0xB1,
    0x20, 0xD6, 0x2A, 0xFC, 0x1F, 0x7A, 0xBC, 0xC2, 0x5E, 0x04, 0x7B, 0xBD, 0xC2, 0x5E, 0x04, 0x2A,
    0xFE, 0x1F, 0x19, 0x3E, 0xFF, 0xBC, 0xC2, 0x5E, 0x04, 0xBD, 0xC2, 0x5E, 0x04, 0xD9, 0x1E, 0x05,
    0xDD, 0x21, 0xF7, 0x03, 0xC3, 0x19, 0x04, 0xD9, 0x16, 0x02, 0x06, 0x20, 0x0E, 0x00, 0xED, 0x51,
    0xAF, 0x21, 0x00, 0x20, 0x11, 0x01, 0x20, 0x01, 0xFF, 0x07, 0x77, 0xED, 0xB0, 0xBE, 0xCA, 0x9E,
    0x05, 0x47, 0x7E, 0xDD, 0x21, 0xA3, 0x05, 0x18, 0x45, 0x06, 0x02, 0x3E, 0x08, 0xD3, 0x26, 0xDB,
    0x27, 0xCB, 0x57, 0x28, 0xFA, 0x16, 0x00, 0x15, 0x20, 0xFD, 0x10, 0xEF, 0x7B, 0xFD, 0x21, 0x34,
    0x04, 0xC3, 0x5F, 0x05, 0xD3, 0x26, 0xFD, 0x21, 0x3D, 0x04, 0xC3, 0x57, 0x05, 0x16, 0x00, 0x15,
    0x20, 0xFD, 0x79, 0xD3, 0x26, 0xFD, 0x21, 0x4C, 0x04, 0xC3, 0x57, 0x05, 0x7B, 0xCB, 0x44, 0x20,
    0x02, 0xD3, 0x18, 0x01, 0x00, 0x00, 0x0D, 0x20, 0xFD, 0x05, 0x20, 0xFA, 0xDD, 0xE9, 0xD9, 0x21,
    0xA9, 0x0C, 0x06, 0x0C, 0x0E, 0x26, 0xED, 0xA3, 0x04, 0xDB, 0x27, 0xCB, 0x57, 0x28, 0xFA, 0x16,
    0x00, 0x15, 0x20, 0xFD, 0x10, 0xF0, 0x7B, 0xFD, 0x21, 0x7E, 0x04, 0xC3, 0x5F, 0x05, 0xD3, 0x26,
    0xFD, 0x21, 0x87, 0x04, 0xC3, 0x57, 0x05, 0x79, 0xD3, 0x26, 0xFD, 0x21, 0x91, 0x04, 0xC3, 0x57,
    0x05, 0x26, 0xFF, 0x7B, 0xED, 0x47, 0xD9, 0x57, 0xED, 0x57, 0xA7, 0xCA, 0x3F, 0x05, 0x3E, 0x20,
    0xD3, 0x26, 0xDB, 0x27, 0xCB, 0x57, 0x28, 0xFA, 0x48, 0x06, 0x02, 0x3E, 0x20, 0xD3, 0x26, 0xDB,
    0x27, 0xCB, 0x57, 0x28, 0xFA, 0x1E, 0x00, 0x1D, 0x20, 0xFD, 0x10, 0xEF, 0x41, 0x7C, 0xFD, 0x21,
    0xC5, 0x04, 0xC3, 0x5F, 0x05, 0xD3, 0x26, 0xFD, 0x21, 0xCE, 0x04, 0xC3, 0x57, 0x05, 0x79, 0xD3,
    0x26, 0xFD, 0x21, 0xD8, 0x04, 0xC3, 0x57, 0x05, 0x7D, 0xFD, 0x21, 0xE0, 0x04, 0xC3, 0x5F, 0x05,
    0xD3, 0x26, 0xFD, 0x21, 0xE9, 0x04, 0xC3, 0x57, 0x05, 0x79, 0xD3, 0x26, 0xFD, 0x21, 0xF3, 0x04,
    0xC3, 0x57, 0x05, 0x3E, 0x20, 0xD3, 0x26, 0xFD, 0x21, 0xFE, 0x04, 0xC3, 0x57, 0x05, 0x78, 0xFD,
    0x21, 0x06, 0x05, 0xC3, 0x5F, 0x05, 0xD3, 0x26, 0xFD, 0x21, 0x0F, 0x05, 0xC3, 0x57, 0x05, 0x79,
    0xD3, 0x26, 0xFD, 0x21, 0x19, 0x05, 0xC3, 0x57, 0x05, 0x3E, 0x20, 0xD3, 0x26, 0xFD, 0x21, 0x24,
    0x05, 0xC3, 0x57, 0x05, 0x7A, 0xFD, 0x21, 0x2C, 0x05, 0xC3, 0x5F, 0x05, 0xD3, 0x26, 0xFD, 0x21,
    0x35, 0x05, 0xC3, 0x57, 0x05, 0x79, 0xD3, 0x26, 0xFD, 0x21, 0x3F, 0x05, 0xC3, 0x57, 0x05, 0x21,
    0xB5, 0x0C, 0x06, 0x04, 0x7E, 0xD3, 0x26, 0xDB, 0x27, 0xCB, 0x57, 0x28, 0xFA, 0x23, 0x16, 0x00,
    0x15, 0x20, 0xFD, 0x10, 0xEF, 0xDD, 0xE9, 0xDB, 0x27, 0xCB, 0x57, 0x28, 0xFA, 0xFD, 0xE9, 0x4F,
    0xE6, 0xF0, 0x0F, 0x0F, 0x0F, 0x0F, 0xFE, 0x0A, 0x38, 0x02, 0xC6, 0x07, 0xC6, 0x30, 0xED, 0x47,
    0x79, 0xE6, 0x0F, 0xFE, 0x0A, 0x38, 0x02, 0xC6, 0x07, 0xC6, 0x30, 0x4F, 0xED, 0x57, 0xFD, 0xE9,
    0x00, 0x88, 0x01, 0x7F, 0x00, 0x88, 0x00, 0x04, 0x88, 0x00, 0x08, 0x00, 0x08, 0x00, 0x10, 0x02,
    0x0E, 0x08, 0x04, 0x88, 0x2D, 0x00, 0x88, 0x00, 0x08, 0x80, 0x00, 0x00, 0xDD, 0xE9, 0xEE, 0xFF,
    0xC2, 0x01, 0x04, 0xD9, 0x1E, 0x06, 0xDD, 0x21, 0xAD, 0x05, 0xC3, 0x19, 0x04, 0xD9, 0xDD, 0x21,
    0xCD, 0x05, 0x21, 0x00, 0x20, 0x11, 0x00, 0x20, 0x0E, 0x08, 0xAF, 0x12, 0x13, 0x3C, 0x20, 0xFB,
    0x47, 0x7E, 0xB8, 0xC2, 0x5E, 0x04, 0x23, 0x04, 0x20, 0xF7, 0x0D, 0x20, 0xED, 0xD9, 0x1E, 0x07,
    0xDD, 0x21, 0xD7, 0x05, 0xC3, 0x19, 0x04, 0xD9, 0x21, 0x00, 0x20, 0x36, 0xFF, 0x11, 0xFF, 0x07,
    0x43, 0x3A, 0xA8, 0x01, 0x7E, 0xB8, 0xC2, 0x5E, 0x04, 0x23, 0xA7, 0x17, 0x77, 0x08, 0x23, 0x1B,
    0x7A, 0xB3, 0x28, 0x03, 0x08, 0x18, 0xF4, 0x21, 0x01, 0x20, 0x11, 0xFE, 0x07, 0x37, 0x43, 0x08,
    0x7E, 0xB8, 0xC2, 0x5E, 0x04, 0x23, 0x1B, 0x7A, 0xB3, 0x28, 0x07, 0x08, 0x78, 0x17, 0x47, 0x08,
    0x18, 0xEE, 0xD9, 0x1E, 0x08, 0xDD, 0x21, 0x1C, 0x06, 0xC3, 0x19, 0x04, 0xD9, 0x11, 0x00, 0x20,
    0x21, 0x80, 0x05, 0x01, 0x1E, 0x00, 0xED, 0xB0, 0xA7, 0xEB, 0x11, 0x1E, 0x00, 0xED, 0x52, 0xDD,
    0x21, 0x34, 0x06, 0xE9, 0x11, 0x00, 0x01, 0x2C, 0x19, 0xEB, 0x7A, 0xFE, 0x28, 0x20, 0xE1, 0x31,
    0x00, 0x28, 0x3E, 0xFF, 0x32, 0x60, 0x23, 0xD9, 0x1E, 0x10, 0xCD, 0xDF, 0x0A, 0xD9, 0x3E, 0x03,
    0x0E, 0x0D, 0xED, 0x79, 0x3E, 0x55, 0xCD, 0xAF, 0x09, 0xC4, 0x11, 0x0B, 0x3E, 0x03, 0x0E, 0x1B,
    0xED, 0x79, 0x3E, 0xF3, 0xCD, 0xAF, 0x09, 0xC4, 0x11, 0x0B, 0x3E, 0x03, 0x0E, 0x1D, 0xED, 0x79,
    0x3E, 0x9F, 0xCD, 0xAF, 0x09, 0xC4, 0x11, 0x0B, 0x3E, 0x03, 0x0E, 0x1F, 0xED, 0x79, 0x3E, 0x6F,
    0xCD, 0xAF, 0x09, 0xC4, 0x11, 0x0B, 0xFB, 0xED, 0x5E, 0x3E, 0x23, 0xED, 0x47, 0x21, 0x23, 0x0C,
    0x11, 0x00, 0x23, 0x01, 0x42, 0x00, 0xED, 0xB0, 0xAF, 0x21, 0x4F, 0x23, 0x06, 0x14, 0x77, 0x23,
    0x10, 0xFC, 0xD9, 0x3E, 0xFF, 0x32, 0x60, 0x23, 0x1E, 0x15, 0xCD, 0xDF, 0x0A, 0xD9, 0x0E, 0x08,
    0x06, 0x40, 0xCD, 0xC2, 0x09, 0xD4, 0x11, 0x0B, 0x0E, 0x09, 0x06, 0x50, 0xCD, 0xC2, 0x09, 0xD4,
    0x11, 0x0B, 0x0E, 0x0A, 0x06, 0x60, 0xCD, 0xC2, 0x09, 0xD4, 0x11, 0x0B, 0x0E, 0x0B, 0x06, 0x70,
    0xCD, 0xC2, 0x09, 0xD4, 0x11, 0x0B, 0x0E, 0x2C, 0x06, 0x80, 0xCD, 0xC2, 0x09, 0xD4, 0x11, 0x0B,
    0x0E, 0x2E, 0x06, 0x90, 0xCD, 0xC2, 0x09, 0xD4, 0x11, 0x0B, 0x0E, 0x2F, 0x06, 0xA0, 0xCD, 0xC2,
    0x09, 0xD4, 0x11, 0x0B, 0xD9, 0x1E, 0x16, 0xCD, 0xDF, 0x0A, 0xD9, 0x06, 0x40, 0x0E, 0x08, 0xED,
    0x78, 0xB8, 0xC4, 0x11, 0x0B, 0x06, 0x50, 0x0E, 0x09, 0xED, 0x78, 0xB8, 0xC4, 0x11, 0x0B, 0x06,
    0x60, 0x0E, 0x0A, 0xED, 0x78, 0xB8, 0xC4, 0x11, 0x0B, 0x06, 0x70, 0x0E, 0x0B, 0xED, 0x78, 0xB8,
    0xC4, 0x11, 0x0B, 0x06, 0x80, 0x0E, 0x2C, 0xED, 0x78, 0xB8, 0xC4, 0x11, 0x0B, 0x06, 0x90, 0x0E,
    0x2E, 0xED, 0x78, 0xB8, 0xC4, 0x11, 0x0B, 0x06, 0xA0, 0x0E, 0x2F, 0xED, 0x78, 0xB8, 0xC4, 0x11,
    0x0B, 0xD9, 0x3E, 0x01, 0x32, 0x60, 0x23, 0x1E, 0x17, 0xCD, 0xDF, 0x0A, 0xD9, 0xAF, 0x0E, 0x08,
    0xD3, 0x08, 0xCD, 0xD6, 0x09, 0xCC, 0x11, 0x0B, 0x0E, 0x09, 0xCD, 0xD6, 0x09, 0xCC, 0x11, 0x0B,
    0x0E, 0x0A, 0xCD, 0xD6, 0x09, 0xCC, 0x11, 0x0B, 0x0E, 0x0B, 0xCD, 0xD6, 0x09, 0xCC, 0x11, 0x0B,
    0x3E, 0x08, 0x0E, 0x2C, 0xED, 0x79, 0xCD, 0xD6, 0x09, 0xCC, 0x11, 0x0B, 0x0E, 0x2E, 0xCD, 0xD6,
    0x09, 0xCC, 0x11, 0x0B, 0x0E, 0x2F, 0xCD, 0xD6, 0x09, 0xCC, 0x11, 0x0B, 0xD9, 0x1E, 0x20, 0x3E,
    0xFF, 0x32, 0x60, 0x23, 0xCD, 0xDF, 0x0A, 0xD9, 0x3E, 0x11, 0xD3, 0x2B, 0xAF, 0xD3, 0x2B, 0x3E,
    0x12, 0xD3, 0x2B, 0x3E, 0x50, 0xD3, 0x2B, 0xDB, 0x2B, 0x3E, 0x12, 0xD3, 0x2B, 0x0E, 0x28, 0x06,
    0x50, 0xDB, 0x2B, 0xB8, 0xC4, 0x11, 0x0B, 0x3E, 0x12, 0xD3, 0x2B, 0x3E, 0x30, 0xD3, 0x2B, 0xDB,
    0x2B, 0x3E, 0x12, 0xD3, 0x2B, 0x0E, 0x28, 0x06, 0x30, 0xDB, 0x2B, 0xB8, 0xC4, 0x11, 0x0B, 0xD9,
    0x3E, 0x01, 0x32, 0x60, 0x23, 0x1E, 0x21, 0xCD, 0xDF, 0x0A, 0xD9, 0x06, 0x2C, 0x1E, 0x25, 0xCD,
    0xCD, 0x0A, 0x3E, 0x11, 0xD3, 0x25, 0xD3, 0x27, 0x3E, 0x06, 0xD3, 0x25, 0xD3, 0x27, 0x0E, 0x24,
    0xCD, 0xEC, 0x09, 0xCC, 0x11, 0x0B, 0x0E, 0x26, 0xCD, 0x01, 0x0A, 0xCC, 0x11, 0x0B, 0x06, 0x2E,
    0x1E, 0x29, 0xCD, 0xCD, 0x0A, 0x06, 0x08, 0x1E, 0x2B, 0xCD, 0xCD, 0x0A, 0x3E, 0x11, 0xD3, 0x29,
    0xD3, 0x2B, 0x3E, 0x06, 0xD3, 0x29, 0xD3, 0x2B, 0x0E, 0x28, 0xCD, 0x1C, 0x0A, 0xCC, 0x11, 0x0B,
    0x0E, 0x2A, 0xCD, 0x31, 0x0A, 0xCC, 0x11, 0x0B, 0xD9, 0x3E, 0xFF, 0x32, 0x60, 0x23, 0x1E, 0x25,
    0xCD, 0xDF, 0x0A, 0xD9, 0xF3, 0xCD, 0xE1, 0x0B, 0x20, 0x36, 0x3E, 0x03, 0xD3, 0x21, 0xCD, 0xE1,
    0x0B, 0x20, 0x2D, 0x3E, 0x1F, 0xD3, 0x21, 0xCD, 0xE1, 0x0B, 0x20, 0x24, 0x3E, 0xFF, 0xD3, 0x21,
    0xCD, 0xE1, 0x0B, 0x20, 0x1B, 0x06, 0xFF, 0x0E, 0x21, 0xED, 0x78, 0xB8, 0xC4, 0x11, 0x0B, 0x3E,
    0xCF, 0xD3, 0x1F, 0x3E, 0x10, 0xD3, 0x1F, 0x3E, 0x03, 0xD3, 0x1F, 0x3E, 0x8F, 0xD3, 0x1E, 0xFB,
    0xD9, 0x1E, 0x26, 0xCD, 0xDF, 0x0A, 0xD9, 0x21, 0x0A, 0x0C, 0x06, 0x16, 0x0E, 0x3C, 0xED, 0xB3,
    0x06, 0x3B, 0xED, 0x78, 0xA0, 0xCC, 0x11, 0x0B, 0x0E, 0x3C, 0x06, 0x00, 0xED, 0x78, 0xB8, 0xC4,
    0x11, 0x0B, 0x0E, 0x3C, 0x06, 0x01, 0xED, 0x78, 0xB8, 0xC4, 0x11, 0x0B, 0xD9, 0x3E, 0x01, 0x32,
    0x60, 0x23, 0x1E, 0x27, 0xCD, 0xDF, 0x0A, 0xD9, 0x21, 0x0A, 0x0C, 0x06, 0x13, 0x0E, 0x3C, 0xED,
    0xB3, 0x21, 0x20, 0x0C, 0x06, 0x03, 0x0E, 0x3C, 0xED, 0xB3, 0xCD, 0xB7, 0x0A, 0x3A, 0x4F, 0x23,
    0xA7, 0xCC, 0x11, 0x0B, 0x3E, 0xC3, 0xD3, 0x3C, 0xD9, 0x3E, 0xFF, 0x32, 0x60, 0x23, 0x1E, 0x30,
    0xCD, 0xDF, 0x0A, 0xD9, 0x11, 0x0D, 0x04, 0x06, 0x30, 0x0E, 0x00, 0x3E, 0x10, 0xED, 0x51, 0x80,
    0x47, 0x1D, 0x20, 0xF7, 0xAF, 0x21, 0x00, 0x30, 0x11, 0x01, 0x30, 0x01, 0xFF, 0xCF, 0x77, 0xED,
    0xB0, 0x7E, 0xB8, 0xC4, 0x99, 0x0B, 0x3E, 0xFF, 0x21, 0x00, 0x30, 0x11, 0x01, 0x30, 0x01, 0xFF,
    0xCF, 0x77, 0xED, 0xB0, 0x47, 0x7E, 0xB8, 0xC4, 0x99, 0x0B, 0xD9, 0x1E, 0x31, 0xCD, 0xDF, 0x0A,
    0xD9, 0x21, 0x00, 0x30, 0x11, 0x01, 0x30, 0xAF, 0x01, 0xFF, 0x00, 0x77, 0xED, 0xB0, 0x23, 0x13,
    0x3C, 0xFE, 0xD0, 0x20, 0xF3, 0x21, 0x00, 0x30, 0x1E, 0x00, 0x7E, 0xB8, 0xC4, 0x99, 0x0B, 0x23,
    0x1D, 0x20, 0xF7, 0x04, 0x78, 0xFE, 0xD0, 0x20, 0xEF, 0xD9, 0x1E, 0x32, 0xCD, 0xDF, 0x0A, 0xD9,
    0x21, 0x00, 0x30, 0x06, 0xFF, 0x36, 0xFF, 0x11, 0xFE, 0xCF, 0x7E, 0xB8, 0xC4, 0x99, 0x0B, 0x23,
    0x17, 0x77, 0x23, 0x1B, 0xF5, 0x7A, 0xB3, 0x28, 0x03, 0xF1, 0x18, 0xF4, 0x21, 0x01, 0x30, 0x11,
    0xFE, 0xCF, 0x7B, 0x37, 0xF5, 0x47, 0x7E, 0xB8, 0xC4, 0x99, 0x0B, 0x23, 0x1B, 0x7A, 0xB3, 0x28,
    0x04, 0xF1, 0x17, 0x18, 0xEF, 0xF1, 0xD9, 0x1E, 0x33, 0xCD, 0xDF, 0x0A, 0xD9, 0x11, 0x00, 0x30,
    0x21, 0x80, 0x05, 0x01, 0x1E, 0x00, 0xED, 0xB0, 0xA7, 0xEB, 0x11, 0x1E, 0x00, 0xED, 0x52, 0xDD,
    0x21, 0x94, 0x09, 0xE9, 0x11, 0x00, 0x01, 0x23, 0x19, 0xEB, 0x7A, 0xA7, 0x20, 0xE2, 0x3E, 0x0D,
    0xCD, 0xDB, 0x0B, 0xCD, 0xD9, 0x0B, 0xCD, 0xD9, 0x0B, 0xCD, 0xD9, 0x0B, 0xC3, 0x79, 0x0D, 0x47,
    0x3E, 0x0F, 0xED, 0x79, 0x3E, 0x03, 0xED, 0x79, 0x0D, 0x78, 0xED, 0x79, 0xDB, 0x18, 0xED, 0x78,
    0xB8, 0xC9, 0x3E, 0x07, 0xED, 0x79, 0x78, 0xED, 0x79, 0xCD, 0xC7, 0x0A, 0xED, 0x78, 0xB8, 0xF5,
    0x3E, 0x03, 0xED, 0x79, 0xF1, 0xC9, 0x3E, 0x87, 0xED, 0x79, 0x06, 0x70, 0x21, 0x80, 0x05, 0x3E,
    0xFF, 0xED, 0x41, 0xCD, 0xC1, 0x0A, 0xCD, 0xC1, 0x0A, 0x7E, 0xA7, 0xC9, 0xAF, 0xED, 0x79, 0xCD,
    0xB7, 0x0A, 0xCD, 0xB7, 0x0A, 0xCD, 0x46, 0x0A, 0x3E, 0x03, 0xD3, 0x2C, 0x3A, 0x5C, 0x23, 0xA7,
    0xC9, 0xAF, 0xED, 0x79, 0xCD, 0xB7, 0x0A, 0xCD, 0xB7, 0x0A, 0x0C, 0x3E, 0x11, 0xED, 0x79, 0xAF,
    0xED, 0x79, 0x3E, 0x38, 0xD3, 0x25, 0x0D, 0x3A, 0x5D, 0x23, 0xA7, 0xC9, 0xAF, 0xED, 0x79, 0xCD,
    0xB7, 0x0A, 0xCD, 0xB7, 0x0A, 0xCD, 0x46, 0x0A, 0x3E, 0x03, 0xD3, 0x2E, 0x3A, 0x5E, 0x23, 0xA7,
    0xC9, 0xAF, 0xED, 0x79, 0xCD, 0xB7, 0x0A, 0xCD, 0xB7, 0x0A, 0xCD, 0x46, 0x0A, 0x3E, 0x03, 0xD3,
    0x08, 0x3A, 0x5E, 0x23, 0xA7, 0xC9, 0x0C, 0x3E, 0x11, 0xED, 0x79, 0xAF, 0xED, 0x79, 0x3E, 0x30,
    0xED, 0x79, 0x3E, 0x38, 0xED, 0x79, 0x3E, 0x18, 0xED, 0x79, 0x0D, 0xC9, 0x21, 0x50, 0x23, 0x77,
    0x3E, 0x03, 0xED, 0x79, 0xFB, 0xED, 0x4D, 0x21, 0x51, 0x23, 0x18, 0xF3, 0x21, 0x52, 0x23, 0x18,
    0xEE, 0x21, 0x53, 0x23, 0x18, 0xE9, 0x21, 0x54, 0x23, 0x18, 0xE4, 0x21, 0x55, 0x23, 0x18, 0xDF,
    0x21, 0x56, 0x23, 0x18, 0xDA, 0xF5, 0x3E, 0xFF, 0x32, 0x5C, 0x23, 0x0C, 0x3E, 0x28, 0xED, 0x79,
    0x0D, 0xF1, 0xFB, 0xED, 0x4D, 0xF5, 0x3E, 0xFF, 0x32, 0x5D, 0x23, 0x18, 0xEE, 0xF5, 0x3E, 0xFF,
    0x32, 0x5E, 0x23, 0x18, 0xE6, 0xF5, 0x3E, 0xFF, 0x32, 0x5F, 0x23, 0x18, 0xDE, 0x3E, 0xA3, 0xD3,
    0x3C, 0x32, 0x4F, 0x23, 0xFB, 0xED, 0x4D, 0x21, 0xFF, 0xFF, 0x2D, 0x20, 0xFD, 0x25, 0x20, 0xFA,
    0xC9, 0x16, 0xFF, 0x15, 0x20, 0xFD, 0xC9, 0x16, 0x06, 0x15, 0x20, 0xFD, 0xC9, 0x48, 0x3E, 0x57,
    0xED, 0x79, 0x3E, 0x02, 0xED, 0x79, 0x21, 0x02, 0x0C, 0x06, 0x08, 0x4B, 0xED, 0xB3, 0xC9, 0x06,
    0x02, 0x3E, 0x08, 0xD3, 0x26, 0xDB, 0x27, 0xCB, 0x57, 0x28, 0xFA, 0xCD, 0xC1, 0x0A, 0x10, 0xF1,
    0x7B, 0xCB, 0x44, 0x20, 0x02, 0xD3, 0x18, 0xCD, 0xBB, 0x0B, 0xD3, 0x26, 0xCD, 0xB4, 0x0B, 0xCD,
    0xC1, 0x0A, 0x79, 0xD3, 0x26, 0xCD, 0xB4, 0x0B, 0x0E, 0x00, 0xCD, 0xC1, 0x0A, 0x0D, 0x20, 0xFA,
    0xC9, 0xF5, 0xC5, 0xD5, 0xE5, 0x57, 0xCD, 0x6C, 0x0B, 0x79, 0xCD, 0xBB, 0x0B, 0xD3, 0x26, 0xCD,
    0xB4, 0x0B, 0x79, 0xD3, 0x26, 0xCD, 0xB4, 0x0B, 0x3A, 0x60, 0x23, 0x3D, 0x28, 0x25, 0x48, 0xCD,
    0xD9, 0x0B, 0x79, 0xCD, 0xBB, 0x0B, 0xD3, 0x26, 0xCD, 0xB4, 0x0B, 0x79, 0xD3, 0x26, 0xCD, 0xB4,
    0x0B, 0xCD, 0xD9, 0x0B, 0x7A, 0xCD, 0xBB, 0x0B, 0xD3, 0x26, 0xCD, 0xB4, 0x0B, 0x79, 0xD3, 0x26,
    0xCD, 0xB4, 0x0B, 0x21, 0xB5, 0x0C, 0x06, 0x04, 0x7E, 0xD3, 0x26, 0xDB, 0x27, 0xCB, 0x57, 0x28,
    0xFA, 0x23, 0xCD, 0xC1, 0x0A, 0x10, 0xF1, 0xE1, 0xD1, 0xC1, 0xF1, 0xC9, 0xD9, 0x21, 0xA9, 0x0C,
    0x0E, 0x26, 0x06, 0x0C, 0x7E, 0xED, 0x79, 0xCD, 0xB4, 0x0B, 0x23, 0x10, 0xF7, 0x7B, 0xCD, 0xBB,
    0x0B, 0xD3, 0x26, 0xCD, 0xB4, 0x0B, 0x79, 0xD3, 0x26, 0xCD, 0xB4, 0x0B, 0xCD, 0xD9, 0x0B, 0xCD,
    0xD9, 0x0B, 0xCD, 0xD9, 0x0B, 0x26, 0xFF, 0xD9, 0xC9, 0xF5, 0xC5, 0xD5, 0xE5, 0x57, 0xCD, 0x6C,
    0x0B, 0x7C, 0xCD, 0xBB, 0x0B, 0xD3, 0x26, 0xCD, 0xB4, 0x0B, 0x79, 0xD3, 0x26, 0xCD, 0xB4, 0x0B,
    0x7D, 0xC3, 0x1A, 0x0B, 0xDB, 0x27, 0xCB, 0x57, 0x28, 0xFA, 0xC9, 0x4F, 0xE6, 0xF0, 0x0F, 0x0F,
    0x0F, 0x0F, 0xFE, 0x0A, 0x38, 0x02, 0xC6, 0x07, 0xC6, 0x30, 0xF5, 0x79, 0xE6, 0x0F, 0xFE, 0x0A,
    0x38, 0x02, 0xC6, 0x07, 0xC6, 0x30, 0x4F, 0xF1, 0xC9, 0x3E, 0x20, 0xD3, 0x26, 0xCD, 0xB4, 0x0B,
    0xC9, 0x0E, 0x20, 0x06, 0x80, 0xE5, 0xE1, 0xE5, 0xE1, 0xED, 0x78, 0xE6, 0xC0, 0xB8, 0x28, 0x11,
    0xCD, 0xB7, 0x0A, 0xCD, 0xB7, 0x0A, 0xCD, 0xB7, 0x0A, 0xED, 0x78, 0xB8, 0xF5, 0xC4, 0x11, 0x0B,
    0xF1, 0xC9, 0x30, 0x18, 0x14, 0x8C, 0x13, 0xC1, 0x15, 0x68, 0xC3, 0x7D, 0x00, 0x21, 0x00, 0x01,
    0xCF, 0x14, 0x10, 0x80, 0xBD, 0x00, 0x20, 0x12, 0x40, 0x01, 0xCF, 0x05, 0x82, 0x87, 0xBB, 0x07,
    0xAB, 0x87, 0xBF, 0x5C, 0x0A, 0x67, 0x0A, 0x6C, 0x0A, 0x71, 0x0A, 0x76, 0x0A, 0x00, 0x00, 0x7B,
    0x0A, 0x80, 0x0A, 0x00, 0x00, 0x00, 0x00, 0x00, 0x00, 0x00, 0x00, 0x00, 0x00, 0x00, 0x00, 0x00,
    0x00, 0x00, 0x00, 0x95, 0x0A, 0x00, 0x00, 0x00, 0x00, 0x00, 0x00, 0x85, 0x0A, 0x00, 0x00, 0x00,
    0x00, 0x00, 0x00, 0xA5, 0x0A, 0x00, 0x00, 0x00, 0x00, 0x00, 0x00, 0x9D, 0x0A, 0x00, 0x00, 0x00,
    0x00, 0x00, 0x00, 0xAD, 0x0A, 0x0A, 0x0D, 0x0A, 0x0A, 0x0A, 0x0A, 0x0A, 0x0A, 0x0A, 0x0A, 0x0A,
    0x0A, 0x0A, 0x0A, 0x0A, 0x0A, 0x0A, 0x0A, 0x0A, 0x0A, 0x0A, 0x0A, 0x0A, 0x0A, 0x07, 0x0D, 0x0A,
    0x50, 0x38, 0x30, 0x30, 0x30, 0x20, 0x48, 0x61, 0x72, 0x64, 0x77, 0x61, 0x72, 0x65, 0x74, 0x65,
    0x73, 0x74, 0x20, 0x55, 0x38, 0x38, 0x30, 0x20, 0x2D, 0x20, 0x56, 0x65, 0x72, 0x73, 0x69, 0x6F,
    0x6E, 0x20, 0x33, 0x2E, 0x31, 0x0A, 0x0D, 0x20, 0x20, 0x08, 0x08, 0x2A, 0x2A, 0x2A, 0x20, 0x45,
    0x52, 0x52, 0x4F, 0x52, 0x20, 0x0A, 0x0D, 0x20, 0x20, 0x08, 0x08, 0x2A, 0x2A, 0x2A, 0x20, 0x45,
    0x52, 0x52, 0x4F, 0x52, 0x20, 0x31, 0x30, 0x20, 0x20, 0x20, 0x31, 0x38, 0x20, 0x41, 0x41, 0x20,
    0x0D, 0x0D, 0x08, 0x08, 0x2A, 0x2A, 0x2A, 0x20, 0x45, 0x52, 0x52, 0x4F, 0x52, 0x20, 0x31, 0x30,
    0x20, 0x20, 0x20, 0x31, 0x38, 0x20, 0x35, 0x35, 0x20, 0x0D, 0x0D, 0x08, 0x08, 0x2A, 0x2A, 0x2A,
    0x20, 0x45, 0x52, 0x52, 0x4F, 0x52, 0x20, 0x31, 0x35, 0x20, 0x20, 0x20, 0x32, 0x44, 0x20, 0x38,
    0x30, 0x20, 0x0D, 0x0D, 0x08, 0x08, 0x2A, 0x2A, 0x2A, 0x20, 0x45, 0x52, 0x52, 0x4F, 0x52, 0x20,
    0x31, 0x36, 0x20, 0x20, 0x20, 0x32, 0x44, 0x20, 0x38, 0x30, 0x20, 0x0D, 0x0D, 0x08, 0x08, 0x2A,
    0x2A, 0x2A, 0x20, 0x45, 0x52, 0x52, 0x4F, 0x52, 0x20, 0x32, 0x30, 0x20, 0x20, 0x20, 0x32, 0x36,
    0x20, 0x41, 0x30, 0x20, 0x0D, 0x0D, 0x08, 0x08, 0x2A, 0x2A, 0x2A, 0x20, 0x45, 0x52, 0x52, 0x4F,
    0x52, 0x20, 0x32, 0x31, 0x20, 0x20, 0x20, 0x32, 0x36, 0x20, 0x35, 0x30, 0x20, 0x0D, 0x0D, 0x08,
    0x08, 0x31, 0x30, 0x08, 0x08, 0x31, 0x35, 0x08, 0x08, 0x31, 0x36, 0x08, 0x08, 0x32, 0x30, 0x0E,
    0x00, 0x11, 0x10, 0x00, 0xAF, 0x47, 0xED, 0x51, 0xC6, 0x10, 0x1D, 0x20, 0xF8, 0x16, 0x01, 0x06,
    0x00, 0xED, 0x51, 0xDB, 0x04, 0x06, 0x10, 0xED, 0x51, 0x3E, 0x57, 0xD3, 0x2D, 0x3E, 0x02, 0xD3,
    0x2D, 0x21, 0x02, 0x0C, 0x0E, 0x27, 0x06, 0x08, 0xED, 0xB3, 0x3E, 0x12, 0xD3, 0x27, 0xD3, 0x2B,
    0x3E, 0x20, 0xD3, 0x27, 0x3E, 0x30, 0xD3, 0x2B, 0x0E, 0x00, 0x16, 0x04, 0x1E, 0x0E, 0x3E, 0x20,
    0x47, 0xED, 0x51, 0xC6, 0x10, 0x1D, 0x20, 0xF8, 0x01, 0x00, 0x20, 0x11, 0x00, 0xC0, 0x21, 0x00,
    0x00, 0xED, 0xB0, 0xC3, 0xB6, 0xCD, 0x0E, 0x00, 0x16, 0x04, 0x06, 0x00, 0xED, 0x51, 0x06, 0x10,
    0xED, 0x51, 0x01, 0x00, 0x0C, 0x11, 0x00, 0x00, 0x21, 0x00, 0xCF, 0xED, 0xB0, 0x21, 0xA5, 0xCE,
    0x06, 0x33, 0x7E, 0xD3, 0x26, 0xDB, 0x27, 0xCB, 0x57, 0x28, 0xFA, 0x23, 0x16, 0x00, 0x15, 0x20,
    0xFD, 0x10, 0xEF, 0x06, 0x0B, 0x21, 0x8F, 0xCE, 0x4E, 0x23, 0xED, 0xA3, 0x20, 0xFA, 0x21, 0x84,
    0xCE, 0x01, 0x3C, 0x0B, 0xED, 0xB3, 0x3E, 0xFF, 0xD3, 0x0E, 0x3E, 0x4F, 0xD3, 0x0D, 0xDB, 0x0C,
    0x01, 0x00, 0x0C, 0x21, 0x00, 0xCF, 0x11, 0x00, 0x00, 0x1A, 0xBE, 0x20, 0x72, 0x13, 0x23, 0x0B,
    0x78, 0xB1, 0x20, 0xF5, 0x21, 0x00, 0x0D, 0x7E, 0x57, 0xAF, 0x77, 0x3A, 0x00, 0xC0, 0x7E, 0xA7,
    0x20, 0x43, 0x7A, 0x77, 0x3A, 0x00, 0xC0, 0x7E, 0xBA, 0x20, 0x3A, 0x23, 0x7C, 0xFE, 0x30, 0x20,
    0xE6, 0x21, 0x00, 0x0D, 0x7E, 0x57, 0x3E, 0xFF, 0x77, 0x3A, 0x00, 0xC0, 0x7E, 0xFE, 0xFF, 0x20,
    0x24, 0x7A, 0x77, 0x3A, 0x00, 0xC0, 0x7E, 0xBA, 0x20, 0x1B, 0x23, 0x7C, 0xFE, 0x30, 0x20, 0xE4,
    0x0E, 0x27, 0x3E, 0x11, 0xED, 0x79, 0x3E, 0x1C, 0xED, 0x79, 0xAF, 0xD3, 0x08, 0xAF, 0x32, 0x88,
    0x0E, 0xF3, 0xC3, 0x00, 0x00, 0x21, 0xD8, 0xCE, 0x06, 0x0A, 0x0E, 0x26, 0xED, 0xA3, 0x04, 0xDB,
    0x27, 0xCB, 0x57, 0x28, 0xFA, 0x16, 0x00, 0x15, 0x20, 0xFD, 0x10, 0xF0, 0xC3, 0x50, 0xCE, 0x21,
    0xE2, 0xCE, 0x18, 0xE4, 0xC3, 0x05, 0x54, 0xFC, 0x78, 0xFC, 0x95, 0x21, 0x12, 0x1C, 0x8A, 0x1D,
    0xCF, 0x1D, 0x80, 0x1D, 0x03, 0x1C, 0x5F, 0x1C, 0x1F, 0x1F, 0x1A, 0x1F, 0xCF, 0x1F, 0x10, 0x1F,
    0xB7, 0x1F, 0xEF, 0x1E, 0x0F, 0x0A, 0x0D, 0x55, 0x38, 0x38, 0x30, 0x2D, 0x53, 0x6F, 0x66, 0x74,
    0x77, 0x61, 0x72, 0x65, 0x6D, 0x6F, 0x6E, 0x69, 0x74, 0x6F, 0x72, 0x20, 0x56, 0x65, 0x72, 0x73,
    0x69, 0x6F, 0x6E, 0x20, 0x33, 0x2E, 0x31, 0x20, 0x2D, 0x20, 0x50, 0x72, 0x65, 0x73, 0x73, 0x20,
    0x52, 0x45, 0x54, 0x55, 0x52, 0x4E, 0x0A, 0x0D, 0x45, 0x52, 0x52, 0x4F, 0x52, 0x20, 0x33, 0x34,
    0x0A, 0x0D, 0x45, 0x52, 0x52, 0x4F, 0x52, 0x20, 0x33, 0x35, 0x0A, 0x0D, 0xFF, 0xFF, 0xFF, 0xFF,
    0xF3, 0x16, 0x01, 0x06, 0x00, 0x0E, 0x00, 0xED, 0x51, 0x06, 0x10, 0xED, 0x51, 0xC3, 0x4D, 0x00,
    0x18, 0x11, 0x28, 0x43, 0x29, 0x45, 0x41, 0x57, 0xFF, 0xFF, 0xFF, 0x38, 0x38, 0x30, 0x31, 0x20,
    0xFF, 0xFF, 0xFF, 0x3E, 0x80, 0x18, 0x04, 0xFF, 0xFF, 0xFF, 0xFF, 0x32, 0xDD, 0x0E, 0x18, 0x03,
    0xFF, 0xFF, 0xFF, 0x21, 0x89, 0x0E, 0x18, 0x03, 0xFF, 0xFF, 0xFF, 0x06, 0x62, 0xC3, 0x6F, 0x00,
    0xFF, 0xFF, 0xFF, 0xFF, 0xFF, 0xFF, 0xFF, 0xFF, 0x22, 0xA7, 0x0E, 0xE3, 0x2B, 0x33, 0x33, 0xED,
    0x73, 0xBF, 0x0E, 0x31, 0xBF, 0x0E, 0xE5, 0xFD, 0xE5, 0xDD, 0xE5, 0xD9, 0x08, 0xE5, 0xD5, 0xC5,
    0xF5, 0xD9, 0x08, 0xD5, 0xC5, 0xF5, 0xED, 0x57, 0xF5, 0xAF, 0x31, 0x00, 0x0D, 0xCD, 0xC9, 0x02,
    0x21, 0xA4, 0x00, 0xE5, 0xED, 0x4D, 0x22, 0xA7, 0x0E, 0x21, 0x3F, 0x00, 0xE3, 0xED, 0x45, 0x36,
    0x00, 0x23, 0x10, 0xFB, 0x3E, 0x10, 0x32, 0xF0, 0x0E, 0x3E, 0xE0, 0x32, 0xEE, 0x0E, 0x32, 0xEF,
    0x0E, 0x21, 0x27, 0x07, 0x11, 0x22, 0x0F, 0x01, 0x06, 0x00, 0xED, 0xB0, 0x21, 0x40, 0x07, 0x0E,
    0x0F, 0x06, 0x05, 0xED, 0xB3, 0x3E, 0x80, 0xD3, 0x0E, 0x21, 0xC5, 0x0B, 0x11, 0xBF, 0x0F, 0x01,
    0x0F, 0x00, 0xED, 0xB0, 0x31, 0x00, 0x0D, 0x3E, 0x0F, 0xED, 0x47, 0xED, 0x5E, 0xFB, 0xEA, 0x8B,
    0x01, 0xEB, 0x06, 0x0A, 0x36, 0xFF, 0x23, 0x10, 0xFB, 0x06, 0x04, 0x36, 0x00, 0x23, 0x10, 0xFB,
    0x36, 0xFB, 0x23, 0x36, 0xC3, 0x21, 0x00, 0x0D, 0x22, 0xBF, 0x0E, 0x21, 0x2E, 0x0A, 0x22, 0x1A,
    0x0F, 0x21, 0x81, 0x0A, 0x22, 0x02, 0x0F, 0x21, 0xBB, 0x0A, 0x22, 0x1C, 0x0F, 0x3E, 0x05, 0x32,
    0xEB, 0x0E, 0x01, 0x0A, 0x00, 0x21, 0xEF, 0x00, 0x11, 0x72, 0x0E, 0xED, 0xB0, 0x18, 0x0A, 0x79,
    0x00, 0x00, 0x00, 0x00, 0xCF, 0x05, 0xCF, 0xAB, 0x87, 0x21, 0x04, 0x0D, 0x22, 0xBD, 0x0F, 0xCD,
    0xF1, 0x04, 0xFE, 0x0D, 0xC2, 0xCF, 0x01, 0x3A, 0xEB, 0x0E, 0x32, 0xF1, 0x0E, 0xFD, 0x21, 0x89,
    0x0E, 0x21, 0x00, 0x0C, 0x22, 0x8B, 0x0E, 0x21, 0x8A, 0x00, 0x22, 0x8D, 0x0E, 0x3E, 0x80, 0x32,
    0xDD, 0x0E, 0x21, 0x00, 0x00, 0x22, 0xE5, 0x0E, 0x22, 0xE9, 0x0E, 0x22, 0xE7, 0x0E, 0x22, 0x94,
    0x0E, 0xFD, 0x36, 0x01, 0x0A, 0xCD, 0xD1, 0x07, 0xFD, 0x7E, 0x0A, 0xFE, 0x80, 0xCA, 0x64, 0x01,
    0xFE, 0xC2, 0x28, 0x09, 0x21, 0xEB, 0x0E, 0x34, 0x7E, 0xFE, 0x08, 0x38, 0xC0, 0x3A, 0xF1, 0x0E,
    0x32, 0xEB, 0x0E, 0x31, 0x00, 0x0D, 0x3E, 0x3E, 0x32, 0xC1, 0x0F, 0x21, 0x78, 0x0B, 0xCD, 0x23,
    0x06, 0xC3, 0xF9, 0x00, 0x21, 0xD2, 0x0B, 0x11, 0x80, 0x0C, 0x01, 0x08, 0x00, 0x1A, 0xED, 0xA1,
    0x20, 0x0D, 0x13, 0xEA, 0x6D, 0x01, 0x2A, 0x7E, 0x0C, 0x22, 0xEB, 0x0E, 0xC3, 0x00, 0x0C, 0x31,
    0x00, 0x0D, 0x21, 0x2D, 0x07, 0xCD, 0x23, 0x06, 0xC3, 0xF9, 0x00, 0x3E, 0xFB, 0x32, 0xDC, 0x0F,
    0x3A, 0xA9, 0x0E, 0xE6, 0x04, 0xCD, 0xF2, 0x02, 0x3A, 0xC4, 0x0F, 0xCB, 0x7F, 0x28, 0x04, 0x2A,
    0xC5, 0x0F, 0xE9, 0x3A, 0xD7, 0x0F, 0xA7, 0x20, 0x14, 0xCD, 0xCA, 0x04, 0x3A, 0xE4, 0x0E, 0x2A,
    0xE2, 0x0E, 0x77, 0x21, 0xDC, 0x0E, 0x35, 0xC2, 0x8A, 0x02, 0xC3, 0x3E, 0x02, 0x21, 0x71, 0x0B,
    0xCD, 0x23, 0x06, 0x2A, 0xBD, 0x0E, 0xCD, 0x73, 0x05, 0xCD, 0xEE, 0x05, 0xCD, 0xF1, 0x04, 0x21,
    0x3E, 0x02, 0xE5, 0xFE, 0x0D, 0x21, 0xD7, 0x0F, 0x20, 0x06, 0xA6, 0x20, 0x58, 0xC3, 0x85, 0x02,
    0x36, 0xFF, 0x2A, 0xBB, 0x0F, 0xCB, 0xAF, 0xFE, 0x46, 0xCA, 0xA6, 0x03, 0xFE, 0x47, 0xCA, 0xC6,
    0x03, 0xFE, 0x4D, 0xCA, 0xF6, 0x03, 0xFE, 0x44, 0xCA, 0x26, 0x03, 0xFE, 0x50, 0xCA, 0xFC, 0x02,
    0xFE, 0x4F, 0x20, 0x04, 0xE1, 0xC3, 0x0D, 0x01, 0xFE, 0x52, 0xCA, 0x1B, 0x04, 0xFE, 0x51, 0x20,
    0x0E, 0xCD, 0x15, 0x05, 0x21, 0xC4, 0x0F, 0xCB, 0x6E, 0x28, 0x1A, 0x2A, 0xB5, 0x0F, 0xE9, 0xFE,
    0x53, 0xCA, 0x0D, 0x01, 0xFE, 0x42, 0xCA, 0xC9, 0x02, 0xFE, 0x4E, 0x28, 0x50, 0xFE, 0x58, 0x28,
    0x20, 0xFE, 0x54, 0x28, 0x2F, 0x31, 0x00, 0x0D, 0x21, 0x84, 0x0B, 0xCD, 0x23, 0x06, 0x3E, 0x3E,
    0x32, 0xC1, 0x0F, 0x21, 0xC4, 0x0F, 0xCB, 0x76, 0xCB, 0xB6, 0xCA, 0xCC, 0x01, 0x2A, 0xB5, 0x0F,
    0xE9, 0xCD, 0x15, 0x05, 0xCB, 0xAF, 0xFE, 0x52, 0xF5, 0x3E, 0x01, 0x0E, 0x00, 0x06, 0xD0, 0xED,
    0x79, 0xC3, 0x00, 0xDB, 0x3E, 0x20, 0xCD, 0x45, 0x07, 0xCD, 0x45, 0x07, 0xDB, 0x27, 0xCB, 0x57,
    0x28, 0xFA, 0x3E, 0x01, 0x0E, 0x00, 0x06, 0xC0, 0xED, 0x79, 0xC3, 0xF0, 0xCE, 0xCD, 0xA0, 0x04,
    0xCD, 0x33, 0x05, 0x20, 0x02, 0x3E, 0x01, 0x32, 0xDC, 0x0E, 0xF3, 0x97, 0x32, 0xD7, 0x0F, 0x32,
    0xDC, 0x0F, 0xED, 0x5B, 0xBD, 0x0E, 0x1B, 0x21, 0xBA, 0x02, 0x22, 0x04, 0x0F, 0x3E, 0x0F, 0x32,
    0xAA, 0x0E, 0x3E, 0x87, 0xD3, 0x0A, 0x3E, 0x01, 0xD3, 0x0A, 0xEB, 0x22, 0xE2, 0x0E, 0x7E, 0x32,
    0xE4, 0x0E, 0x36, 0xFB, 0x22, 0xBD, 0x0E, 0xC3, 0xD6, 0x03, 0x22, 0xA7, 0x0E, 0xF5, 0x3E, 0x03,
    0xD3, 0x0A, 0xF1, 0x21, 0x3F, 0x00, 0xE3, 0xED, 0x4D, 0xA7, 0xF5, 0x2A, 0xE0, 0x0E, 0xAF, 0xBD,
    0x20, 0x03, 0xBC, 0x28, 0x04, 0x3A, 0xDF, 0x0E, 0x77, 0xF1, 0x3A, 0xDF, 0x0E, 0x21, 0x00, 0x00,
    0x22, 0xE0, 0x0E, 0xC8, 0xCD, 0x1B, 0x06, 0xC8, 0x7E, 0x32, 0xDF, 0x0E, 0x36, 0xFF, 0x22, 0xE0,
    0x0E, 0xC9, 0x21, 0xDC, 0x0F, 0xCB, 0x9E, 0xA7, 0xC8, 0xCB, 0xDE, 0xC9, 0xCD, 0x15, 0x05, 0xFE,
    0x52, 0x28, 0x15, 0xFE, 0x57, 0xC2, 0x35, 0x02, 0xCD, 0x33, 0x05, 0xCA, 0x35, 0x02, 0xE5, 0xCD,
    0x33, 0x05, 0xC1, 0x28, 0xF6, 0xED, 0x79, 0xC9, 0xCD, 0x33, 0x05, 0xE5, 0xC1, 0xED, 0x78, 0xCD,
    0x83, 0x05, 0xCD, 0xEE, 0x05, 0xC9, 0xCD, 0x1B, 0x06, 0xE5, 0xCD, 0x33, 0x05, 0x28, 0x4D, 0x44,
    0x4D, 0xE1, 0xD9, 0x21, 0x04, 0x0D, 0x11, 0x05, 0x0D, 0x01, 0x49, 0x00, 0x36, 0x20, 0xED, 0xB0,
    0x06, 0x10, 0x21, 0x39, 0x0D, 0x36, 0x2A, 0x23, 0xD9, 0xCD, 0x94, 0x04, 0x7E, 0xD9, 0x77, 0xFE,
    0x20, 0x38, 0x04, 0xFE, 0x7F, 0x38, 0x02, 0x36, 0x2E, 0x23, 0x36, 0x2A, 0xD9, 0xCD, 0x83, 0x05,
    0xED, 0xA1, 0xEA, 0x6D, 0x03, 0xD9, 0x23, 0x22, 0xBD, 0x0F, 0xC3, 0xEE, 0x05, 0xD9, 0x10, 0x09,
    0x23, 0x22, 0xBD, 0x0F, 0xCD, 0xEE, 0x05, 0x18, 0xBA, 0xD9, 0x18, 0xD0, 0xE1, 0xE5, 0xCD, 0x94,
    0x04, 0x7E, 0xCD, 0x83, 0x05, 0xCD, 0x03, 0x06, 0x3E, 0x3A, 0xCD, 0x45, 0x07, 0xCD, 0xD0, 0x05,
    0x28, 0x06, 0xE1, 0x77, 0xE5, 0xCD, 0x0F, 0x05, 0xE1, 0xFE, 0x51, 0xC8, 0xFE, 0x5E, 0x20, 0x03,
    0x2B, 0x18, 0xDA, 0x23, 0x18, 0xD7, 0xCD, 0x1B, 0x06, 0x28, 0x04, 0xE5, 0xCD, 0x1B, 0x06, 0xCA,
    0x35, 0x02, 0xE5, 0xCD, 0x33, 0x05, 0x7D, 0xA7, 0xE1, 0xD1, 0x12, 0xED, 0x52, 0xC8, 0x44, 0x4D,
    0x62, 0x6B, 0x13, 0xED, 0xB0, 0xC9, 0xCD, 0x15, 0x05, 0xFE, 0x45, 0xCA, 0x0D, 0x01, 0xCD, 0x33,
    0x05, 0x28, 0x03, 0x22, 0xBD, 0x0E, 0x31, 0xAB, 0x0E, 0xF1, 0xC1, 0xD1, 0x08, 0xD9, 0xF1, 0xC1,
    0xD1, 0xE1, 0xDD, 0xE1, 0xFD, 0xE1, 0xD9, 0x08, 0xE1, 0x22, 0xDE, 0x0F, 0x2A, 0xA7, 0x0E, 0xED,
    0x7B, 0xBF, 0x0E, 0xC3, 0xDC, 0x0F, 0xCD, 0x1B, 0x06, 0xE5, 0xCD, 0x1B, 0x06, 0xE5, 0xCD, 0x33,
    0x05, 0xCA, 0x35, 0x02, 0x44, 0x4D, 0xD1, 0xE1, 0xE5, 0xA7, 0xED, 0x52, 0xE1, 0x38, 0x03, 0xED,
    0xB0, 0xC9, 0x09, 0x2B, 0xEB, 0x09, 0x2B, 0xEB, 0xED, 0xB8, 0xC9, 0xCD, 0x1A, 0x05, 0x3E, 0x0D,
    0x56, 0xBA, 0x28, 0x69, 0x23, 0x5E, 0xBB, 0x20, 0x02, 0x1E, 0x20, 0xCD, 0xAD, 0x05, 0x2B, 0x2B,
    0xC2, 0x35, 0x02, 0x11, 0x04, 0x0D, 0xED, 0xA0, 0xED, 0xA0, 0xE5, 0xEB, 0x36, 0x20, 0x23, 0x22,
    0xBD, 0x0F, 0xDD, 0x5E, 0x00, 0x16, 0x0E, 0x3E, 0xB8, 0x93, 0x38, 0x21, 0x1A, 0xCD, 0x83, 0x05,
    0xCD, 0x03, 0x06, 0x3E, 0x3A, 0xCD, 0x45, 0x07, 0xCD, 0xD0, 0x05, 0x28, 0x04, 0x12, 0xCD, 0x0F,
    0x05, 0xFE, 0x51, 0xE1, 0xC8, 0xDD, 0x23, 0x3E, 0xAF, 0x95, 0x30, 0xC7, 0xC9, 0x1A, 0x6F, 0x13,
    0x1A, 0x67, 0xD5, 0xCD, 0x73, 0x05, 0xCD, 0x03, 0x06, 0x3E, 0x3A, 0xCD, 0x45, 0x07, 0xCD, 0xD0,
    0x05, 0xD1, 0x28, 0xDD, 0xEB, 0x72, 0x2B, 0x73, 0xCD, 0x0F, 0x05, 0x18, 0xD4, 0xCD, 0xA0, 0x04,
    0xCD, 0xCA, 0x04, 0xC9, 0xE5, 0x11, 0x00, 0x00, 0xA7, 0xED, 0x52, 0xCD, 0x73, 0x05, 0xE1, 0xC9,
    0x11, 0x04, 0x0D, 0x21, 0x86, 0x0B, 0x06, 0x11, 0x3E, 0x20, 0x0E, 0xFF, 0xED, 0xA0, 0xED, 0xA0,
    0x12, 0x13, 0x10, 0xF6, 0x06, 0x04, 0x0E, 0xFF, 0x12, 0x13, 0xED, 0xA0, 0xED, 0xA0, 0x12, 0x13,
    0x12, 0x13, 0x10, 0xF2, 0xED, 0x53, 0xBD, 0x0F, 0x18, 0x24, 0x06, 0x11, 0xDD, 0x21, 0xB0, 0x0B,
    0x16, 0x0E, 0xDD, 0x5E, 0x00, 0x1A, 0xCD, 0x83, 0x05, 0xDD, 0x23, 0x10, 0xF5, 0x06, 0x04, 0xDD,
    0x5E, 0x00, 0xEB, 0x5E, 0x23, 0x56, 0xEB, 0xCD, 0x73, 0x05, 0xDD, 0x23, 0x10, 0xF1, 0xC3, 0xEE,
    0x05, 0xFD, 0x21, 0xCE, 0x0E, 0x21, 0x8A, 0x0D, 0x22, 0xD0, 0x0E, 0x22, 0xBB, 0x0F, 0x21, 0xFF,
    0x00, 0x22, 0xD2, 0x0E, 0xFD, 0x36, 0x01, 0x0C, 0xCD, 0x37, 0x06, 0x3A, 0x8A, 0x0D, 0xC9, 0xCD,
    0x1A, 0x05, 0xCB, 0xAF, 0xC9, 0x23, 0x7E, 0xCB, 0xAF, 0xC9, 0x2A, 0xBB, 0x0F, 0x7E, 0xFE, 0x20,
    0x20, 0x0A, 0x23, 0x7E, 0xFE, 0x20, 0x28, 0xFA, 0x22, 0xBB, 0x0F, 0xC9, 0xFE, 0x0D, 0x28, 0xF8,
    0x23, 0x18, 0xEA, 0x21, 0x00, 0x00, 0xE5, 0x39, 0xEB, 0xCD, 0x1A, 0x05, 0xFE, 0x0D, 0xEB, 0x20,
    0x03, 0xE1, 0x7D, 0xC9, 0xFE, 0x30, 0xDA, 0x35, 0x02, 0xFE, 0x40, 0x38, 0x02, 0xCB, 0xAF, 0xCD,
    0x61, 0x05, 0xED, 0x6F, 0x23, 0xED, 0x6F, 0x2B, 0x13, 0x1A, 0xFE, 0x30, 0x30, 0xEB, 0xE1, 0x7D,
    0xC9, 0xFE, 0x3A, 0x38, 0x0B, 0xFE, 0x41, 0x38, 0xDD, 0xFE, 0x47, 0xD2, 0x35, 0x02, 0xD6, 0x07,
    0xE6, 0x0F, 0xC9, 0xD5, 0x7C, 0xCD, 0x83, 0x05, 0xED, 0x5B, 0xBD, 0x0F, 0x1B, 0xED, 0x53, 0xBD,
    0x0F, 0xD1, 0x7D, 0xE5, 0x2A, 0xBD, 0x0F, 0xCD, 0x93, 0x05, 0x23, 0x36, 0x20, 0x23, 0x22, 0xBD,
    0x0F, 0xE1, 0xC9, 0xF5, 0x1F, 0x1F, 0x1F, 0x1F, 0xCD, 0xA1, 0x05, 0x23, 0xF1, 0xCD, 0xA1, 0x05,
    0xC9, 0xE6, 0x0F, 0xFE, 0x0A, 0x38, 0x02, 0xC6, 0x07, 0xC6, 0x30, 0x77, 0xC9, 0xDD, 0x21, 0xB0,
    0x0B, 0x7A, 0x01, 0x2A, 0x00, 0x21, 0x86, 0x0B, 0xED, 0xA1, 0x28, 0x07, 0xED, 0xA1, 0xE0, 0xDD,
    0x23, 0x18, 0xF5, 0x7B, 0xFE, 0x2F, 0x38, 0x02, 0xCB, 0xAF, 0xED, 0xA1, 0xC8, 0x7A, 0x18, 0xEE,
    0x3E, 0x20, 0x32, 0xC1, 0x0F, 0xCD, 0xF1, 0x04, 0xCB, 0xAF, 0xFE, 0x51, 0xC8, 0xFE, 0x5E, 0xC8,
    0x21, 0x89, 0x0D, 0x36, 0x20, 0x22, 0xBB, 0x0F, 0xD5, 0xCD, 0x33, 0x05, 0xD1, 0xC9, 0x3E, 0x85,
    0xE5, 0x2A, 0xBD, 0x0F, 0x36, 0x0D, 0x21, 0x04, 0x0D, 0x22, 0xBD, 0x0F, 0x2B, 0x77, 0xCD, 0x23,
    0x06, 0xE1, 0xC9, 0xE5, 0xD5, 0x2A, 0xBD, 0x0F, 0x11, 0x04, 0x0D, 0xED, 0x53, 0xBD, 0x0F, 0xA7,
    0xED, 0x52, 0xEB, 0x2B, 0x73, 0xCD, 0x23, 0x06, 0xD1, 0xE1, 0xC9, 0xCD, 0x33, 0x05, 0x11, 0x00,
    0x00, 0x19, 0xC9, 0xFD, 0x21, 0xC3, 0x0E, 0x7E, 0x23, 0x22, 0xC5, 0x0E, 0xFD, 0x77, 0x04, 0xFD,
    0x36, 0x05, 0x00, 0xFD, 0x36, 0x01, 0x10, 0xD5, 0xC5, 0xFD, 0x7E, 0x01, 0xCB, 0x87, 0xFE, 0x0A,
    0x30, 0x23, 0xFD, 0x36, 0x0A, 0x80, 0xC1, 0xD1, 0xFD, 0xCB, 0x0A, 0x76, 0x28, 0x0B, 0xFD, 0x66,
    0x09, 0xFD, 0x6E, 0x08, 0x7C, 0xB5, 0x28, 0x01, 0xE9, 0xFD, 0xCB, 0x01, 0x46, 0xC8, 0xFD, 0x66,
    0x07, 0xFD, 0x6E, 0x06, 0xE9, 0xFE, 0x11, 0x38, 0x06, 0xFD, 0x36, 0x0A, 0xC1, 0x18, 0xD7, 0x67,
    0xFD, 0x7E, 0x04, 0xFD, 0xB6, 0x05, 0x28, 0xCA, 0x7C, 0xFD, 0x66, 0x03, 0xFD, 0x6E, 0x02, 0xFD,
    0x46, 0x05, 0xFD, 0x4E, 0x04, 0xFE, 0x0E, 0x38, 0x41, 0x28, 0x34, 0x7E, 0xCD, 0x45, 0x07, 0x23,
    0x0B, 0xFE, 0x0D, 0x28, 0x14, 0x79, 0xB0, 0x20, 0xF2, 0xFD, 0x66, 0x05, 0xFD, 0x6E, 0x04, 0xED,
    0x42, 0xFD, 0x74, 0x05, 0xFD, 0x75, 0x04, 0x18, 0x99, 0xC5, 0x3E, 0x0A, 0xCD, 0x45, 0x07, 0x3A,
    0xBF, 0x0F, 0xA7, 0x28, 0x07, 0x47, 0x97, 0xCD, 0x45, 0x07, 0x10, 0xFB, 0xC1, 0x18, 0xDA, 0x7E,
    0xCD, 0x45, 0x07, 0xED, 0xA1, 0xEA, 0xBF, 0x06, 0x18, 0xCF, 0xFE, 0x0A, 0x20, 0x0D, 0xCD, 0x57,
    0x07, 0x28, 0xFB, 0x77, 0xED, 0xA1, 0xEA, 0xCE, 0x06, 0x18, 0xBE, 0x3A, 0xC1, 0x0F, 0xCD, 0x45,
    0x07, 0xE5, 0xCD, 0x1C, 0x07, 0x77, 0xE5, 0x67, 0x3A, 0xC3, 0x0F, 0xBC, 0x20, 0x0D, 0xE1, 0x2B,
    0x03, 0xD1, 0xE5, 0xED, 0x52, 0xE1, 0xD5, 0x30, 0xE9, 0x18, 0x07, 0x3A, 0xC2, 0x0F, 0xBC, 0x20,
    0x0B, 0xE1, 0xE1, 0xE5, 0xFD, 0x46, 0x05, 0xFD, 0x4E, 0x04, 0x18, 0xD6, 0x7C, 0xE1, 0x23, 0x0B,
    0xD1, 0xFE, 0x0D, 0x28, 0x94, 0x79, 0xB0, 0x28, 0x80, 0xD5, 0x18, 0xC6, 0xCD, 0x57, 0x07, 0x28,
    0xFB, 0xCB, 0xBF, 0xCD, 0x45, 0x07, 0xC9, 0xC2, 0x07, 0x8A, 0x07, 0xC2, 0x07, 0x12, 0x49, 0x4E,
    0x53, 0x45, 0x52, 0x54, 0x20, 0x53, 0x59, 0x53, 0x54, 0x45, 0x4D, 0x44, 0x49, 0x53, 0x4B, 0x0D,
    0x12, 0xCF, 0x7F, 0x37, 0xFE, 0xF5, 0x3A, 0xF0, 0x0E, 0xCB, 0x77, 0x20, 0xF9, 0xDB, 0x27, 0xCB,
    0x57, 0x28, 0xFA, 0xF1, 0xD3, 0x26, 0xC9, 0xCD, 0x5F, 0x07, 0xC8, 0xCD, 0x6D, 0x07, 0xC9, 0xE5,
    0xC5, 0x21, 0xEE, 0x0E, 0x47, 0x3A, 0xEF, 0x0E, 0xBE, 0x78, 0xC1, 0xE1, 0xC9, 0xE5, 0x3A, 0xEF,
    0x0E, 0xCD, 0x7B, 0x07, 0xA7, 0x32, 0xEF, 0x0E, 0x7E, 0xE1, 0xC9, 0xD5, 0x16, 0x00, 0x5F, 0x21,
    0x00, 0x0F, 0x3C, 0x20, 0x02, 0x3E, 0xE0, 0x19, 0xD1, 0xC9, 0xF5, 0xE5, 0xDB, 0x26, 0x21, 0xF0,
    0x0E, 0xCB, 0x46, 0x20, 0x0C, 0xFE, 0x13, 0x28, 0x1D, 0xFE, 0x11, 0x28, 0x1D, 0xFE, 0x1B, 0x28,
    0x1D, 0xF5, 0x3A, 0xEE, 0x0E, 0xCD, 0x7B, 0x07, 0x32, 0xEE, 0x0E, 0xF1, 0x77, 0x3E, 0x20, 0xD3,
    0x27, 0xE1, 0xF1, 0xFB, 0xED, 0x4D, 0xCB, 0xF6, 0x18, 0xF3, 0xCB, 0xB6, 0x18, 0xEF, 0xCB, 0xA6,
    0x18, 0xEB, 0xF5, 0x3E, 0x01, 0xD3, 0x27, 0xDB, 0x27, 0x3E, 0x30, 0xD3, 0x27, 0xDB, 0x26, 0x18,
    0xE1, 0x2A, 0xC7, 0x0F, 0x7C, 0xB5, 0x20, 0xF9, 0xFD, 0x22, 0xC7, 0x0F, 0xCD, 0xF0, 0x07, 0xFD,
    0xCB, 0x01, 0x46, 0xC0, 0xFD, 0xCB, 0x0A, 0x7E, 0x18, 0xF9, 0xE1, 0x22, 0x9A, 0x0E, 0xFB, 0xC9,
    0xFD, 0x7E, 0x01, 0xE6, 0xFE, 0xFE, 0x0A, 0x28, 0x28, 0xFE, 0x0E, 0x28, 0x24, 0xFE, 0x50, 0x28,
    0x20, 0x3E, 0xC1, 0xCD, 0xE1, 0x09, 0xFD, 0x66, 0x09, 0xFD, 0x6E, 0x08, 0x7C, 0xB5, 0x28, 0x01,
    0xE9, 0xFD, 0xCB, 0x01, 0x46, 0xC8, 0xFD, 0x66, 0x07, 0xFD, 0x6E, 0x06, 0xE9, 0x3E, 0xC2, 0x18,
    0xE2, 0xFD, 0x4E, 0x0B, 0x79, 0x17, 0x38, 0xF5, 0x21, 0xEB, 0x0E, 0xCB, 0x71, 0x28, 0x01, 0x23,
    0x7E, 0xCB, 0x69, 0x28, 0x04, 0x0F, 0x0F, 0x0F, 0x0F, 0xE6, 0x0F, 0x28, 0xE0, 0xFE, 0x08, 0x30,
    0xDC, 0x21, 0x88, 0x0E, 0xBE, 0x28, 0x2F, 0x77, 0x21, 0x24, 0x0B, 0x11, 0x0B, 0x00, 0x47, 0x18,
    0x01, 0x19, 0x10, 0xFD, 0x0E, 0x02, 0x11, 0x65, 0x0E, 0xED, 0xB0, 0x13, 0x13, 0x0E, 0x08, 0xED,
    0xB0, 0xF3, 0xDB, 0x1C, 0xCB, 0xE7, 0xCB, 0x4E, 0x28, 0x02, 0xCB, 0xA7, 0xD3, 0x1C, 0xED, 0xA0,
    0x01, 0x03, 0x03, 0xCD, 0xF8, 0x09, 0x21, 0x02, 0x02, 0x22, 0xCC, 0x0F, 0x3E, 0x0A, 0x32, 0xCB,
    0x0F, 0xAF, 0xFD, 0x77, 0x0A, 0xFD, 0x7E, 0x0C, 0x32, 0xED, 0x0E, 0x21, 0x70, 0x0E, 0xBE, 0x3E,
    0xC5, 0x30, 0x22, 0xFD, 0x7E, 0x0B, 0x4F, 0xE6, 0x60, 0x07, 0x07, 0x07, 0x47, 0x79, 0x0E, 0x00,
    0xE6, 0x1F, 0x21, 0x6A, 0x0E, 0xBE, 0x38, 0x13, 0x96, 0xBE, 0x30, 0x07, 0x21, 0x71, 0x0E, 0xCB,
    0x7E, 0x20, 0x05, 0x3E, 0xC4, 0xC3, 0x03, 0x08, 0xCB, 0xD0, 0x0C, 0x3C, 0x32, 0x68, 0x0E, 0x79,
    0x32, 0x67, 0x0E, 0x78, 0x32, 0x65, 0x0E, 0xE6, 0x03, 0xCD, 0xC3, 0x0A, 0xCA, 0x1D, 0x08, 0x21,
    0xCE, 0x0F, 0x19, 0x7E, 0x3C, 0x72, 0x20, 0x12, 0x01, 0x07, 0x02, 0xCD, 0xF8, 0x09, 0xCD, 0xEA,
    0x07, 0x01, 0x07, 0x02, 0xCD, 0xF8, 0x09, 0xCD, 0xEA, 0x07, 0x3A, 0xED, 0x0E, 0x21, 0x71, 0x0E,
    0xCB, 0x46, 0x28, 0x01, 0x87, 0x32, 0x66, 0x0E, 0x2A, 0x6D, 0x0E, 0xF3, 0x0E, 0x1E, 0xED, 0x40,
    0xCB, 0xA8, 0xCB, 0xB0, 0xBD, 0x38, 0x07, 0xCB, 0xE8, 0xBC, 0x38, 0x02, 0xCB, 0xF0, 0xED, 0x41,
    0x01, 0x0F, 0x03, 0xCD, 0xF8, 0x09, 0xCD, 0xEA, 0x07, 0x3A, 0xED, 0x0E, 0x32, 0x66, 0x0E, 0xFD,
    0x66, 0x03, 0xFD, 0x6E, 0x02, 0x22, 0x73, 0x0E, 0xFD, 0x66, 0x05, 0xFD, 0x6E, 0x04, 0x7C, 0xB5,
    0xCA, 0xDF, 0x09, 0x2B, 0x22, 0x75, 0x0E, 0x06, 0x09, 0x3A, 0x71, 0x0E, 0xE6, 0xF0, 0xF6, 0x05,
    0x4F, 0xFD, 0xCB, 0x01, 0x56, 0x20, 0x2B, 0xFD, 0xCB, 0x01, 0x66, 0x28, 0x1A, 0x2A, 0x69, 0x0E,
    0x22, 0x66, 0x0E, 0x2A, 0x6F, 0x0E, 0x26, 0xE5, 0x22, 0x68, 0x0E, 0x7C, 0x32, 0x88, 0x0E, 0x06,
    0x06, 0xCB, 0xD9, 0xCB, 0xB9, 0x18, 0x0B, 0x0C, 0x3E, 0x01, 0x32, 0x78, 0x0E, 0x3E, 0x7D, 0x32,
    0x72, 0x0E, 0xC5, 0x21, 0x72, 0x0E, 0x01, 0x3C, 0x0A, 0xED, 0xB3, 0x3E, 0x05, 0x32, 0x78, 0x0E,
    0x3E, 0x79, 0x32, 0x72, 0x0E, 0xC1, 0xCD, 0xF8, 0x09, 0xCD, 0xEA, 0x07, 0xCD, 0x12, 0x0A, 0xE6,
    0xC0, 0x28, 0x4C, 0x3A, 0x7D, 0x0E, 0xCB, 0x4F, 0x20, 0x41, 0xE6, 0x30, 0x20, 0x19, 0x3A, 0x7E,
    0x0E, 0xCB, 0x6F, 0x20, 0x12, 0xE6, 0x12, 0x20, 0x20, 0x2A, 0xE7, 0x0E, 0x23, 0x22, 0xE7, 0x0E,
    0x21, 0xCC, 0x0F, 0x3E, 0xC4, 0x18, 0x0C, 0x2A, 0xE5, 0x0E, 0x23, 0x22, 0xE5, 0x0E, 0x21, 0xCB,
    0x0F, 0x3E, 0xC6, 0x35, 0xC2, 0x19, 0x09, 0x18, 0x18, 0x2A, 0xE9, 0x0E, 0x23, 0x22, 0xE9, 0x0E,
    0x21, 0xCD, 0x0F, 0x35, 0xC2, 0xD8, 0x08, 0x3E, 0xC5, 0x18, 0x06, 0x3E, 0xC3, 0x18, 0x02, 0x3E,
    0x80, 0xFD, 0x77, 0x0A, 0xE6, 0x40, 0x28, 0x07, 0xAF, 0xFD, 0x77, 0x04, 0xFD, 0x77, 0x05, 0x67,
    0x6F, 0x22, 0xC7, 0x0F, 0x32, 0x87, 0x0E, 0xC9, 0xF3, 0xE5, 0x21, 0x64, 0x0E, 0x71, 0x0E, 0x21,
    0xDB, 0x20, 0xE6, 0xC0, 0xFE, 0x80, 0x20, 0xF8, 0xED, 0xA3, 0xE5, 0xE1, 0xE5, 0xE1, 0x20, 0xEE,
    0xE1, 0xC9, 0x21, 0x7C, 0x0E, 0x0E, 0x21, 0xDB, 0x20, 0x2F, 0xE6, 0xC0, 0x20, 0xF9, 0xED, 0xA2,
    0x06, 0x06, 0x10, 0xFE, 0xDB, 0x20, 0xCB, 0x67, 0x20, 0xED, 0x3A, 0x7C, 0x0E, 0xC9, 0xE5, 0xF5,
    0xC5, 0xFD, 0xE5, 0xFD, 0x2A, 0xC7, 0x0F, 0xDB, 0x20, 0xCB, 0x67, 0x20, 0x0F, 0x01, 0x08, 0x01,
    0xCD, 0xF8, 0x09, 0xCD, 0x12, 0x0A, 0xE6, 0xE0, 0xFE, 0xC0, 0x28, 0x0E, 0x21, 0x54, 0x0A, 0xE5,
    0x2A, 0x9A, 0x0E, 0xE9, 0xFD, 0xCB, 0x0A, 0x7E, 0x20, 0x04, 0xFD, 0xE1, 0x18, 0x57, 0xFD, 0xCB,
    0x0A, 0x76, 0x28, 0x0A, 0xFD, 0x66, 0x09, 0xFD, 0x6E, 0x08, 0x7C, 0xB5, 0x20, 0x0C, 0xFD, 0xCB,
    0x01, 0x46, 0x28, 0xE6, 0xFD, 0x66, 0x07, 0xFD, 0x6E, 0x06, 0xFD, 0xE1, 0xC1, 0xF1, 0xE3, 0x18,
    0x37, 0xE5, 0xF5, 0xC5, 0x0E, 0x01, 0x21, 0x83, 0x0E, 0x3A, 0x87, 0x0E, 0xA1, 0x20, 0x1F, 0xDB,
    0x1C, 0x47, 0xA1, 0x20, 0x19, 0x35, 0x20, 0x16, 0x78, 0xB1, 0x47, 0x2F, 0xE6, 0x0F, 0x20, 0x06,
    0x3E, 0x03, 0xD3, 0x09, 0xCB, 0xA8, 0x78, 0xD3, 0x1C, 0xDB, 0x1E, 0xB1, 0xD3, 0x1E, 0x23, 0xCB,
    0x21, 0xCB, 0x61, 0x28, 0xD4, 0xC1, 0xF1, 0xE1, 0xFB, 0xED, 0x4D, 0xF5, 0x3E, 0xA3, 0xD3, 0x3C,
    0xF1, 0x18, 0xF5, 0x5F, 0x16, 0x00, 0x3C, 0x06, 0x7F, 0xCB, 0x00, 0x3D, 0x20, 0xFB, 0x78, 0x2F,
    0x32, 0x87, 0x0E, 0x21, 0xDD, 0x0E, 0xA6, 0x20, 0x05, 0xCB, 0x7E, 0xCB, 0xBE, 0xC8, 0xAE, 0x77,
    0xE5, 0x21, 0x83, 0x0E, 0x19, 0x36, 0x64, 0xF3, 0xDB, 0x1E, 0xF6, 0x0F, 0xA0, 0xD3, 0x1E, 0xDB,
    0x1C, 0xA0, 0xCB, 0xEF, 0xD3, 0x1C, 0x3E, 0xA5, 0xD3, 0x09, 0x3E, 0xFF, 0xD3, 0x09, 0x21, 0x00,
    0x15, 0x01, 0x04, 0x02, 0xCD, 0xF8, 0x09, 0xE5, 0xCD, 0x12, 0x0A, 0xE1, 0xFB, 0xCB, 0x6F, 0x20,
    0x05, 0x2B, 0x7C, 0xB5, 0x20, 0xEB, 0xE1, 0xC8, 0x3A, 0x87, 0x0E, 0xB6, 0x77, 0xC9, 0xFF, 0xFF,
    0xFF, 0xFF, 0xFF, 0xFF, 0x6F, 0x28, 0x00, 0x1A, 0x07, 0x80, 0xFF, 0xFF, 0x1B, 0x4D, 0x02, 0x9F,
    0x14, 0x01, 0x10, 0x22, 0xFF, 0x14, 0x1D, 0x32, 0x28, 0x40, 0xBF, 0x12, 0x01, 0x10, 0x22, 0xFF,
    0x23, 0xFF, 0x32, 0x28, 0x41, 0xBF, 0x12, 0x01, 0x10, 0x22, 0xFF, 0x23, 0xFF, 0x32, 0x50, 0x40,
    0xBF, 0x12, 0x01, 0x10, 0x22, 0xFF, 0xFF, 0xFF, 0x32, 0x50, 0xC0, 0xEF, 0x08, 0x02, 0x09, 0x1B,
    0xFF, 0xFF, 0xFF, 0x54, 0x50, 0xC0, 0xEF, 0x08, 0x03, 0x05, 0x35, 0xFF, 0xFF, 0xFF, 0x74, 0x50,
    0xC0, 0x06, 0x42, 0x52, 0x45, 0x41, 0x4B, 0x20, 0x0B, 0x44, 0x49, 0x53, 0x4B, 0x20, 0x45, 0x52,
    0x52, 0x4F, 0x52, 0x0D, 0x01, 0x3F, 0x41, 0x20, 0x42, 0x20, 0x43, 0x20, 0x44, 0x20, 0x45, 0x20,
    0x46, 0x20, 0x48, 0x20, 0x4C, 0x20, 0x49, 0x20, 0x41, 0x27, 0x42, 0x27, 0x43, 0x27, 0x44, 0x27,
    0x45, 0x27, 0x46, 0x27, 0x48, 0x27, 0x4C, 0x27, 0x49, 0x58, 0x49, 0x59, 0x50, 0x43, 0x53, 0x50,
    0xAC, 0xAE, 0xAD, 0xB0, 0xAF, 0xAB, 0xA8, 0xA7, 0xAA, 0xB2, 0xB4, 0xB3, 0xB6, 0xB5, 0xB1, 0xB8,
    0xB7, 0xB9, 0xBB, 0xBD, 0xBF, 0x00, 0x01, 0x3E, 0x7F, 0x08, 0x00, 0x00, 0x00, 0x00, 0x00, 0x0A,
    0x03, 0x03, 0x50, 0x38, 0x30, 0x30, 0x30, 0x53, 0x59, 0x53, 0xFF, 0xFF, 0xFF, 0xFF, 0xFF, 0xC3,
    0x93, 0x05, 0xC3, 0xC3, 0x0A, 0xC3, 0x5F, 0x07, 0xC3, 0x57, 0x07, 0xC3, 0x45, 0x07, 0xC3, 0x37,
    0x06, 0xC3, 0x23, 0x06, 0xC3, 0x1A, 0x05, 0xC3, 0xCC, 0x01, 0xC3, 0x3E, 0x02, 0xC3, 0xD1, 0x07,
    0x01, 0x2A, 0x04, 0x11, 0x00, 0xF0, 0x21, 0x00, 0xDB, 0xED, 0xB0, 0xC3, 0x0E, 0xF0, 0x01, 0x00,
    0xD0, 0x3E, 0x04, 0xED, 0x79, 0xF1, 0x20, 0x15, 0xAF, 0xD3, 0x0E, 0x06, 0x80, 0x10, 0xFE, 0x3E,
    0x80, 0xD3, 0x0E, 0x06, 0x80, 0x10, 0xFE, 0xAF, 0xD3, 0x0E, 0xC3, 0xFA, 0x0B, 0xF3, 0x21, 0x15,
    0xF2, 0x22, 0x12, 0x0F, 0x21, 0x20, 0x0F, 0x11, 0x2A, 0xF4, 0x01, 0x20, 0x00, 0xED, 0xB0, 0x21,
    0x14, 0x0F, 0x11, 0x4A, 0xF4, 0x01, 0x04, 0x00, 0xED, 0xB0, 0xDB, 0x0E, 0xF5, 0x21, 0x4E, 0xF4,
    0x36, 0x00, 0x11, 0x4F, 0xF4, 0x01, 0xDC, 0x01, 0xED, 0xB0, 0xDB, 0x0C, 0x3E, 0x83, 0xD3, 0x0F,
    0xF1, 0xCB, 0x7F, 0x28, 0x70, 0xAF, 0xD3, 0x0E, 0x06, 0x80, 0x10, 0xFE, 0x3E, 0x80, 0xD3, 0x0E,
    0x06, 0x80, 0x10, 0xFE, 0xAF, 0xD3, 0x0E, 0xDB, 0x0E, 0xCB, 0x77, 0x28, 0x08, 0x21, 0x00, 0x80,
    0x2B, 0x7C, 0xB5, 0x20, 0xFB, 0x21, 0xFF, 0xFF, 0xDB, 0x0E, 0xCB, 0x77, 0x20, 0x0A, 0x2B, 0x7C,
    0xB5, 0x20, 0xF5, 0x21, 0xB9, 0xF3, 0x18, 0x37, 0x0E, 0x2A, 0x3E, 0xAA, 0xCD, 0xE2, 0xF1, 0x28,
    0x2B, 0x0E, 0x0A, 0xCD, 0xFE, 0xF1, 0x20, 0x24, 0xDB, 0x0C, 0xFE, 0xAA, 0x20, 0x1E, 0x3E, 0x55,
    0x4F, 0xCD, 0xE2, 0xF1, 0x28, 0x16, 0x0E, 0x15, 0xCD, 0xFE, 0xF1, 0x20, 0x0F, 0xDB, 0x0C, 0xFE,
    0x55, 0x20, 0x09, 0x3E, 0x01, 0x0E, 0x00, 0xCD, 0xE2, 0xF1, 0x20, 0x11, 0x21, 0xD3, 0xF3, 0xFB,
    0xCD, 0xF1, 0x0B, 0x18, 0x32, 0xFB, 0x21, 0xF3, 0xF3, 0xCD, 0xF1, 0x0B, 0xF3, 0x21, 0x0A, 0xF4,
    0x11, 0x20, 0x0F, 0x01, 0x20, 0x00, 0xED, 0xB0, 0x21, 0x96, 0xF2, 0x22, 0x14, 0x0F, 0x21, 0xA0,
    0xF2, 0x22, 0x16, 0x0F, 0xFB, 0xCD, 0x3A, 0xF1, 0x21, 0x27, 0xF6, 0x7E, 0xB7, 0x28, 0xF6, 0xCB,
    0x47, 0x20, 0x0A, 0xCB, 0x7F, 0x28, 0xEE, 0x3E, 0x80, 0xD3, 0x0E, 0x18, 0x11, 0xCD, 0xDC, 0xF1,
    0x06, 0x80, 0x10, 0xFE, 0x21, 0xF1, 0xF3, 0xCD, 0xF1, 0x0B, 0x06, 0x0A, 0x10, 0xFE, 0xF3, 0x3E,
    0x11, 0xD3, 0x27, 0x3E, 0x1C, 0xD3, 0x27, 0x21, 0x2A, 0xF4, 0x11, 0x20, 0x0F, 0x01, 0x20, 0x00,
    0xED, 0xB0, 0x3E, 0x03, 0xD3, 0x0F, 0xFB, 0xC3, 0xFA, 0x0B, 0xDD, 0x21, 0x4E, 0xF4, 0x0E, 0x83,
    0xCD, 0x5B, 0xF1, 0xDD, 0x21, 0xC4, 0xF4, 0x0E, 0x85, 0xCD, 0x5B, 0xF1, 0xDD, 0x21, 0x3A, 0xF5,
    0x0E, 0x87, 0xCD, 0x5B, 0xF1, 0xDD, 0x21, 0xB0, 0xF5, 0x0E, 0x89, 0xF3, 0xDD, 0xCB, 0x73, 0x4E,
    0xDD, 0xCB, 0x73, 0x8E, 0x28, 0x04, 0xCB, 0xF1, 0x18, 0x30, 0xDD, 0x7E, 0x71, 0xDD, 0xBE, 0x72,
    0x28, 0x09, 0xCD, 0xF4, 0xF2, 0xDD, 0x77, 0x71, 0x7E, 0x18, 0x22, 0xDD, 0xCB, 0x73, 0x56, 0xDD,
    0xCB, 0x73, 0x96, 0x28, 0x09, 0x79, 0xF6, 0x60, 0x4F, 0xDD, 0x7E, 0x75, 0x18, 0x0F, 0xDD, 0xCB,
    0x73, 0x46, 0xDD, 0xCB, 0x73, 0x86, 0x28, 0x20, 0xCB, 0xE9, 0xDD, 0x7E, 0x74, 0xF3, 0x47, 0xD3,
    0x10, 0xAF, 0xD3, 0x14, 0x79, 0xD3, 0x14, 0xFB, 0x00, 0xF3, 0xDB, 0x0E, 0xCB, 0x77, 0x28, 0xF7,
    0x3A, 0x26, 0xF6, 0xB7, 0x20, 0x1D, 0xFB, 0xC9, 0x21, 0x29, 0xF6, 0xCB, 0x46, 0x28, 0x08, 0xCB,
    0x86, 0x3E, 0x00, 0x0E, 0x8B, 0x18, 0xD6, 0xCB, 0x4E, 0x28, 0xEB, 0xCB, 0x8E, 0x3E, 0x00, 0x0E,
    0xAB, 0x18, 0xCA, 0xAF, 0x32, 0x26, 0xF6, 0xCB, 0x81, 0x78, 0x18, 0xC1, 0x3E, 0x06, 0x0E, 0x91,
    0x18, 0xBB, 0x21, 0xFF, 0xFF, 0x47, 0xDB, 0x0E, 0xCB, 0x77, 0x28, 0x0C, 0x78, 0xD3, 0x10, 0xAF,
    0xD3, 0x14, 0x79, 0xF6, 0x80, 0xD3, 0x14, 0xC9, 0x2B, 0x7C, 0xB5, 0x20, 0xE9, 0xC9, 0x21, 0xFF,
    0xFF, 0xDB, 0x0E, 0xCB, 0x6F, 0x28, 0x07, 0xE6, 0x1F, 0xB9, 0xC8, 0xF6, 0xFF, 0xC9, 0x2B, 0x7C,
    0xB5, 0x20, 0xEE, 0x18, 0xF6, 0xF5, 0xC5, 0xD5, 0xE5, 0xDD, 0xE5, 0xDB, 0x0E, 0xCB, 0x6F, 0x28,
    0x4F, 0xE6, 0x16, 0xCB, 0x67, 0x20, 0x52, 0x47, 0xDB, 0x0C, 0x4F, 0x78, 0xFE, 0x02, 0x28, 0x22,
    0xFE, 0x04, 0x20, 0x3C, 0xDB, 0x0E, 0xCB, 0x6F, 0x28, 0xFA, 0x47, 0xDB, 0x0C, 0xED, 0x79, 0x78,
    0xE6, 0x16, 0x28, 0x2C, 0xFE, 0x04, 0x28, 0xEC, 0xDB, 0x0E, 0xCB, 0x6F, 0x28, 0xFA, 0xE6, 0x16,
    0x18, 0xD5, 0xED, 0x78, 0x47, 0xDB, 0x0E, 0xCB, 0x77, 0x20, 0x05, 0x3E, 0xFF, 0x32, 0x26, 0xF6,
    0x78, 0xD3, 0x10, 0xAF, 0xD3, 0x14, 0xF6, 0x80, 0xD3, 0x14, 0xDB, 0x0E, 0xCB, 0x77, 0x28, 0xFA,
    0xDD, 0xE1, 0xE1, 0xD1, 0xC1, 0xF1, 0xFB, 0xED, 0x4D, 0x21, 0x27, 0xF6, 0xFE, 0x16, 0x28, 0x04,
    0xDB, 0x0C, 0x18, 0xEC, 0xDB, 0x0C, 0xFE, 0x52, 0x20, 0x04, 0xCB, 0xFE, 0x18, 0xE2, 0xFE, 0x51,
    0x20, 0xDE, 0xCB, 0xC6, 0x18, 0xDA, 0xE5, 0x21, 0x29, 0xF6, 0xCB, 0xC6, 0xE1, 0xFB, 0xED, 0x4D,
    0xE5, 0x21, 0x29, 0xF6, 0xCB, 0xCE, 0xE1, 0xFB, 0xED, 0x4D, 0xC5, 0xDD, 0xE5, 0x0E, 0x25, 0xDD,
    0x21, 0x4E, 0xF4, 0x18, 0x1F, 0xC5, 0xDD, 0xE5, 0x0E, 0x27, 0xDD, 0x21, 0xC4, 0xF4, 0x18, 0x14,
    0xC5, 0xDD, 0xE5, 0x0E, 0x29, 0xDD, 0x21, 0x3A, 0xF5, 0x18, 0x09, 0xC5, 0xDD, 0xE5, 0x0E, 0x2B,
    0xDD, 0x21, 0xB0, 0xF5, 0xF5, 0xE5, 0xD5, 0x0D, 0xED, 0x40, 0xDD, 0x7E, 0x72, 0xCD, 0xF4, 0xF2,
    0xDD, 0x77, 0x72, 0x70, 0x0C, 0xED, 0x78, 0xCB, 0x47, 0x20, 0xEC, 0xD1, 0xE1, 0xF1, 0xDD, 0xE1,
    0xC1, 0xFB, 0xED, 0x4D, 0x16, 0x00, 0x5F, 0xDD, 0xE5, 0xE1, 0x3C, 0xFE, 0x70, 0x20, 0x01, 0xAF,
    0x19, 0xC9, 0xC5, 0xDD, 0xE5, 0x0E, 0x27, 0xDD, 0x21, 0xC4, 0xF4, 0x18, 0x1F, 0xC5, 0xDD, 0xE5,
    0x0E, 0x25, 0xDD, 0x21, 0x4E, 0xF4, 0x18, 0x14, 0xC5, 0xDD, 0xE5, 0x0E, 0x2B, 0xDD, 0x21, 0xB0,
    0xF5, 0x18, 0x09, 0xC5, 0xDD, 0xE5, 0x0E, 0x29, 0xDD, 0x21, 0x3A, 0xF5, 0xF5, 0x3E, 0x28, 0xED,
    0x79, 0xED, 0x78, 0xDD, 0x77, 0x74, 0xDD, 0xCB, 0x73, 0xC6, 0x18, 0x76, 0xC5, 0xDD, 0xE5, 0x0E,
    0x27, 0xDD, 0x21, 0xC4, 0xF4, 0x18, 0x1F, 0xC5, 0xDD, 0xE5, 0x0E, 0x25, 0xDD, 0x21, 0x4E, 0xF4,
    0x18, 0x14, 0xC5, 0xDD, 0xE5, 0x0E, 0x2B, 0xDD, 0x21, 0xB0, 0xF5, 0x18, 0x09, 0xC5, 0xDD, 0xE5,
    0x0E, 0x29, 0xDD, 0x21, 0x3A, 0xF5, 0xF5, 0xED, 0x78, 0xDD, 0x77, 0x74, 0x3E, 0x10, 0xED, 0x79,
    0xDD, 0xCB, 0x73, 0xCE, 0x18, 0x3C, 0xC5, 0xDD, 0xE5, 0x0E, 0x27, 0xDD, 0x21, 0xC4, 0xF4, 0x18,
    0x1F, 0xC5, 0xDD, 0xE5, 0x0E, 0x25, 0xDD, 0x21, 0x4E, 0xF4, 0x18, 0x14, 0xC5, 0xDD, 0xE5, 0x0E,
    0x2B, 0xDD, 0x21, 0xB0, 0xF5, 0x18, 0x09, 0xC5, 0xDD, 0xE5, 0x0E, 0x29, 0xDD, 0x21, 0x3A, 0xF5,
    0xF5, 0x3E, 0x01, 0xED, 0x79, 0xED, 0x78, 0xDD, 0x77, 0x75, 0x3E, 0x30, 0xED, 0x79, 0xDD, 0xCB,
    0x73, 0xD6, 0xF1, 0xDD, 0xE1, 0xC1, 0xFB, 0xED, 0x4D, 0x19, 0x55, 0x38, 0x30, 0x30, 0x30, 0x2D,
    0x55, 0x6E, 0x69, 0x74, 0x20, 0x64, 0x6F, 0x65, 0x73, 0x20, 0x6E, 0x6F, 0x74, 0x20, 0x77, 0x6F,
    0x72, 0x6B, 0x0D, 0x1D, 0x48, 0x61, 0x72, 0x64, 0x77, 0x61, 0x72, 0x65, 0x20, 0x45, 0x72, 0x72,
    0x6F, 0x72, 0x20, 0x69, 0x6E, 0x20, 0x43, 0x6F, 0x6E, 0x6E, 0x65, 0x63, 0x74, 0x69, 0x6F, 0x6E,
    0x0D, 0x01, 0x08, 0x16, 0x55, 0x38, 0x30, 0x30, 0x30, 0x2D, 0x53, 0x6F, 0x66, 0x74, 0x77, 0x61,
    0x72, 0x65, 0x6D, 0x6F, 0x6E, 0x69, 0x74, 0x6F, 0x72, 0x0D, 0x02, 0xF3, 0x3C, 0xF3, 0xB5, 0xF2,
    0x76, 0xF3, 0x0D, 0xF3, 0x47, 0xF3, 0xAA, 0xF2, 0x81, 0xF3, 0x18, 0xF3, 0x52, 0xF3, 0xCB, 0xF2,
    0x8C, 0xF3, 0x23, 0xF3, 0x5D, 0xF3, 0xC0, 0xF2, 0x97, 0xF3, 0xFF, 0xFF, 0xFF, 0xFF, 0xFF, 0xFF,
    0xFF, 0xFF, 0xFF, 0xFF, 0xFF, 0xFF, 0xFF, 0xFF, 0xFF, 0xFF, 0xFF, 0xFF, 0xFF, 0xFF, 0xFF, 0xFF,
    0xFF, 0xFF, 0xFF, 0xFF, 0xFF, 0xFF, 0xFF, 0xFF, 0xFF, 0xFF, 0xFF, 0xFF, 0xFF, 0xFF, 0xFF, 0xFF,
    0xFF, 0xFF, 0xFF, 0xFF, 0xFF, 0xFF, 0xFF, 0xFF, 0xFF, 0xFF, 0xFF, 0xFF, 0xFF, 0xFF, 0xFF, 0xFF,
    0xFF, 0xFF, 0xFF, 0xFF, 0xFF, 0xFF, 0xFF, 0xFF, 0xFF, 0xFF, 0xFF, 0xFF, 0xFF, 0xFF, 0xFF, 0xFF,
    0xFF, 0xFF, 0xFF, 0xFF, 0xFF, 0xFF, 0xFF, 0xFF, 0xFF, 0xFF, 0xFF, 0xFF, 0xFF, 0xFF, 0xFF, 0xFF,
    0xFF, 0xFF, 0xFF, 0xFF, 0xFF, 0xFF, 0xFF, 0xFF, 0xFF, 0xFF, 0xFF, 0xFF, 0xFF, 0xFF, 0xFF, 0xFF,
    0xFF, 0xFF, 0xFF, 0xFF, 0xFF, 0xFF, 0xFF, 0xFF, 0xFF, 0xFF, 0xFF, 0xFF, 0xFF, 0xFF, 0xFF, 0xFF,
    0xFF, 0xFF, 0xFF, 0xFF, 0xFF, 0xFF, 0xFF, 0xFF, 0xFF, 0xFF, 0xFF, 0xFF, 0xFF, 0xFF, 0xFF, 0xFF,
    0xFF, 0xFF, 0xFF, 0xFF, 0xFF, 0xFF, 0xFF, 0xFF, 0xFF, 0xFF, 0xFF, 0xFF, 0xFF, 0xFF, 0xFF, 0xFF,
    0xFF, 0xFF, 0xFF, 0xFF, 0xFF, 0xFF, 0xFF, 0xFF, 0xFF, 0xFF, 0xFF, 0xFF, 0xFF, 0xFF, 0xFF, 0xFF,
    0xFF, 0xFF, 0xFF, 0xFF, 0xFF, 0xFF, 0xFF, 0xFF, 0xFF, 0xFF, 0xFF, 0xFF, 0xFF, 0xFF, 0xFF, 0xFF,
    0xFF, 0xFF, 0xFF, 0xFF, 0xFF, 0xFF, 0xFF, 0xFF, 0xFF, 0xFF, 0xFF, 0xFF, 0xFF, 0xFF, 0xFF, 0xFF,
    0xFF, 0xFF, 0xFF, 0xFF, 0xFF, 0xFF, 0xFF, 0xFF, 0x71, 0x6C, 0x8E, 0x93, 0x69, 0x23, 0x96, 0xDC,
};
// Generated from: doc/p8000/eproms/8BIT/MON8_1_2.1_NUR8BIT + doc/p8000/eproms/8BIT/MON8_2_2.1_NUR8BIT
// Size: 8192 bytes
static constexpr uint8_t P8K_MON8_2_1_NUR8BIT[8192] = {
    0x18, 0x0D, 0x28, 0x43, 0x29, 0x4B, 0x45, 0x41, 0x57, 0x5F, 0x30, 0x35, 0x2F, 0x38, 0x37, 0x06,
    0x00, 0x0E, 0x00, 0x0D, 0x20, 0xFD, 0x05, 0x20, 0xF8, 0x3E, 0xCF, 0xD3, 0x1D, 0x3E, 0x80, 0xD3,
    0x1D, 0x3E, 0x03, 0xD3, 0x1D, 0xDB, 0x1C, 0xCB, 0x7F, 0xCA, 0x60, 0x0D, 0xAF, 0xED, 0x47, 0x0E,
    0x00, 0x11, 0x10, 0x00, 0xAF, 0x47, 0xED, 0x51, 0xC6, 0x10, 0x1D, 0x20, 0xF8, 0x16, 0x01, 0x06,
    0x00, 0xED, 0x51, 0xDB, 0x04, 0x16, 0x01, 0x06, 0x10, 0xED, 0x51, 0x18, 0x17, 0x26, 0x00, 0x0E,
    0x00, 0xD9, 0x3E, 0x0F, 0xD3, 0x19, 0x3E, 0x03, 0xD3, 0x19, 0x0E, 0x26, 0x06, 0x2B, 0x21, 0x7F,
    0x0C, 0xC3, 0x0B, 0x01, 0x18, 0x03, 0xC3, 0x00, 0x40, 0x3E, 0x0F, 0xD3, 0x19, 0x3E, 0x03, 0xD3,
    0x19, 0x3E, 0xAA, 0xD3, 0x18, 0x0E, 0x00, 0xDB, 0x1C, 0xDB, 0x18, 0xFE, 0xAA, 0x28, 0x03, 0x67,
    0x0E, 0x01, 0x3E, 0x55, 0xD3, 0x18, 0xDB, 0x1C, 0xDB, 0x18, 0xFE, 0x55, 0x28, 0x03, 0x6F, 0xCB,
    0xC9, 0x3E, 0xFF, 0xD3, 0x18, 0x3E, 0x07, 0xD3, 0x2D, 0x3E, 0xAA, 0xD3, 0x2D, 0x16, 0x05, 0x15,
    0x20, 0xFD, 0xDB, 0x2D, 0xFE, 0xAA, 0x38, 0x03, 0x57, 0xCB, 0xD1, 0x3E, 0x03, 0xD3, 0x2D, 0xDB,
    0x2D, 0xFE, 0xAA, 0x28, 0x03, 0x5F, 0xCB, 0xD9, 0x3E, 0x38, 0xD3, 0x27, 0x3E, 0x10, 0xD3, 0x27,
    0x3E, 0x11, 0xD3, 0x27, 0xAF, 0xD3, 0x27, 0x3E, 0x12, 0xD3, 0x27, 0x3E, 0x50, 0xD3, 0x27, 0x3E,
    0x12, 0xD3, 0x27, 0xDB, 0x27, 0xFE, 0x50, 0x28, 0x04, 0xED, 0x47, 0xCB, 0xE1, 0x3E, 0x12, 0xD3,
    0x27, 0x3E, 0x20, 0xD3, 0x27, 0x3E, 0x12, 0xD3, 0x27, 0xDB, 0x27, 0xFE, 0x20, 0x28, 0x03, 0x47,
    0xCB, 0xE9, 0xD9, 0x3E, 0x57, 0xD3, 0x2D, 0x3E, 0x02, 0xD3, 0x2D, 0x21, 0x05, 0x0C, 0x06, 0x08,
    0x0E, 0x27, 0xED, 0xB3, 0x0E, 0x26, 0x06, 0x43, 0x21, 0x67, 0x0C, 0xED, 0xA3, 0x04, 0xDB, 0x27,
    0xCB, 0x57, 0x28, 0xFA, 0x0E, 0x02, 0x16, 0x00, 0x15, 0x20, 0xFD, 0x0D, 0x20, 0xF8, 0x0E, 0x26,
    0x10, 0xE9, 0xD9, 0x79, 0xA7, 0x20, 0x2D, 0x21, 0x50, 0x0D, 0x06, 0x10, 0x7E, 0xD3, 0x26, 0xDB,
    0x27, 0xCB, 0x57, 0x28, 0xFA, 0x23, 0x16, 0x00, 0x15, 0x20, 0xFD, 0x10, 0xEF, 0xD9, 0x26, 0x00,
    0xD9, 0x3E, 0x10, 0xD3, 0x18, 0x3E, 0x15, 0xD3, 0x18, 0x3E, 0x16, 0xD3, 0x18, 0x3E, 0x20, 0xD3,
    0x18, 0xC3, 0x3E, 0x03, 0xD9, 0x1E, 0x10, 0xDD, 0x21, 0x5E, 0x01, 0xC3, 0x19, 0x04, 0xD9, 0xCB,
    0x41, 0x28, 0x46, 0xD9, 0x0E, 0x26, 0x06, 0x19, 0x21, 0xBA, 0x0C, 0xED, 0xA3, 0x04, 0xDB, 0x27,
    0xCB, 0x57, 0x28, 0xFA, 0x16, 0xFF, 0x15, 0x20, 0xFD, 0x10, 0xF0, 0xD9, 0x7C, 0xE6, 0xF0, 0x0F,
    0x0F, 0x0F, 0x0F, 0xFE, 0x0A, 0x38, 0x02, 0xC6, 0x07, 0xC6, 0x30, 0xD3, 0x26, 0xDB, 0x27, 0xCB,
    0x57, 0x28, 0xFA, 0x7C, 0xE6, 0x0F, 0xFE, 0x0A, 0x38, 0x02, 0xC6, 0x07, 0xC6, 0x30, 0xD3, 0x26,
    0xDB, 0x27, 0xCB, 0x57, 0x28, 0xFA, 0x26, 0xFF, 0xD9, 0xCB, 0x49, 0x28, 0x46, 0xD9, 0x0E, 0x26,
    0x06, 0x19, 0x21, 0xD3, 0x0C, 0xED, 0xA3, 0x04, 0xDB, 0x27, 0xCB, 0x57, 0x28, 0xFA, 0x16, 0xFF,
    0x15, 0x20, 0xFD, 0x10, 0xF0, 0xD9, 0x7D, 0xE6, 0xF0, 0x0F, 0x0F, 0x0F, 0x0F, 0xFE, 0x0A, 0x38,
    0x02, 0xC6, 0x07, 0xC6, 0x30, 0xD3, 0x26, 0xDB, 0x27, 0xCB, 0x57, 0x28, 0xFA, 0x7D, 0xE6, 0x0F,
    0xFE, 0x0A, 0x38, 0x02, 0xC6, 0x07, 0xC6, 0x30, 0xD3, 0x26, 0xDB, 0x27, 0xCB, 0x57, 0x28, 0xFA,
    0x26, 0xFF, 0xD9, 0xD9, 0x1E, 0x15, 0xDD, 0x21, 0xFD, 0x01, 0xC3, 0x19, 0x04, 0xD9, 0xCB, 0x51,
    0x28, 0x46, 0xD9, 0x0E, 0x26, 0x06, 0x19, 0x21, 0xEC, 0x0C, 0xED, 0xA3, 0x04, 0xDB, 0x27, 0xCB,
    0x57, 0x28, 0xFA, 0x16, 0xFF, 0x15, 0x20, 0xFD, 0x10, 0xF0, 0xD9, 0x7A, 0xE6, 0xF0, 0x0F, 0x0F,
    0x0F, 0x0F, 0xFE, 0x0A, 0x38, 0x02, 0xC6, 0x07, 0xC6, 0x30, 0xD3, 0x26, 0xDB, 0x27, 0xCB, 0x57,
    0x28, 0xFA, 0x7A, 0xE6, 0x0F, 0xFE, 0x0A, 0x38, 0x02, 0xC6, 0x07, 0xC6, 0x30, 0xD3, 0x26, 0xDB,
    0x27, 0xCB, 0x57, 0x28, 0xFA, 0x26, 0xFF, 0xD9, 0xD9, 0x1E, 0x16, 0xDD, 0x21, 0x52, 0x02, 0xC3,
    0x19, 0x04, 0xD9, 0xCB, 0x59, 0x28, 0x46, 0xD9, 0x0E, 0x26, 0x06, 0x19, 0x21, 0x05, 0x0D, 0xED,
    0xA3, 0x04, 0xDB, 0x27, 0xCB, 0x57, 0x28, 0xFA, 0x16, 0xFF, 0x15, 0x20, 0xFD, 0x10, 0xF0, 0xD9,
    0x7B, 0xE6, 0xF0, 0x0F, 0x0F, 0x0F, 0x0F, 0xFE, 0x0A, 0x38, 0x02, 0xC6, 0x07, 0xC6, 0x30, 0xD3,
    0x26, 0xDB, 0x27, 0xCB, 0x57, 0x28, 0xFA, 0x7B, 0xE6, 0x0F, 0xFE, 0x0A, 0x38, 0x02, 0xC6, 0x07,
    0xC6, 0x30, 0xD3, 0x26, 0xDB, 0x27, 0xCB, 0x57, 0x28, 0xFA, 0x26, 0xFF, 0xD9, 0xD9, 0x1E, 0x20,
    0xDD, 0x21, 0xA7, 0x02, 0xC3, 0x19, 0x04, 0xD9, 0xCB, 0x61, 0x28, 0x48, 0xD9, 0x0E, 0x26, 0x06,
    0x19, 0x21, 0x1E, 0x0D, 0xED, 0xA3, 0x04, 0xDB, 0x27, 0xCB, 0x57, 0x28, 0xFA, 0x16, 0xFF, 0x15,
    0x20, 0xFD, 0x10, 0xF0, 0xD9, 0xED, 0x57, 0xE6, 0xF0, 0x0F, 0x0F, 0x0F, 0x0F, 0xFE, 0x0A, 0x38,
    0x02, 0xC6, 0x07, 0xC6, 0x30, 0xD3, 0x26, 0xDB, 0x27, 0xCB, 0x57, 0x28, 0xFA, 0xED, 0x57, 0xE6,
    0x0F, 0xFE, 0x0A, 0x38, 0x02, 0xC6, 0x07, 0xC6, 0x30, 0xD3, 0x26, 0xDB, 0x27, 0xCB, 0x57, 0x28,
    0xFA, 0x26, 0xFF, 0xD9, 0xCB, 0x69, 0x28, 0x46, 0xD9, 0x0E, 0x26, 0x06, 0x19, 0x21, 0x37, 0x0D,
    0xED, 0xA3, 0x04, 0xDB, 0x27, 0xCB, 0x57, 0x28, 0xFA, 0x16, 0xFF, 0x15, 0x20, 0xFD, 0x10, 0xF0,
    0xD9, 0x78, 0xE6, 0xF0, 0x0F, 0x0F, 0x0F, 0x0F, 0xFE, 0x0A, 0x38, 0x02, 0xC6, 0x07, 0xC6, 0x30,
    0xD3, 0x26, 0xDB, 0x27, 0xCB, 0x57, 0x28, 0xFA, 0x78, 0xE6, 0x0F, 0xFE, 0x0A, 0x38, 0x02, 0xC6,
    0x07, 0xC6, 0x30, 0xD3, 0x26, 0xDB, 0x27, 0xCB, 0x57, 0x28, 0xFA, 0x26, 0xFF, 0xD9, 0xD9, 0x1E,
    0x00, 0xDD, 0x21, 0x48, 0x03, 0xC3, 0x19, 0x04, 0xD9, 0xDD, 0x21, 0x9B, 0x03, 0x21, 0x00, 0x00,
    0x01, 0x00, 0x10, 0x11, 0xFF, 0xFF, 0x7E, 0xAA, 0x57, 0x0F, 0x0F, 0x0F, 0x0F, 0xE6, 0x0F, 0xAA,
    0x57, 0x0F, 0x0F, 0x0F, 0xED, 0x47, 0xE6, 0x1F, 0xAB, 0x5F, 0xED, 0x57, 0xED, 0x47, 0x0F, 0xE6,
    0xF0, 0xAB, 0x5F, 0xED, 0x57, 0xE6, 0xE0, 0xAA, 0x53, 0x5F, 0x23, 0x0B, 0x78, 0xB1, 0x20, 0xD6,
    0x2A, 0xF8, 0x1F, 0x7A, 0xBC, 0xC2, 0x5E, 0x04, 0x7B, 0xBD, 0xC2, 0x5E, 0x04, 0x2A, 0xFA, 0x1F,
    0x19, 0x3E, 0xFF, 0xBC, 0xC2, 0x5E, 0x04, 0xBD, 0xC2, 0x5E, 0x04, 0xDD, 0x21, 0xED, 0x03, 0x21,
    0x00, 0x10, 0x01, 0xF8, 0x0F, 0x11, 0xFF, 0xFF, 0x7E, 0xAA, 0x57, 0x0F, 0x0F, 0x0F, 0x0F, 0xE6,
    0x0F, 0xAA, 0x57, 0x0F, 0x0F, 0x0F, 0xED, 0x47, 0xE6, 0x1F, 0xAB, 0x5F, 0xED, 0x57, 0xED, 0x47,
    0x0F, 0xE6, 0xF0, 0xAB, 0x5F, 0xED, 0x57, 0xE6, 0xE0, 0xAA, 0x53, 0x5F, 0x23, 0x0B, 0x78, 0xB1,
    0x20, 0xD6, 0x2A, 0xFC, 0x1F, 0x7A, 0xBC, 0xC2, 0x5E, 0x04, 0x7B, 0xBD, 0xC2, 0x5E, 0x04, 0x2A,
    0xFE, 0x1F, 0x19, 0x3E, 0xFF, 0xBC, 0xC2, 0x5E, 0x04, 0xBD, 0xC2, 0x5E, 0x04, 0xD9, 0x1E, 0x05,
    0xDD, 0x21, 0xF7, 0x03, 0xC3, 0x19, 0x04, 0xD9, 0x16, 0x02, 0x06, 0x20, 0x0E, 0x00, 0xED, 0x51,
    0xAF, 0x21, 0x00, 0x20, 0x11, 0x01, 0x20, 0x01, 0xFF, 0x07, 0x77, 0xED, 0xB0, 0xBE, 0xCA, 0x9E,
    0x05, 0x47, 0x7E, 0xDD, 0x21, 0xA3, 0x05, 0x18, 0x45, 0x06, 0x02, 0x3E, 0x08, 0xD3, 0x26, 0xDB,
    0x27, 0xCB, 0x57, 0x28, 0xFA, 0x16, 0x00, 0x15, 0x20, 0xFD, 0x10, 0xEF, 0x7B, 0xFD, 0x21, 0x34,
    0x04, 0xC3, 0x5F, 0x05, 0xD3, 0x26, 0xFD, 0x21, 0x3D, 0x04, 0xC3, 0x57, 0x05, 0x16, 0x00, 0x15,
    0x20, 0xFD, 0x79, 0xD3, 0x26, 0xFD, 0x21, 0x4C, 0x04, 0xC3, 0x57, 0x05, 0x7B, 0xCB, 0x44, 0x20,
    0x02, 0xD3, 0x18, 0x01, 0x00, 0x00, 0x0D, 0x20, 0xFD, 0x05, 0x20, 0xFA, 0xDD, 0xE9, 0xD9, 0x21,
    0xAA, 0x0C, 0x06, 0x0C, 0x0E, 0x26, 0xED, 0xA3, 0x04, 0xDB, 0x27, 0xCB, 0x57, 0x28, 0xFA, 0x16,
    0x00, 0x15, 0x20, 0xFD, 0x10, 0xF0, 0x7B, 0xFD, 0x21, 0x7E, 0x04, 0xC3, 0x5F, 0x05, 0xD3, 0x26,
    0xFD, 0x21, 0x87, 0x04, 0xC3, 0x57, 0x05, 0x79, 0xD3, 0x26, 0xFD, 0x21, 0x91, 0x04, 0xC3, 0x57,
    0x05, 0x26, 0xFF, 0x7B, 0xED, 0x47, 0xD9, 0x57, 0xED, 0x57, 0xA7, 0xCA, 0x3F, 0x05, 0x3E, 0x20,
    0xD3, 0x26, 0xDB, 0x27, 0xCB, 0x57, 0x28, 0xFA, 0x48, 0x06, 0x02, 0x3E, 0x20, 0xD3, 0x26, 0xDB,
    0x27, 0xCB, 0x57, 0x28, 0xFA, 0x1E, 0x00, 0x1D, 0x20, 0xFD, 0x10, 0xEF, 0x41, 0x7C, 0xFD, 0x21,
    0xC5, 0x04, 0xC3, 0x5F, 0x05, 0xD3, 0x26, 0xFD, 0x21, 0xCE, 0x04, 0xC3, 0x57, 0x05, 0x79, 0xD3,
    0x26, 0xFD, 0x21, 0xD8, 0x04, 0xC3, 0x57, 0x05, 0x7D, 0xFD, 0x21, 0xE0, 0x04, 0xC3, 0x5F, 0x05,
    0xD3, 0x26, 0xFD, 0x21, 0xE9, 0x04, 0xC3, 0x57, 0x05, 0x79, 0xD3, 0x26, 0xFD, 0x21, 0xF3, 0x04,
    0xC3, 0x57, 0x05, 0x3E, 0x20, 0xD3, 0x26, 0xFD, 0x21, 0xFE, 0x04, 0xC3, 0x57, 0x05, 0x78, 0xFD,
    0x21, 0x06, 0x05, 0xC3, 0x5F, 0x05, 0xD3, 0x26, 0xFD, 0x21, 0x0F, 0x05, 0xC3, 0x57, 0x05, 0x79,
    0xD3, 0x26, 0xFD, 0x21, 0x19, 0x05, 0xC3, 0x57, 0x05, 0x3E, 0x20, 0xD3, 0x26, 0xFD, 0x21, 0x24,
    0x05, 0xC3, 0x57, 0x05, 0x7A, 0xFD, 0x21, 0x2C, 0x05, 0xC3, 0x5F, 0x05, 0xD3, 0x26, 0xFD, 0x21,
    0x35, 0x05, 0xC3, 0x57, 0x05, 0x79, 0xD3, 0x26, 0xFD, 0x21, 0x3F, 0x05, 0xC3, 0x57, 0x05, 0x21,
    0xB6, 0x0C, 0x06, 0x04, 0x7E, 0xD3, 0x26, 0xDB, 0x27, 0xCB, 0x57, 0x28, 0xFA, 0x23, 0x16, 0x00,
    0x15, 0x20, 0xFD, 0x10, 0xEF, 0xDD, 0xE9, 0xDB, 0x27, 0xCB, 0x57, 0x28, 0xFA, 0xFD, 0xE9, 0x4F,
    0xE6, 0xF0, 0x0F, 0x0F, 0x0F, 0x0F, 0xFE, 0x0A, 0x38, 0x02, 0xC6, 0x07, 0xC6, 0x30, 0xED, 0x47,
    0x79, 0xE6, 0x0F, 0xFE, 0x0A, 0x38, 0x02, 0xC6, 0x07, 0xC6, 0x30, 0x4F, 0xED, 0x57, 0xFD, 0xE9,
    0x00, 0x88, 0x01, 0x7F, 0x00, 0x88, 0x00, 0x04, 0x88, 0x00, 0x08, 0x00, 0x08, 0x00, 0x10, 0x02,
    0x0E, 0x08, 0x04, 0x88, 0x2D, 0x00, 0x88, 0x00, 0x08, 0x80, 0x00, 0x00, 0xDD, 0xE9, 0xEE, 0xFF,
    0xC2, 0x01, 0x04, 0xD9, 0x1E, 0x06, 0xDD, 0x21, 0xAD, 0x05, 0xC3, 0x19, 0x04, 0xD9, 0xDD, 0x21,
    0xCD, 0x05, 0x21, 0x00, 0x20, 0x11, 0x00, 0x20, 0x0E, 0x08, 0xAF, 0x12, 0x13, 0x3C, 0x20, 0xFB,
    0x47, 0x7E, 0xB8, 0xC2, 0x5E, 0x04, 0x23, 0x04, 0x20, 0xF7, 0x0D, 0x20, 0xED, 0xD9, 0x1E, 0x07,
    0xDD, 0x21, 0xD7, 0x05, 0xC3, 0x19, 0x04, 0xD9, 0x21, 0x00, 0x20, 0x36, 0xFF, 0x11, 0xFF, 0x07,
    0x43, 0x3A, 0xA8, 0x01, 0x7E, 0xB8, 0xC2, 0x5E, 0x04, 0x23, 0xA7, 0x17, 0x77, 0x08, 0x23, 0x1B,
    0x7A, 0xB3, 0x28, 0x03, 0x08, 0x18, 0xF4, 0x21, 0x01, 0x20, 0x11, 0xFE, 0x07, 0x37, 0x43, 0x08,
    0x7E, 0xB8, 0xC2, 0x5E, 0x04, 0x23, 0x1B, 0x7A, 0xB3, 0x28, 0x07, 0x08, 0x78, 0x17, 0x47, 0x08,
    0x18, 0xEE, 0xD9, 0x1E, 0x08, 0xDD, 0x21, 0x1C, 0x06, 0xC3, 0x19, 0x04, 0xD9, 0x11, 0x00, 0x20,
    0x21, 0x80, 0x05, 0x01, 0x1E, 0x00, 0xED, 0xB0, 0xA7, 0xEB, 0x11, 0x1E, 0x00, 0xED, 0x52, 0xDD,
    0x21, 0x34, 0x06, 0xE9, 0x11, 0x00, 0x01, 0x2C, 0x19, 0xEB, 0x7A, 0xFE, 0x28, 0x20, 0xE1, 0x31,
    0x00, 0x28, 0x3E, 0xFF, 0x32, 0x60, 0x23, 0xD9, 0x1E, 0x10, 0xCD, 0xE2, 0x0A, 0xD9, 0x3E, 0x03,
    0x0E, 0x0D, 0xED, 0x79, 0x3E, 0x55, 0xCD, 0xB5, 0x09, 0xC4, 0x14, 0x0B, 0x3E, 0x03, 0x0E, 0x1B,
    0xED, 0x79, 0x3E, 0xF3, 0xCD, 0xB5, 0x09, 0xC4, 0x14, 0x0B, 0x3E, 0x03, 0x0E, 0x1D, 0xED, 0x79,
    0x3E, 0x9F, 0xCD, 0xB5, 0x09, 0xC4, 0x14, 0x0B, 0x3E, 0x03, 0x0E, 0x1F, 0xED, 0x79, 0x3E, 0x6F,
    0xCD, 0xB5, 0x09, 0xC4, 0x14, 0x0B, 0xFB, 0xED, 0x5E, 0x3E, 0x23, 0xED, 0x47, 0x21, 0x25, 0x0C,
    0x11, 0x00, 0x23, 0x01, 0x42, 0x00, 0xED, 0xB0, 0xAF, 0x21, 0x50, 0x23, 0x06, 0x13, 0x77, 0x23,
    0x10, 0xFC, 0xD9, 0x3E, 0xFF, 0x32, 0x60, 0x23, 0x1E, 0x15, 0xCD, 0xE2, 0x0A, 0xD9, 0x0E, 0x08,
    0x06, 0x40, 0xCD, 0xC8, 0x09, 0xD4, 0x14, 0x0B, 0x0E, 0x09, 0x06, 0x50, 0xCD, 0xC8, 0x09, 0xD4,
    0x14, 0x0B, 0x0E, 0x0A, 0x06, 0x60, 0xCD, 0xC8, 0x09, 0xD4, 0x14, 0x0B, 0x0E, 0x0B, 0x06, 0x70,
    0xCD, 0xC8, 0x09, 0xD4, 0x14, 0x0B, 0x0E, 0x2C, 0x06, 0x80, 0xCD, 0xC8, 0x09, 0xD4, 0x14, 0x0B,
    0x0E, 0x2E, 0x06, 0x90, 0xCD, 0xC8, 0x09, 0xD4, 0x14, 0x0B, 0x0E, 0x2F, 0x06, 0xA0, 0xCD, 0xC8,
    0x09, 0xD4, 0x14, 0x0B, 0xD9, 0x1E, 0x16, 0xCD, 0xE2, 0x0A, 0xD9, 0x06, 0x40, 0x0E, 0x08, 0xED,
    0x78, 0xB8, 0xC4, 0x14, 0x0B, 0x06, 0x50, 0x0E, 0x09, 0xED, 0x78, 0xB8, 0xC4, 0x14, 0x0B, 0x06,
    0x60, 0x0E, 0x0A, 0xED, 0x78, 0xB8, 0xC4, 0x14, 0x0B, 0x06, 0x70, 0x0E, 0x0B, 0xED, 0x78, 0xB8,
    0xC4, 0x14, 0x0B, 0x06, 0x80, 0x0E, 0x2C, 0xED, 0x78, 0xB8, 0xC4, 0x14, 0x0B, 0x06, 0x90, 0x0E,
    0x2E, 0xED, 0x78, 0xB8, 0xC4, 0x14, 0x0B, 0x06, 0xA0, 0x0E, 0x2F, 0xED, 0x78, 0xB8, 0xC4, 0x14,
    0x0B, 0xD9, 0x3E, 0x01, 0x32, 0x60, 0x23, 0x1E, 0x17, 0xCD, 0xE2, 0x0A, 0xD9, 0xAF, 0x0E, 0x08,
    0xD3, 0x08, 0xCD, 0xDC, 0x09, 0xCC, 0x14, 0x0B, 0x0E, 0x09, 0xCD, 0xDC, 0x09, 0xCC, 0x14, 0x0B,
    0x0E, 0x0A, 0xCD, 0xDC, 0x09, 0xCC, 0x14, 0x0B, 0x0E, 0x0B, 0xCD, 0xDC, 0x09, 0xCC, 0x14, 0x0B,
    0x3E, 0x08, 0x0E, 0x2C, 0xED, 0x79, 0xCD, 0xDC, 0x09, 0xCC, 0x14, 0x0B, 0x0E, 0x2E, 0xCD, 0xDC,
    0x09, 0xCC, 0x14, 0x0B, 0x0E, 0x2F, 0xCD, 0xDC, 0x09, 0xCC, 0x14, 0x0B, 0xD9, 0x1E, 0x20, 0x3E,
    0xFF, 0x32, 0x60, 0x23, 0xCD, 0xE2, 0x0A, 0xD9, 0x3E, 0x11, 0xD3, 0x2B, 0xAF, 0xD3, 0x2B, 0x3E,
    0x12, 0xD3, 0x2B, 0x3E, 0x50, 0xD3, 0x2B, 0xDB, 0x2B, 0x3E, 0x12, 0xD3, 0x2B, 0x0E, 0x28, 0x06,
    0x50, 0xDB, 0x2B, 0xB8, 0xC4, 0x14, 0x0B, 0x3E, 0x12, 0xD3, 0x2B, 0x3E, 0x30, 0xD3, 0x2B, 0xDB,
    0x2B, 0x3E, 0x12, 0xD3, 0x2B, 0x0E, 0x28, 0x06, 0x30, 0xDB, 0x2B, 0xB8, 0xC4, 0x14, 0x0B, 0xD9,
    0x3E, 0x01, 0x32, 0x60, 0x23, 0x1E, 0x21, 0xCD, 0xE2, 0x0A, 0xD9, 0x06, 0x2C, 0x1E, 0x25, 0xCD,
    0xD0, 0x0A, 0x3E, 0x11, 0xD3, 0x25, 0xD3, 0x27, 0x3E, 0x06, 0xD3, 0x25, 0xD3, 0x27, 0x0E, 0x24,
    0xCD, 0xF2, 0x09, 0xCC, 0x14, 0x0B, 0x0E, 0x26, 0xCD, 0x07, 0x0A, 0xCC, 0x14, 0x0B, 0x06, 0x2E,
    0x1E, 0x29, 0xCD, 0xD0, 0x0A, 0x06, 0x08, 0x1E, 0x2B, 0xCD, 0xD0, 0x0A, 0x3E, 0x11, 0xD3, 0x29,
    0xD3, 0x2B, 0x3E, 0x06, 0xD3, 0x29, 0xD3, 0x2B, 0x0E, 0x28, 0xCD, 0x22, 0x0A, 0xCC, 0x14, 0x0B,
    0x0E, 0x2A, 0xCD, 0x37, 0x0A, 0xCC, 0x14, 0x0B, 0xD9, 0x3E, 0xFF, 0x32, 0x60, 0x23, 0x1E, 0x25,
    0xCD, 0xE2, 0x0A, 0xD9, 0xF3, 0xCD, 0xE4, 0x0B, 0x20, 0x36, 0x3E, 0x03, 0xD3, 0x21, 0xCD, 0xE4,
    0x0B, 0x20, 0x2D, 0x3E, 0x1F, 0xD3, 0x21, 0xCD, 0xE4, 0x0B, 0x20, 0x24, 0x3E, 0xFF, 0xD3, 0x21,
    0xCD, 0xE4, 0x0B, 0x20, 0x1B, 0x06, 0xFF, 0x0E, 0x21, 0xED, 0x78, 0xB8, 0xC4, 0x14, 0x0B, 0x3E,
    0xCF, 0xD3, 0x1F, 0x3E, 0x10, 0xD3, 0x1F, 0x3E, 0x03, 0xD3, 0x1F, 0x3E, 0x8F, 0xD3, 0x1E, 0xFB,
    0xD9, 0x1E, 0x26, 0xCD, 0xE2, 0x0A, 0xD9, 0x21, 0x0D, 0x0C, 0x06, 0x15, 0x0E, 0x3C, 0xED, 0xB3,
    0x06, 0x3B, 0xED, 0x78, 0xA0, 0xCC, 0x14, 0x0B, 0x0E, 0x3C, 0x06, 0x00, 0xED, 0x78, 0xB8, 0xC4,
    0x14, 0x0B, 0x0E, 0x3C, 0x06, 0x01, 0xED, 0x78, 0xB8, 0xC4, 0x14, 0x0B, 0xD9, 0x3E, 0x01, 0x32,
    0x60, 0x23, 0x1E, 0x27, 0xCD, 0xE2, 0x0A, 0xD9, 0x21, 0x0D, 0x0C, 0x06, 0x13, 0x0E, 0x3C, 0xED,
    0xB3, 0x21, 0x22, 0x0C, 0x06, 0x03, 0x0E, 0x3C, 0xED, 0xB3, 0xED, 0x78, 0xE6, 0x28, 0x20, 0x0A,
    0xCD, 0xBA, 0x0A, 0xED, 0x78, 0xE6, 0x28, 0xCC, 0x14, 0x0B, 0x3E, 0xC3, 0xD3, 0x3C, 0xD9, 0x3E,
    0xFF, 0x32, 0x60, 0x23, 0x1E, 0x30, 0xCD, 0xE2, 0x0A, 0xD9, 0x11, 0x0D, 0x04, 0x06, 0x30, 0x0E,
    0x00, 0x3E, 0x10, 0xED, 0x51, 0x80, 0x47, 0x1D, 0x20, 0xF7, 0xAF, 0x21, 0x00, 0x30, 0x11, 0x01,
    0x30, 0x01, 0xFF, 0xCF, 0x77, 0xED, 0xB0, 0x7E, 0xB8, 0xC4, 0x9C, 0x0B, 0x3E, 0xFF, 0x21, 0x00,
    0x30, 0x11, 0x01, 0x30, 0x01, 0xFF, 0xCF, 0x77, 0xED, 0xB0, 0x47, 0x7E, 0xB8, 0xC4, 0x9C, 0x0B,
    0xD9, 0x1E, 0x31, 0xCD, 0xE2, 0x0A, 0xD9, 0x21, 0x00, 0x30, 0x11, 0x01, 0x30, 0xAF, 0x01, 0xFF,
    0x00, 0x77, 0xED, 0xB0, 0x23, 0x13, 0x3C, 0xFE, 0xD0, 0x20, 0xF3, 0x21, 0x00, 0x30, 0x1E, 0x00,
    0x7E, 0xB8, 0xC4, 0x9C, 0x0B, 0x23, 0x1D, 0x20, 0xF7, 0x04, 0x78, 0xFE, 0xD0, 0x20, 0xEF, 0xD9,
    0x1E, 0x32, 0xCD, 0xE2, 0x0A, 0xD9, 0x21, 0x00, 0x30, 0x06, 0xFF, 0x36, 0xFF, 0x11, 0xFE, 0xCF,
    0x7E, 0xB8, 0xC4, 0x9C, 0x0B, 0x23, 0x17, 0x77, 0x23, 0x1B, 0xF5, 0x7A, 0xB3, 0x28, 0x03, 0xF1,
    0x18, 0xF4, 0x21, 0x01, 0x30, 0x11, 0xFE, 0xCF, 0x7B, 0x37, 0xF5, 0x47, 0x7E, 0xB8, 0xC4, 0x9C,
    0x0B, 0x23, 0x1B, 0x7A, 0xB3, 0x28, 0x04, 0xF1, 0x17, 0x18, 0xEF, 0xF1, 0xD9, 0x1E, 0x33, 0xCD,
    0xE2, 0x0A, 0xD9, 0x11, 0x00, 0x30, 0x21, 0x80, 0x05, 0x01, 0x1E, 0x00, 0xED, 0xB0, 0xA7, 0xEB,
    0x11, 0x1E, 0x00, 0xED, 0x52, 0xDD, 0x21, 0x9A, 0x09, 0xE9, 0x11, 0x00, 0x01, 0x23, 0x19, 0xEB,
    0x7A, 0xA7, 0x20, 0xE2, 0x3E, 0x0D, 0xCD, 0xDE, 0x0B, 0xCD, 0xDC, 0x0B, 0xCD, 0xDC, 0x0B, 0xCD,
    0xDC, 0x0B, 0xC3, 0x7A, 0x0D, 0x47, 0x3E, 0x0F, 0xED, 0x79, 0x3E, 0x03, 0xED, 0x79, 0x0D, 0x78,
    0xED, 0x79, 0xDB, 0x18, 0xED, 0x78, 0xB8, 0xC9, 0x3E, 0x07, 0xED, 0x79, 0x78, 0xED, 0x79, 0xCD,
    0xCA, 0x0A, 0xED, 0x78, 0xB8, 0xF5, 0x3E, 0x03, 0xED, 0x79, 0xF1, 0xC9, 0x3E, 0x87, 0xED, 0x79,
    0x06, 0x70, 0x21, 0x80, 0x05, 0x3E, 0xFF, 0xED, 0x41, 0xCD, 0xC4, 0x0A, 0xCD, 0xC4, 0x0A, 0x7E,
    0xA7, 0xC9, 0xAF, 0xED, 0x79, 0xCD, 0xBA, 0x0A, 0xCD, 0xBA, 0x0A, 0xCD, 0x4C, 0x0A, 0x3E, 0x03,
    0xD3, 0x2C, 0x3A, 0x5C, 0x23, 0xA7, 0xC9, 0xAF, 0xED, 0x79, 0xCD, 0xBA, 0x0A, 0xCD, 0xBA, 0x0A,
    0x0C, 0x3E, 0x11, 0xED, 0x79, 0xAF, 0xED, 0x79, 0x3E, 0x38, 0xD3, 0x25, 0x0D, 0x3A, 0x5D, 0x23,
    0xA7, 0xC9, 0xAF, 0xED, 0x79, 0xCD, 0xBA, 0x0A, 0xCD, 0xBA, 0x0A, 0xCD, 0x4C, 0x0A, 0x3E, 0x03,
    0xD3, 0x2E, 0x3A, 0x5E, 0x23, 0xA7, 0xC9, 0xAF, 0xED, 0x79, 0xCD, 0xBA, 0x0A, 0xCD, 0xBA, 0x0A,
    0xCD, 0x4C, 0x0A, 0x3E, 0x03, 0xD3, 0x08, 0x3A, 0x5E, 0x23, 0xA7, 0xC9, 0x0C, 0x3E, 0x11, 0xED,
    0x79, 0xAF, 0xED, 0x79, 0x3E, 0x30, 0xED, 0x79, 0x3E, 0x38, 0xED, 0x79, 0x3E, 0x18, 0xED, 0x79,
    0x0D, 0xC9, 0x21, 0x50, 0x23, 0x77, 0x3E, 0x03, 0xED, 0x79, 0xFB, 0xED, 0x4D, 0x21, 0x51, 0x23,
    0x18, 0xF3, 0x21, 0x52, 0x23, 0x18, 0xEE, 0x21, 0x53, 0x23, 0x18, 0xE9, 0x21, 0x54, 0x23, 0x18,
    0xE4, 0x21, 0x55, 0x23, 0x18, 0xDF, 0x21, 0x56, 0x23, 0x18, 0xDA, 0xF5, 0x3E, 0xFF, 0x32, 0x5C,
    0x23, 0x0C, 0x3E, 0x28, 0xED, 0x79, 0x0D, 0xF1, 0xFB, 0xED, 0x4D, 0xF5, 0x3E, 0xFF, 0x32, 0x5D,
    0x23, 0x18, 0xEE, 0xF5, 0x3E, 0xFF, 0x32, 0x5E, 0x23, 0x18, 0xE6, 0xF5, 0x3E, 0xFF, 0x32, 0x5F,
    0x23, 0x18, 0xDE, 0x3E, 0xA3, 0xD3, 0x3C, 0xFB, 0xED, 0x4D, 0x21, 0xFF, 0xFF, 0x2D, 0x20, 0xFD,
    0x25, 0x20, 0xFA, 0xC9, 0x16, 0xFF, 0x15, 0x20, 0xFD, 0xC9, 0x16, 0x06, 0x15, 0x20, 0xFD, 0xC9,
    0x48, 0x3E, 0x57, 0xED, 0x79, 0x3E, 0x02, 0xED, 0x79, 0x21, 0x05, 0x0C, 0x06, 0x08, 0x4B, 0xED,
    0xB3, 0xC9, 0x06, 0x02, 0x3E, 0x08, 0xD3, 0x26, 0xDB, 0x27, 0xCB, 0x57, 0x28, 0xFA, 0xCD, 0xC4,
    0x0A, 0x10, 0xF1, 0x7B, 0xCB, 0x44, 0x20, 0x02, 0xD3, 0x18, 0xCD, 0xBE, 0x0B, 0xD3, 0x26, 0xCD,
    0xB7, 0x0B, 0xCD, 0xC4, 0x0A, 0x79, 0xD3, 0x26, 0xCD, 0xB7, 0x0B, 0x0E, 0x00, 0xCD, 0xC4, 0x0A,
    0x0D, 0x20, 0xFA, 0xC9, 0xF5, 0xC5, 0xD5, 0xE5, 0x57, 0xCD, 0x6F, 0x0B, 0x79, 0xCD, 0xBE, 0x0B,
    0xD3, 0x26, 0xCD, 0xB7, 0x0B, 0x79, 0xD3, 0x26, 0xCD, 0xB7, 0x0B, 0x3A, 0x60, 0x23, 0x3D, 0x28,
    0x25, 0x48, 0xCD, 0xDC, 0x0B, 0x79, 0xCD, 0xBE, 0x0B, 0xD3, 0x26, 0xCD, 0xB7, 0x0B, 0x79, 0xD3,
    0x26, 0xCD, 0xB7, 0x0B, 0xCD, 0xDC, 0x0B, 0x7A, 0xCD, 0xBE, 0x0B, 0xD3, 0x26, 0xCD, 0xB7, 0x0B,
    0x79, 0xD3, 0x26, 0xCD, 0xB7, 0x0B, 0x21, 0xB6, 0x0C, 0x06, 0x04, 0x7E, 0xD3, 0x26, 0xDB, 0x27,
    0xCB, 0x57, 0x28, 0xFA, 0x23, 0xCD, 0xC4, 0x0A, 0x10, 0xF1, 0xE1, 0xD1, 0xC1, 0xF1, 0xC9, 0xD9,
    0x21, 0xAA, 0x0C, 0x0E, 0x26, 0x06, 0x0C, 0x7E, 0xED, 0x79, 0xCD, 0xB7, 0x0B, 0x23, 0x10, 0xF7,
    0x7B, 0xCD, 0xBE, 0x0B, 0xD3, 0x26, 0xCD, 0xB7, 0x0B, 0x79, 0xD3, 0x26, 0xCD, 0xB7, 0x0B, 0xCD,
    0xDC, 0x0B, 0xCD, 0xDC, 0x0B, 0xCD, 0xDC, 0x0B, 0x26, 0xFF, 0xD9, 0xC9, 0xF5, 0xC5, 0xD5, 0xE5,
    0x57, 0xCD, 0x6F, 0x0B, 0x7C, 0xCD, 0xBE, 0x0B, 0xD3, 0x26, 0xCD, 0xB7, 0x0B, 0x79, 0xD3, 0x26,
    0xCD, 0xB7, 0x0B, 0x7D, 0xC3, 0x1D, 0x0B, 0xDB, 0x27, 0xCB, 0x57, 0x28, 0xFA, 0xC9, 0x4F, 0xE6,
    0xF0, 0x0F, 0x0F, 0x0F, 0x0F, 0xFE, 0x0A, 0x38, 0x02, 0xC6, 0x07, 0xC6, 0x30, 0xF5, 0x79, 0xE6,
    0x0F, 0xFE, 0x0A, 0x38, 0x02, 0xC6, 0x07, 0xC6, 0x30, 0x4F, 0xF1, 0xC9, 0x3E, 0x20, 0xD3, 0x26,
    0xCD, 0xB7, 0x0B, 0xC9, 0x0E, 0x20, 0x06, 0x80, 0xE5, 0xE1, 0xE5, 0xE1, 0xED, 0x78, 0xE6, 0xC0,
    0xB8, 0x28, 0x11, 0xCD, 0xBA, 0x0A, 0xCD, 0xBA, 0x0A, 0xCD, 0xBA, 0x0A, 0xED, 0x78, 0xB8, 0xF5,
    0xC4, 0x14, 0x0B, 0xF1, 0xC9, 0x30, 0x18, 0x14, 0x8C, 0x13, 0xC1, 0x15, 0x68, 0xC3, 0x7D, 0x00,
    0x21, 0x00, 0x01, 0xCF, 0x14, 0x80, 0xBD, 0xFF, 0x20, 0x01, 0xCF, 0x10, 0x05, 0x00, 0x82, 0x87,
    0xBB, 0x07, 0xAB, 0x87, 0xBF, 0x62, 0x0A, 0x6D, 0x0A, 0x72, 0x0A, 0x77, 0x0A, 0x7C, 0x0A, 0x00,
    0x00, 0x81, 0x0A, 0x86, 0x0A, 0x00, 0x00, 0x00, 0x00, 0x00, 0x00, 0x00, 0x00, 0x00, 0x00, 0x00,
    0x00, 0x00, 0x00, 0x00, 0x00, 0x9B, 0x0A, 0x00, 0x00, 0x00, 0x00, 0x00, 0x00, 0x8B, 0x0A, 0x00,
    0x00, 0x00, 0x00, 0x00, 0x00, 0xAB, 0x0A, 0x00, 0x00, 0x00, 0x00, 0x00, 0x00, 0xA3, 0x0A, 0x00,
    0x00, 0x00, 0x00, 0x00, 0x00, 0xB3, 0x0A, 0x0A, 0x0D, 0x0A, 0x0A, 0x0A, 0x0A, 0x0A, 0x0A, 0x0A,
    0x0A, 0x0A, 0x0A, 0x0A, 0x0A, 0x0A, 0x0A, 0x0A, 0x0A, 0x0A, 0x0A, 0x0A, 0x0A, 0x0A, 0x0A, 0x0D,
    0x0A, 0x50, 0x38, 0x30, 0x30, 0x30, 0x20, 0x48, 0x61, 0x72, 0x64, 0x77, 0x61, 0x72, 0x65, 0x74,
    0x65, 0x73, 0x74, 0x20, 0x55, 0x38, 0x38, 0x30, 0x20, 0x2D, 0x20, 0x56, 0x65, 0x72, 0x73, 0x69,
    0x6F, 0x6E, 0x20, 0x32, 0x2E, 0x31, 0x0A, 0x0D, 0x20, 0x20, 0x08, 0x08, 0x2A, 0x2A, 0x2A, 0x20,
    0x45, 0x52, 0x52, 0x4F, 0x52, 0x20, 0x0A, 0x0D, 0x20, 0x20, 0x08, 0x08, 0x2A, 0x2A, 0x2A, 0x20,
    0x45, 0x52, 0x52, 0x4F, 0x52, 0x20, 0x31, 0x30, 0x20, 0x20, 0x20, 0x31, 0x38, 0x20, 0x41, 0x41,
    0x20, 0x0D, 0x0D, 0x08, 0x08, 0x2A, 0x2A, 0x2A, 0x20, 0x45, 0x52, 0x52, 0x4F, 0x52, 0x20, 0x31,
    0x30, 0x20, 0x20, 0x20, 0x31, 0x38, 0x20, 0x35, 0x35, 0x20, 0x0D, 0x0D, 0x08, 0x08, 0x2A, 0x2A,
    0x2A, 0x20, 0x45, 0x52, 0x52, 0x4F, 0x52, 0x20, 0x31, 0x35, 0x20, 0x20, 0x20, 0x32, 0x44, 0x20,
    0x38, 0x30, 0x20, 0x0D, 0x0D, 0x08, 0x08, 0x2A, 0x2A, 0x2A, 0x20, 0x45, 0x52, 0x52, 0x4F, 0x52,
    0x20, 0x31, 0x36, 0x20, 0x20, 0x20, 0x32, 0x44, 0x20, 0x38, 0x30, 0x20, 0x0D, 0x0D, 0x08, 0x08,
    0x2A, 0x2A, 0x2A, 0x20, 0x45, 0x52, 0x52, 0x4F, 0x52, 0x20, 0x32, 0x30, 0x20, 0x20, 0x20, 0x32,
    0x36, 0x20, 0x41, 0x30, 0x20, 0x0D, 0x0D, 0x08, 0x08, 0x2A, 0x2A, 0x2A, 0x20, 0x45, 0x52, 0x52,
    0x4F, 0x52, 0x20, 0x32, 0x31, 0x20, 0x20, 0x20, 0x32, 0x36, 0x20, 0x35, 0x30, 0x20, 0x0D, 0x0D,
    0x08, 0x08, 0x31, 0x30, 0x08, 0x08, 0x31, 0x35, 0x08, 0x08, 0x31, 0x36, 0x08, 0x08, 0x32, 0x30,
    0x0E, 0x00, 0x11, 0x10, 0x00, 0xAF, 0x47, 0xED, 0x51, 0xC6, 0x10, 0x1D, 0x20, 0xF8, 0x16, 0x01,
    0x06, 0x00, 0xED, 0x51, 0xDB, 0x04, 0x06, 0x10, 0xED, 0x51, 0x3E, 0x57, 0xD3, 0x2D, 0x3E, 0x02,
    0xD3, 0x2D, 0x21, 0x05, 0x0C, 0x0E, 0x27, 0x06, 0x08, 0xED, 0xB3, 0x3E, 0x12, 0xD3, 0x27, 0xD3,
    0x2B, 0x3E, 0x20, 0xD3, 0x27, 0x3E, 0x30, 0xD3, 0x2B, 0x0E, 0x00, 0x16, 0x04, 0x1E, 0x0E, 0x3E,
    0x20, 0x47, 0xED, 0x51, 0xC6, 0x10, 0x1D, 0x20, 0xF8, 0x01, 0x00, 0x20, 0x11, 0x00, 0xC0, 0x21,
    0x00, 0x00, 0xED, 0xB0, 0xC3, 0xB7, 0xCD, 0x0E, 0x00, 0x16, 0x04, 0x06, 0x00, 0xED, 0x51, 0x06,
    0x10, 0xED, 0x51, 0x01, 0x00, 0x0C, 0x11, 0x00, 0x00, 0x21, 0x00, 0xCF, 0xED, 0xB0, 0x21, 0xA6,
    0xCE, 0x06, 0x33, 0x7E, 0xD3, 0x26, 0xDB, 0x27, 0xCB, 0x57, 0x28, 0xFA, 0x23, 0x16, 0x00, 0x15,
    0x20, 0xFD, 0x10, 0xEF, 0x06, 0x0B, 0x21, 0x90, 0xCE, 0x4E, 0x23, 0xED, 0xA3, 0x20, 0xFA, 0x21,
    0x85, 0xCE, 0x01, 0x3C, 0x0B, 0xED, 0xB3, 0x3E, 0xFF, 0xD3, 0x0E, 0x3E, 0x4F, 0xD3, 0x0D, 0xDB,
    0x0C, 0x01, 0x00, 0x0C, 0x21, 0x00, 0xCF, 0x11, 0x00, 0x00, 0x1A, 0xBE, 0x20, 0x72, 0x13, 0x23,
    0x0B, 0x78, 0xB1, 0x20, 0xF5, 0x21, 0x00, 0x0D, 0x7E, 0x57, 0xAF, 0x77, 0x3A, 0x00, 0xC0, 0x7E,
    0xA7, 0x20, 0x43, 0x7A, 0x77, 0x3A, 0x00, 0xC0, 0x7E, 0xBA, 0x20, 0x3A, 0x23, 0x7C, 0xFE, 0x30,
    0x20, 0xE6, 0x21, 0x00, 0x0D, 0x7E, 0x57, 0x3E, 0xFF, 0x77, 0x3A, 0x00, 0xC0, 0x7E, 0xFE, 0xFF,
    0x20, 0x24, 0x7A, 0x77, 0x3A, 0x00, 0xC0, 0x7E, 0xBA, 0x20, 0x1B, 0x23, 0x7C, 0xFE, 0x30, 0x20,
    0xE4, 0x0E, 0x27, 0x3E, 0x11, 0xED, 0x79, 0x3E, 0x1C, 0xED, 0x79, 0xAF, 0xD3, 0x08, 0xAF, 0x32,
    0x88, 0x0E, 0xF3, 0xC3, 0x00, 0x00, 0x21, 0xD9, 0xCE, 0x06, 0x0A, 0x0E, 0x26, 0xED, 0xA3, 0x04,
    0xDB, 0x27, 0xCB, 0x57, 0x28, 0xFA, 0x16, 0x00, 0x15, 0x20, 0xFD, 0x10, 0xF0, 0xC3, 0x51, 0xCE,
    0x21, 0xE3, 0xCE, 0x18, 0xE4, 0xC3, 0x05, 0x54, 0xFC, 0x78, 0xFC, 0x95, 0x21, 0x12, 0x1C, 0x8A,
    0x1D, 0xCF, 0x1D, 0x80, 0x1D, 0x03, 0x1C, 0x5F, 0x1C, 0x1F, 0x1F, 0x1A, 0x1F, 0xCF, 0x1F, 0x10,
    0x1F, 0xB7, 0x1F, 0xEF, 0x1E, 0x0F, 0x0A, 0x0D, 0x55, 0x38, 0x38, 0x30, 0x2D, 0x53, 0x6F, 0x66,
    0x74, 0x77, 0x61, 0x72, 0x65, 0x6D, 0x6F, 0x6E, 0x69, 0x74, 0x6F, 0x72, 0x20, 0x56, 0x65, 0x72,
    0x73, 0x69, 0x6F, 0x6E, 0x20, 0x32, 0x2E, 0x31, 0x20, 0x2D, 0x20, 0x50, 0x72, 0x65, 0x73, 0x73,
    0x20, 0x52, 0x45, 0x54, 0x55, 0x52, 0x4E, 0x0A, 0x0D, 0x45, 0x52, 0x52, 0x4F, 0x52, 0x20, 0x33,
    0x34, 0x0A, 0x0D, 0x45, 0x52, 0x52, 0x4F, 0x52, 0x20, 0x33, 0x35, 0x0A, 0x0D, 0xFF, 0xFF, 0xFF,
    0xF3, 0x16, 0x01, 0x06, 0x00, 0x0E, 0x00, 0xED, 0x51, 0x06, 0x10, 0xED, 0x51, 0xC3, 0x4D, 0x00,
    0x18, 0x11, 0x28, 0x43, 0x29, 0x45, 0x41, 0x57, 0xFF, 0xFF, 0xFF, 0x38, 0x37, 0x30, 0x35, 0x20,
    0xFF, 0xFF, 0xFF, 0x3E, 0x80, 0x18, 0x04, 0xFF, 0xFF, 0xFF, 0xFF, 0x32, 0xDD, 0x0E, 0x18, 0x03,
    0xFF, 0xFF, 0xFF, 0x21, 0x89, 0x0E, 0x18, 0x03, 0xFF, 0xFF, 0xFF, 0x06, 0x62, 0xC3, 0x6F, 0x00,
    0xFF, 0xFF, 0xFF, 0xFF, 0xFF, 0xFF, 0xFF, 0xFF, 0x22, 0xA7, 0x0E, 0xE3, 0x2B, 0x33, 0x33, 0xED,
    0x73, 0xBF, 0x0E, 0x31, 0xBF, 0x0E, 0xE5, 0xFD, 0xE5, 0xDD, 0xE5, 0xD9, 0x08, 0xE5, 0xD5, 0xC5,
    0xF5, 0xD9, 0x08, 0xD5, 0xC5, 0xF5, 0xED, 0x57, 0xF5, 0xAF, 0x31, 0x00, 0x0D, 0xCD, 0xC9, 0x02,
    0x21, 0xA4, 0x00, 0xE5, 0xED, 0x4D, 0x22, 0xA7, 0x0E, 0x21, 0x3F, 0x00, 0xE3, 0xED, 0x45, 0x36,
    0x00, 0x23, 0x10, 0xFB, 0x3E, 0x10, 0x32, 0xF0, 0x0E, 0x3E, 0xE0, 0x32, 0xEE, 0x0E, 0x32, 0xEF,
    0x0E, 0x21, 0x27, 0x07, 0x11, 0x22, 0x0F, 0x01, 0x06, 0x00, 0xED, 0xB0, 0x21, 0x40, 0x07, 0x0E,
    0x0F, 0x06, 0x05, 0xED, 0xB3, 0x3E, 0x80, 0xD3, 0x0E, 0x21, 0xC5, 0x0B, 0x11, 0xBF, 0x0F, 0x01,
    0x0F, 0x00, 0xED, 0xB0, 0x31, 0x00, 0x0D, 0x3E, 0x0F, 0xED, 0x47, 0xED, 0x5E, 0xFB, 0xEA, 0x8B,
    0x01, 0xEB, 0x06, 0x0A, 0x36, 0xFF, 0x23, 0x10, 0xFB, 0x06, 0x04, 0x36, 0x00, 0x23, 0x10, 0xFB,
    0x36, 0xFB, 0x23, 0x36, 0xC3, 0x21, 0x00, 0x0D, 0x22, 0xBF, 0x0E, 0x21, 0x2E, 0x0A, 0x22, 0x1A,
    0x0F, 0x21, 0x81, 0x0A, 0x22, 0x02, 0x0F, 0x21, 0xBB, 0x0A, 0x22, 0x1C, 0x0F, 0x3E, 0x05, 0x32,
    0xEB, 0x0E, 0x01, 0x0A, 0x00, 0x21, 0xEF, 0x00, 0x11, 0x72, 0x0E, 0xED, 0xB0, 0x18, 0x0A, 0x79,
    0x00, 0x00, 0x00, 0x00, 0xCF, 0x05, 0xCF, 0xAB, 0x87, 0x21, 0x04, 0x0D, 0x22, 0xBD, 0x0F, 0xCD,
    0xF1, 0x04, 0xFE, 0x0D, 0xC2, 0xCF, 0x01, 0x3A, 0xEB, 0x0E, 0x32, 0xF1, 0x0E, 0xFD, 0x21, 0x89,
    0x0E, 0x21, 0x00, 0x0C, 0x22, 0x8B, 0x0E, 0x21, 0x8A, 0x00, 0x22, 0x8D, 0x0E, 0x3E, 0x80, 0x32,
    0xDD, 0x0E, 0x21, 0x00, 0x00, 0x22, 0xE5, 0x0E, 0x22, 0xE9, 0x0E, 0x22, 0xE7, 0x0E, 0x22, 0x94,
    0x0E, 0xFD, 0x36, 0x01, 0x0A, 0xCD, 0xD1, 0x07, 0xFD, 0x7E, 0x0A, 0xFE, 0x80, 0xCA, 0x64, 0x01,
    0xFE, 0xC2, 0x28, 0x09, 0x21, 0xEB, 0x0E, 0x34, 0x7E, 0xFE, 0x08, 0x38, 0xC0, 0x3A, 0xF1, 0x0E,
    0x32, 0xEB, 0x0E, 0x31, 0x00, 0x0D, 0x3E, 0x3E, 0x32, 0xC1, 0x0F, 0x21, 0x78, 0x0B, 0xCD, 0x23,
    0x06, 0xC3, 0xF9, 0x00, 0x21, 0xD2, 0x0B, 0x11, 0x80, 0x0C, 0x01, 0x08, 0x00, 0x1A, 0xED, 0xA1,
    0x20, 0x0D, 0x13, 0xEA, 0x6D, 0x01, 0x2A, 0x7E, 0x0C, 0x22, 0xEB, 0x0E, 0xC3, 0x00, 0x0C, 0x31,
    0x00, 0x0D, 0x21, 0x2D, 0x07, 0xCD, 0x23, 0x06, 0xC3, 0xF9, 0x00, 0x3E, 0xFB, 0x32, 0xDC, 0x0F,
    0x3A, 0xA9, 0x0E, 0xE6, 0x04, 0xCD, 0xF2, 0x02, 0x3A, 0xC4, 0x0F, 0xCB, 0x7F, 0x28, 0x04, 0x2A,
    0xC5, 0x0F, 0xE9, 0x3A, 0xD7, 0x0F, 0xA7, 0x20, 0x14, 0xCD, 0xCA, 0x04, 0x3A, 0xE4, 0x0E, 0x2A,
    0xE2, 0x0E, 0x77, 0x21, 0xDC, 0x0E, 0x35, 0xC2, 0x8A, 0x02, 0xC3, 0x3E, 0x02, 0x21, 0x71, 0x0B,
    0xCD, 0x23, 0x06, 0x2A, 0xBD, 0x0E, 0xCD, 0x73, 0x05, 0xCD, 0xEE, 0x05, 0xCD, 0xF1, 0x04, 0x21,
    0x3E, 0x02, 0xE5, 0xFE, 0x0D, 0x21, 0xD7, 0x0F, 0x20, 0x06, 0xA6, 0x20, 0x58, 0xC3, 0x85, 0x02,
    0x36, 0xFF, 0x2A, 0xBB, 0x0F, 0xCB, 0xAF, 0xFE, 0x46, 0xCA, 0xA6, 0x03, 0xFE, 0x47, 0xCA, 0xC6,
    0x03, 0xFE, 0x4D, 0xCA, 0xF6, 0x03, 0xFE, 0x44, 0xCA, 0x26, 0x03, 0xFE, 0x50, 0xCA, 0xFC, 0x02,
    0xFE, 0x4F, 0x20, 0x04, 0xE1, 0xC3, 0x0D, 0x01, 0xFE, 0x52, 0xCA, 0x1B, 0x04, 0xFE, 0x51, 0x20,
    0x0E, 0xCD, 0x15, 0x05, 0x21, 0xC4, 0x0F, 0xCB, 0x6E, 0x28, 0x1A, 0x2A, 0xB5, 0x0F, 0xE9, 0xFE,
    0x53, 0xCA, 0x0D, 0x01, 0xFE, 0x42, 0xCA, 0xC9, 0x02, 0xFE, 0x4E, 0x28, 0x50, 0xFE, 0x58, 0x28,
    0x20, 0xFE, 0x54, 0x28, 0x2F, 0x31, 0x00, 0x0D, 0x21, 0x84, 0x0B, 0xCD, 0x23, 0x06, 0x3E, 0x3E,
    0x32, 0xC1, 0x0F, 0x21, 0xC4, 0x0F, 0xCB, 0x76, 0xCB, 0xB6, 0xCA, 0xCC, 0x01, 0x2A, 0xB5, 0x0F,
    0xE9, 0xCD, 0x15, 0x05, 0xCB, 0xAF, 0xFE, 0x52, 0xF5, 0x3E, 0x01, 0x0E, 0x00, 0x06, 0xD0, 0xED,
    0x79, 0xC3, 0x00, 0xDB, 0x3E, 0x20, 0xCD, 0x45, 0x07, 0xCD, 0x45, 0x07, 0xDB, 0x27, 0xCB, 0x57,
    0x28, 0xFA, 0x3E, 0x01, 0x0E, 0x00, 0x06, 0xC0, 0xED, 0x79, 0xC3, 0xF0, 0xCE, 0xCD, 0xA0, 0x04,
    0xCD, 0x33, 0x05, 0x20, 0x02, 0x3E, 0x01, 0x32, 0xDC, 0x0E, 0xF3, 0x97, 0x32, 0xD7, 0x0F, 0x32,
    0xDC, 0x0F, 0xED, 0x5B, 0xBD, 0x0E, 0x1B, 0x21, 0xBA, 0x02, 0x22, 0x04, 0x0F, 0x3E, 0x0F, 0x32,
    0xAA, 0x0E, 0x3E, 0x87, 0xD3, 0x0A, 0x3E, 0x01, 0xD3, 0x0A, 0xEB, 0x22, 0xE2, 0x0E, 0x7E, 0x32,
    0xE4, 0x0E, 0x36, 0xFB, 0x22, 0xBD, 0x0E, 0xC3, 0xD6, 0x03, 0x22, 0xA7, 0x0E, 0xF5, 0x3E, 0x03,
    0xD3, 0x0A, 0xF1, 0x21, 0x3F, 0x00, 0xE3, 0xED, 0x4D, 0xA7, 0xF5, 0x2A, 0xE0, 0x0E, 0xAF, 0xBD,
    0x20, 0x03, 0xBC, 0x28, 0x04, 0x3A, 0xDF, 0x0E, 0x77, 0xF1, 0x3A, 0xDF, 0x0E, 0x21, 0x00, 0x00,
    0x22, 0xE0, 0x0E, 0xC8, 0xCD, 0x1B, 0x06, 0xC8, 0x7E, 0x32, 0xDF, 0x0E, 0x36, 0xFF, 0x22, 0xE0,
    0x0E, 0xC9, 0x21, 0xDC, 0x0F, 0xCB, 0x9E, 0xA7, 0xC8, 0xCB, 0xDE, 0xC9, 0xCD, 0x15, 0x05, 0xFE,
    0x52, 0x28, 0x15, 0xFE, 0x57, 0xC2, 0x35, 0x02, 0xCD, 0x33, 0x05, 0xCA, 0x35, 0x02, 0xE5, 0xCD,
    0x33, 0x05, 0xC1, 0x28, 0xF6, 0xED, 0x79, 0xC9, 0xCD, 0x33, 0x05, 0xE5, 0xC1, 0xED, 0x78, 0xCD,
    0x83, 0x05, 0xCD, 0xEE, 0x05, 0xC9, 0xCD, 0x1B, 0x06, 0xE5, 0xCD, 0x33, 0x05, 0x28, 0x4D, 0x44,
    0x4D, 0xE1, 0xD9, 0x21, 0x04, 0x0D, 0x11, 0x05, 0x0D, 0x01, 0x49, 0x00, 0x36, 0x20, 0xED, 0xB0,
    0x06, 0x10, 0x21, 0x39, 0x0D, 0x36, 0x2A, 0x23, 0xD9, 0xCD, 0x94, 0x04, 0x7E, 0xD9, 0x77, 0xFE,
    0x20, 0x38, 0x04, 0xFE, 0x7F, 0x38, 0x02, 0x36, 0x2E, 0x23, 0x36, 0x2A, 0xD9, 0xCD, 0x83, 0x05,
    0xED, 0xA1, 0xEA, 0x6D, 0x03, 0xD9, 0x23, 0x22, 0xBD, 0x0F, 0xC3, 0xEE, 0x05, 0xD9, 0x10, 0x09,
    0x23, 0x22, 0xBD, 0x0F, 0xCD, 0xEE, 0x05, 0x18, 0xBA, 0xD9, 0x18, 0xD0, 0xE1, 0xE5, 0xCD, 0x94,
    0x04, 0x7E, 0xCD, 0x83, 0x05, 0xCD, 0x03, 0x06, 0x3E, 0x3A, 0xCD, 0x45, 0x07, 0xCD, 0xD0, 0x05,
    0x28, 0x06, 0xE1, 0x77, 0xE5, 0xCD, 0x0F, 0x05, 0xE1, 0xFE, 0x51, 0xC8, 0xFE, 0x5E, 0x20, 0x03,
    0x2B, 0x18, 0xDA, 0x23, 0x18, 0xD7, 0xCD, 0x1B, 0x06, 0x28, 0x04, 0xE5, 0xCD, 0x1B, 0x06, 0xCA,
    0x35, 0x02, 0xE5, 0xCD, 0x33, 0x05, 0x7D, 0xA7, 0xE1, 0xD1, 0x12, 0xED, 0x52, 0xC8, 0x44, 0x4D,
    0x62, 0x6B, 0x13, 0xED, 0xB0, 0xC9, 0xCD, 0x15, 0x05, 0xFE, 0x45, 0xCA, 0x0D, 0x01, 0xCD, 0x33,
    0x05, 0x28, 0x03, 0x22, 0xBD, 0x0E, 0x31, 0xAB, 0x0E, 0xF1, 0xC1, 0xD1, 0x08, 0xD9, 0xF1, 0xC1,
    0xD1, 0xE1, 0xDD, 0xE1, 0xFD, 0xE1, 0xD9, 0x08, 0xE1, 0x22, 0xDE, 0x0F, 0x2A, 0xA7, 0x0E, 0xED,
    0x7B, 0xBF, 0x0E, 0xC3, 0xDC, 0x0F, 0xCD, 0x1B, 0x06, 0xE5, 0xCD, 0x1B, 0x06, 0xE5, 0xCD, 0x33,
    0x05, 0xCA, 0x35, 0x02, 0x44, 0x4D, 0xD1, 0xE1, 0xE5, 0xA7, 0xED, 0x52, 0xE1, 0x38, 0x03, 0xED,
    0xB0, 0xC9, 0x09, 0x2B, 0xEB, 0x09, 0x2B, 0xEB, 0xED, 0xB8, 0xC9, 0xCD, 0x1A, 0x05, 0x3E, 0x0D,
    0x56, 0xBA, 0x28, 0x69, 0x23, 0x5E, 0xBB, 0x20, 0x02, 0x1E, 0x20, 0xCD, 0xAD, 0x05, 0x2B, 0x2B,
    0xC2, 0x35, 0x02, 0x11, 0x04, 0x0D, 0xED, 0xA0, 0xED, 0xA0, 0xE5, 0xEB, 0x36, 0x20, 0x23, 0x22,
    0xBD, 0x0F, 0xDD, 0x5E, 0x00, 0x16, 0x0E, 0x3E, 0xB8, 0x93, 0x38, 0x21, 0x1A, 0xCD, 0x83, 0x05,
    0xCD, 0x03, 0x06, 0x3E, 0x3A, 0xCD, 0x45, 0x07, 0xCD, 0xD0, 0x05, 0x28, 0x04, 0x12, 0xCD, 0x0F,
    0x05, 0xFE, 0x51, 0xE1, 0xC8, 0xDD, 0x23, 0x3E, 0xAF, 0x95, 0x30, 0xC7, 0xC9, 0x1A, 0x6F, 0x13,
    0x1A, 0x67, 0xD5, 0xCD, 0x73, 0x05, 0xCD, 0x03, 0x06, 0x3E, 0x3A, 0xCD, 0x45, 0x07, 0xCD, 0xD0,
    0x05, 0xD1, 0x28, 0xDD, 0xEB, 0x72, 0x2B, 0x73, 0xCD, 0x0F, 0x05, 0x18, 0xD4, 0xCD, 0xA0, 0x04,
    0xCD, 0xCA, 0x04, 0xC9, 0xE5, 0x11, 0x00, 0x00, 0xA7, 0xED, 0x52, 0xCD, 0x73, 0x05, 0xE1, 0xC9,
    0x11, 0x04, 0x0D, 0x21, 0x86, 0x0B, 0x06, 0x11, 0x3E, 0x20, 0x0E, 0xFF, 0xED, 0xA0, 0xED, 0xA0,
    0x12, 0x13, 0x10, 0xF6, 0x06, 0x04, 0x0E, 0xFF, 0x12, 0x13, 0xED, 0xA0, 0xED, 0xA0, 0x12, 0x13,
    0x12, 0x13, 0x10, 0xF2, 0xED, 0x53, 0xBD, 0x0F, 0x18, 0x24, 0x06, 0x11, 0xDD, 0x21, 0xB0, 0x0B,
    0x16, 0x0E, 0xDD, 0x5E, 0x00, 0x1A, 0xCD, 0x83, 0x05, 0xDD, 0x23, 0x10, 0xF5, 0x06, 0x04, 0xDD,
    0x5E, 0x00, 0xEB, 0x5E, 0x23, 0x56, 0xEB, 0xCD, 0x73, 0x05, 0xDD, 0x23, 0x10, 0xF1, 0xC3, 0xEE,
    0x05, 0xFD, 0x21, 0xCE, 0x0E, 0x21, 0x8A, 0x0D, 0x22, 0xD0, 0x0E, 0x22, 0xBB, 0x0F, 0x21, 0xFF,
    0x00, 0x22, 0xD2, 0x0E, 0xFD, 0x36, 0x01, 0x0C, 0xCD, 0x37, 0x06, 0x3A, 0x8A, 0x0D, 0xC9, 0xCD,
    0x1A, 0x05, 0xCB, 0xAF, 0xC9, 0x23, 0x7E, 0xCB, 0xAF, 0xC9, 0x2A, 0xBB, 0x0F, 0x7E, 0xFE, 0x20,
    0x20, 0x0A, 0x23, 0x7E, 0xFE, 0x20, 0x28, 0xFA, 0x22, 0xBB, 0x0F, 0xC9, 0xFE, 0x0D, 0x28, 0xF8,
    0x23, 0x18, 0xEA, 0x21, 0x00, 0x00, 0xE5, 0x39, 0xEB, 0xCD, 0x1A, 0x05, 0xFE, 0x0D, 0xEB, 0x20,
    0x03, 0xE1, 0x7D, 0xC9, 0xFE, 0x30, 0xDA, 0x35, 0x02, 0xFE, 0x40, 0x38, 0x02, 0xCB, 0xAF, 0xCD,
    0x61, 0x05, 0xED, 0x6F, 0x23, 0xED, 0x6F, 0x2B, 0x13, 0x1A, 0xFE, 0x30, 0x30, 0xEB, 0xE1, 0x7D,
    0xC9, 0xFE, 0x3A, 0x38, 0x0B, 0xFE, 0x41, 0x38, 0xDD, 0xFE, 0x47, 0xD2, 0x35, 0x02, 0xD6, 0x07,
    0xE6, 0x0F, 0xC9, 0xD5, 0x7C, 0xCD, 0x83, 0x05, 0xED, 0x5B, 0xBD, 0x0F, 0x1B, 0xED, 0x53, 0xBD,
    0x0F, 0xD1, 0x7D, 0xE5, 0x2A, 0xBD, 0x0F, 0xCD, 0x93, 0x05, 0x23, 0x36, 0x20, 0x23, 0x22, 0xBD,
    0x0F, 0xE1, 0xC9, 0xF5, 0x1F, 0x1F, 0x1F, 0x1F, 0xCD, 0xA1, 0x05, 0x23, 0xF1, 0xCD, 0xA1, 0x05,
    0xC9, 0xE6, 0x0F, 0xFE, 0x0A, 0x38, 0x02, 0xC6, 0x07, 0xC6, 0x30, 0x77, 0xC9, 0xDD, 0x21, 0xB0,
    0x0B, 0x7A, 0x01, 0x2A, 0x00, 0x21, 0x86, 0x0B, 0xED, 0xA1, 0x28, 0x07, 0xED, 0xA1, 0xE0, 0xDD,
    0x23, 0x18, 0xF5, 0x7B, 0xFE, 0x2F, 0x38, 0x02, 0xCB, 0xAF, 0xED, 0xA1, 0xC8, 0x7A, 0x18, 0xEE,
    0x3E, 0x20, 0x32, 0xC1, 0x0F, 0xCD, 0xF1, 0x04, 0xCB, 0xAF, 0xFE, 0x51, 0xC8, 0xFE, 0x5E, 0xC8,
    0x21, 0x89, 0x0D, 0x36, 0x20, 0x22, 0xBB, 0x0F, 0xD5, 0xCD, 0x33, 0x05, 0xD1, 0xC9, 0x3E, 0x85,
    0xE5, 0x2A, 0xBD, 0x0F, 0x36, 0x0D, 0x21, 0x04, 0x0D, 0x22, 0xBD, 0x0F, 0x2B, 0x77, 0xCD, 0x23,
    0x06, 0xE1, 0xC9, 0xE5, 0xD5, 0x2A, 0xBD, 0x0F, 0x11, 0x04, 0x0D, 0xED, 0x53, 0xBD, 0x0F, 0xA7,
    0xED, 0x52, 0xEB, 0x2B, 0x73, 0xCD, 0x23, 0x06, 0xD1, 0xE1, 0xC9, 0xCD, 0x33, 0x05, 0x11, 0x00,
    0x00, 0x19, 0xC9, 0xFD, 0x21, 0xC3, 0x0E, 0x7E, 0x23, 0x22, 0xC5, 0x0E, 0xFD, 0x77, 0x04, 0xFD,
    0x36, 0x05, 0x00, 0xFD, 0x36, 0x01, 0x10, 0xD5, 0xC5, 0xFD, 0x7E, 0x01, 0xCB, 0x87, 0xFE, 0x0A,
    0x30, 0x23, 0xFD, 0x36, 0x0A, 0x80, 0xC1, 0xD1, 0xFD, 0xCB, 0x0A, 0x76, 0x28, 0x0B, 0xFD, 0x66,
    0x09, 0xFD, 0x6E, 0x08, 0x7C, 0xB5, 0x28, 0x01, 0xE9, 0xFD, 0xCB, 0x01, 0x46, 0xC8, 0xFD, 0x66,
    0x07, 0xFD, 0x6E, 0x06, 0xE9, 0xFE, 0x11, 0x38, 0x06, 0xFD, 0x36, 0x0A, 0xC1, 0x18, 0xD7, 0x67,
    0xFD, 0x7E, 0x04, 0xFD, 0xB6, 0x05, 0x28, 0xCA, 0x7C, 0xFD, 0x66, 0x03, 0xFD, 0x6E, 0x02, 0xFD,
    0x46, 0x05, 0xFD, 0x4E, 0x04, 0xFE, 0x0E, 0x38, 0x41, 0x28, 0x34, 0x7E, 0xCD, 0x45, 0x07, 0x23,
    0x0B, 0xFE, 0x0D, 0x28, 0x14, 0x79, 0xB0, 0x20, 0xF2, 0xFD, 0x66, 0x05, 0xFD, 0x6E, 0x04, 0xED,
    0x42, 0xFD, 0x74, 0x05, 0xFD, 0x75, 0x04, 0x18, 0x99, 0xC5, 0x3E, 0x0A, 0xCD, 0x45, 0x07, 0x3A,
    0xBF, 0x0F, 0xA7, 0x28, 0x07, 0x47, 0x97, 0xCD, 0x45, 0x07, 0x10, 0xFB, 0xC1, 0x18, 0xDA, 0x7E,
    0xCD, 0x45, 0x07, 0xED, 0xA1, 0xEA, 0xBF, 0x06, 0x18, 0xCF, 0xFE, 0x0A, 0x20, 0x0D, 0xCD, 0x57,
    0x07, 0x28, 0xFB, 0x77, 0xED, 0xA1, 0xEA, 0xCE, 0x06, 0x18, 0xBE, 0x3A, 0xC1, 0x0F, 0xCD, 0x45,
    0x07, 0xE5, 0xCD, 0x1C, 0x07, 0x77, 0xE5, 0x67, 0x3A, 0xC3, 0x0F, 0xBC, 0x20, 0x0D, 0xE1, 0x2B,
    0x03, 0xD1, 0xE5, 0xED, 0x52, 0xE1, 0xD5, 0x30, 0xE9, 0x18, 0x07, 0x3A, 0xC2, 0x0F, 0xBC, 0x20,
    0x0B, 0xE1, 0xE1, 0xE5, 0xFD, 0x46, 0x05, 0xFD, 0x4E, 0x04, 0x18, 0xD6, 0x7C, 0xE1, 0x23, 0x0B,
    0xD1, 0xFE, 0x0D, 0x28, 0x94, 0x79, 0xB0, 0x28, 0x80, 0xD5, 0x18, 0xC6, 0xCD, 0x57, 0x07, 0x28,
    0xFB, 0xCB, 0xBF, 0xCD, 0x45, 0x07, 0xC9, 0xC2, 0x07, 0x8A, 0x07, 0xC2, 0x07, 0x12, 0x49, 0x4E,
    0x53, 0x45, 0x52, 0x54, 0x20, 0x53, 0x59, 0x53, 0x54, 0x45, 0x4D, 0x44, 0x49, 0x53, 0x4B, 0x0D,
    0x12, 0xCF, 0x7F, 0xB7, 0xFE, 0xF5, 0x3A, 0xF0, 0x0E, 0xCB, 0x77, 0x20, 0xF9, 0xDB, 0x27, 0xCB,
    0x57, 0x28, 0xFA, 0xF1, 0xD3, 0x26, 0xC9, 0xCD, 0x5F, 0x07, 0xC8, 0xCD, 0x6D, 0x07, 0xC9, 0xE5,
    0xC5, 0x21, 0xEE, 0x0E, 0x47, 0x3A, 0xEF, 0x0E, 0xBE, 0x78, 0xC1, 0xE1, 0xC9, 0xE5, 0x3A, 0xEF,
    0x0E, 0xCD, 0x7B, 0x07, 0xA7, 0x32, 0xEF, 0x0E, 0x7E, 0xE1, 0xC9, 0xD5, 0x16, 0x00, 0x5F, 0x21,
    0x00, 0x0F, 0x3C, 0x20, 0x02, 0x3E, 0xE0, 0x19, 0xD1, 0xC9, 0xF5, 0xE5, 0xDB, 0x26, 0x21, 0xF0,
    0x0E, 0xCB, 0x46, 0x20, 0x0C, 0xFE, 0x13, 0x28, 0x1D, 0xFE, 0x11, 0x28, 0x1D, 0xFE, 0x1B, 0x28,
    0x1D, 0xF5, 0x3A, 0xEE, 0x0E, 0xCD, 0x7B, 0x07, 0x32, 0xEE, 0x0E, 0xF1, 0x77, 0x3E, 0x20, 0xD3,
    0x27, 0xE1, 0xF1, 0xFB, 0xED, 0x4D, 0xCB, 0xF6, 0x18, 0xF3, 0xCB, 0xB6, 0x18, 0xEF, 0xCB, 0xA6,
    0x18, 0xEB, 0xF5, 0x3E, 0x01, 0xD3, 0x27, 0xDB, 0x27, 0x3E, 0x30, 0xD3, 0x27, 0xDB, 0x26, 0x18,
    0xE1, 0x2A, 0xC7, 0x0F, 0x7C, 0xB5, 0x20, 0xF9, 0xFD, 0x22, 0xC7, 0x0F, 0xCD, 0xF0, 0x07, 0xFD,
    0xCB, 0x01, 0x46, 0xC0, 0xFD, 0xCB, 0x0A, 0x7E, 0x18, 0xF9, 0xE1, 0x22, 0x9A, 0x0E, 0xFB, 0xC9,
    0xFD, 0x7E, 0x01, 0xE6, 0xFE, 0xFE, 0x0A, 0x28, 0x28, 0xFE, 0x0E, 0x28, 0x24, 0xFE, 0x50, 0x28,
    0x20, 0x3E, 0xC1, 0xCD, 0xE1, 0x09, 0xFD, 0x66, 0x09, 0xFD, 0x6E, 0x08, 0x7C, 0xB5, 0x28, 0x01,
    0xE9, 0xFD, 0xCB, 0x01, 0x46, 0xC8, 0xFD, 0x66, 0x07, 0xFD, 0x6E, 0x06, 0xE9, 0x3E, 0xC2, 0x18,
    0xE2, 0xFD, 0x4E, 0x0B, 0x79, 0x17, 0x38, 0xF5, 0x21, 0xEB, 0x0E, 0xCB, 0x71, 0x28, 0x01, 0x23,
    0x7E, 0xCB, 0x69, 0x28, 0x04, 0x0F, 0x0F, 0x0F, 0x0F, 0xE6, 0x0F, 0x28, 0xE0, 0xFE, 0x08, 0x30,
    0xDC, 0x21, 0x88, 0x0E, 0xBE, 0x28, 0x2F, 0x77, 0x21, 0x24, 0x0B, 0x11, 0x0B, 0x00, 0x47, 0x18,
    0x01, 0x19, 0x10, 0xFD, 0x0E, 0x02, 0x11, 0x65, 0x0E, 0xED, 0xB0, 0x13, 0x13, 0x0E, 0x08, 0xED,
    0xB0, 0xF3, 0xDB, 0x1C, 0xCB, 0xE7, 0xCB, 0x4E, 0x28, 0x02, 0xCB, 0xA7, 0xD3, 0x1C, 0xED, 0xA0,
    0x01, 0x03, 0x03, 0xCD, 0xF8, 0x09, 0x21, 0x02, 0x02, 0x22, 0xCC, 0x0F, 0x3E, 0x0A, 0x32, 0xCB,
    0x0F, 0xAF, 0xFD, 0x77, 0x0A, 0xFD, 0x7E, 0x0C, 0x32, 0xED, 0x0E, 0x21, 0x70, 0x0E, 0xBE, 0x3E,
    0xC5, 0x30, 0x22, 0xFD, 0x7E, 0x0B, 0x4F, 0xE6, 0x60, 0x07, 0x07, 0x07, 0x47, 0x79, 0x0E, 0x00,
    0xE6, 0x1F, 0x21, 0x6A, 0x0E, 0xBE, 0x38, 0x13, 0x96, 0xBE, 0x30, 0x07, 0x21, 0x71, 0x0E, 0xCB,
    0x7E, 0x20, 0x05, 0x3E, 0xC4, 0xC3, 0x03, 0x08, 0xCB, 0xD0, 0x0C, 0x3C, 0x32, 0x68, 0x0E, 0x79,
    0x32, 0x67, 0x0E, 0x78, 0x32, 0x65, 0x0E, 0xE6, 0x03, 0xCD, 0xC3, 0x0A, 0xCA, 0x1D, 0x08, 0x21,
    0xCE, 0x0F, 0x19, 0x7E, 0x3C, 0x72, 0x20, 0x12, 0x01, 0x07, 0x02, 0xCD, 0xF8, 0x09, 0xCD, 0xEA,
    0x07, 0x01, 0x07, 0x02, 0xCD, 0xF8, 0x09, 0xCD, 0xEA, 0x07, 0x3A, 0xED, 0x0E, 0x21, 0x71, 0x0E,
    0xCB, 0x46, 0x28, 0x01, 0x87, 0x32, 0x66, 0x0E, 0x2A, 0x6D, 0x0E, 0xF3, 0x0E, 0x1E, 0xED, 0x40,
    0xCB, 0xA8, 0xCB, 0xB0, 0xBD, 0x38, 0x07, 0xCB, 0xE8, 0xBC, 0x38, 0x02, 0xCB, 0xF0, 0xED, 0x41,
    0x01, 0x0F, 0x03, 0xCD, 0xF8, 0x09, 0xCD, 0xEA, 0x07, 0x3A, 0xED, 0x0E, 0x32, 0x66, 0x0E, 0xFD,
    0x66, 0x03, 0xFD, 0x6E, 0x02, 0x22, 0x73, 0x0E, 0xFD, 0x66, 0x05, 0xFD, 0x6E, 0x04, 0x7C, 0xB5,
    0xCA, 0xDF, 0x09, 0x2B, 0x22, 0x75, 0x0E, 0x06, 0x09, 0x3A, 0x71, 0x0E, 0xE6, 0xF0, 0xF6, 0x05,
    0x4F, 0xFD, 0xCB, 0x01, 0x56, 0x20, 0x2B, 0xFD, 0xCB, 0x01, 0x66, 0x28, 0x1A, 0x2A, 0x69, 0x0E,
    0x22, 0x66, 0x0E, 0x2A, 0x6F, 0x0E, 0x26, 0xE5, 0x22, 0x68, 0x0E, 0x7C, 0x32, 0x88, 0x0E, 0x06,
    0x06, 0xCB, 0xD9, 0xCB, 0xB9, 0x18, 0x0B, 0x0C, 0x3E, 0x01, 0x32, 0x78, 0x0E, 0x3E, 0x7D, 0x32,
    0x72, 0x0E, 0xC5, 0x21, 0x72, 0x0E, 0x01, 0x3C, 0x0A, 0xED, 0xB3, 0x3E, 0x05, 0x32, 0x78, 0x0E,
    0x3E, 0x79, 0x32, 0x72, 0x0E, 0xC1, 0xCD, 0xF8, 0x09, 0xCD, 0xEA, 0x07, 0xCD, 0x12, 0x0A, 0xE6,
    0xC0, 0x28, 0x4C, 0x3A, 0x7D, 0x0E, 0xCB, 0x4F, 0x20, 0x41, 0xE6, 0x30, 0x20, 0x19, 0x3A, 0x7E,
    0x0E, 0xCB, 0x6F, 0x20, 0x12, 0xE6, 0x12, 0x20, 0x20, 0x2A, 0xE7, 0x0E, 0x23, 0x22, 0xE7, 0x0E,
    0x21, 0xCC, 0x0F, 0x3E, 0xC4, 0x18, 0x0C, 0x2A, 0xE5, 0x0E, 0x23, 0x22, 0xE5, 0x0E, 0x21, 0xCB,
    0x0F, 0x3E, 0xC6, 0x35, 0xC2, 0x19, 0x09, 0x18, 0x18, 0x2A, 0xE9, 0x0E, 0x23, 0x22, 0xE9, 0x0E,
    0x21, 0xCD, 0x0F, 0x35, 0xC2, 0xD8, 0x08, 0x3E, 0xC5, 0x18, 0x06, 0x3E, 0xC3, 0x18, 0x02, 0x3E,
    0x80, 0xFD, 0x77, 0x0A, 0xE6, 0x40, 0x28, 0x07, 0xAF, 0xFD, 0x77, 0x04, 0xFD, 0x77, 0x05, 0x67,
    0x6F, 0x22, 0xC7, 0x0F, 0x32, 0x87, 0x0E, 0xC9, 0xF3, 0xE5, 0x21, 0x64, 0x0E, 0x71, 0x0E, 0x21,
    0xDB, 0x20, 0xE6, 0xC0, 0xFE, 0x80, 0x20, 0xF8, 0xED, 0xA3, 0xE5, 0xE1, 0xE5, 0xE1, 0x20, 0xEE,
    0xE1, 0xC9, 0x21, 0x7C, 0x0E, 0x0E, 0x21, 0xDB, 0x20, 0x2F, 0xE6, 0xC0, 0x20, 0xF9, 0xED, 0xA2,
    0x06, 0x06, 0x10, 0xFE, 0xDB, 0x20, 0xCB, 0x67, 0x20, 0xED, 0x3A, 0x7C, 0x0E, 0xC9, 0xE5, 0xF5,
    0xC5, 0xFD, 0xE5, 0xFD, 0x2A, 0xC7, 0x0F, 0xDB, 0x20, 0xCB, 0x67, 0x20, 0x0F, 0x01, 0x08, 0x01,
    0xCD, 0xF8, 0x09, 0xCD, 0x12, 0x0A, 0xE6, 0xE0, 0xFE, 0xC0, 0x28, 0x0E, 0x21, 0x54, 0x0A, 0xE5,
    0x2A, 0x9A, 0x0E, 0xE9, 0xFD, 0xCB, 0x0A, 0x7E, 0x20, 0x04, 0xFD, 0xE1, 0x18, 0x57, 0xFD, 0xCB,
    0x0A, 0x76, 0x28, 0x0A, 0xFD, 0x66, 0x09, 0xFD, 0x6E, 0x08, 0x7C, 0xB5, 0x20, 0x0C, 0xFD, 0xCB,
    0x01, 0x46, 0x28, 0xE6, 0xFD, 0x66, 0x07, 0xFD, 0x6E, 0x06, 0xFD, 0xE1, 0xC1, 0xF1, 0xE3, 0x18,
    0x37, 0xE5, 0xF5, 0xC5, 0x0E, 0x01, 0x21, 0x83, 0x0E, 0x3A, 0x87, 0x0E, 0xA1, 0x20, 0x1F, 0xDB,
    0x1C, 0x47, 0xA1, 0x20, 0x19, 0x35, 0x20, 0x16, 0x78, 0xB1, 0x47, 0x2F, 0xE6, 0x0F, 0x20, 0x06,
    0x3E, 0x03, 0xD3, 0x09, 0xCB, 0xA8, 0x78, 0xD3, 0x1C, 0xDB, 0x1E, 0xB1, 0xD3, 0x1E, 0x23, 0xCB,
    0x21, 0xCB, 0x61, 0x28, 0xD4, 0xC1, 0xF1, 0xE1, 0xFB, 0xED, 0x4D, 0xF5, 0x3E, 0xA3, 0xD3, 0x3C,
    0xF1, 0x18, 0xF5, 0x5F, 0x16, 0x00, 0x3C, 0x06, 0x7F, 0xCB, 0x00, 0x3D, 0x20, 0xFB, 0x78, 0x2F,
    0x32, 0x87, 0x0E, 0x21, 0xDD, 0x0E, 0xA6, 0x20, 0x05, 0xCB, 0x7E, 0xCB, 0xBE, 0xC8, 0xAE, 0x77,
    0xE5, 0x21, 0x83, 0x0E, 0x19, 0x36, 0x64, 0xF3, 0xDB, 0x1E, 0xF6, 0x0F, 0xA0, 0xD3, 0x1E, 0xDB,
    0x1C, 0xA0, 0xCB, 0xEF, 0xD3, 0x1C, 0x3E, 0xA5, 0xD3, 0x09, 0x3E, 0xFF, 0xD3, 0x09, 0x21, 0x00,
    0x15, 0x01, 0x04, 0x02, 0xCD, 0xF8, 0x09, 0xE5, 0xCD, 0x12, 0x0A, 0xE1, 0xFB, 0xCB, 0x6F, 0x20,
    0x05, 0x2B, 0x7C, 0xB5, 0x20, 0xEB, 0xE1, 0xC8, 0x3A, 0x87, 0x0E, 0xB6, 0x77, 0xC9, 0xFF, 0xFF,
    0xFF, 0xFF, 0xFF, 0xFF, 0x6F, 0x28, 0x00, 0x1A, 0x07, 0x80, 0xFF, 0xFF, 0x1B, 0x4D, 0x02, 0x9F,
    0x14, 0x01, 0x10, 0x22, 0xFF, 0x14, 0x1D, 0x32, 0x28, 0x40, 0xBF, 0x12, 0x01, 0x10, 0x22, 0xFF,
    0x23, 0xFF, 0x32, 0x28, 0x41, 0xBF, 0x12, 0x01, 0x10, 0x22, 0xFF, 0x23, 0xFF, 0x32, 0x50, 0x40,
    0xBF, 0x12, 0x01, 0x10, 0x22, 0xFF, 0xFF, 0xFF, 0x32, 0x50, 0xC0, 0xEF, 0x08, 0x02, 0x09, 0x1B,
    0xFF, 0xFF, 0xFF, 0x54, 0x50, 0xC0, 0xEF, 0x08, 0x03, 0x05, 0x35, 0xFF, 0xFF, 0xFF, 0x74, 0x50,
    0xC0, 0x06, 0x42, 0x52, 0x45, 0x41, 0x4B, 0x20, 0x0B, 0x44, 0x49, 0x53, 0x4B, 0x20, 0x45, 0x52,
    0x52, 0x4F, 0x52, 0x0D, 0x01, 0x3F, 0x41, 0x20, 0x42, 0x20, 0x43, 0x20, 0x44, 0x20, 0x45, 0x20,
    0x46, 0x20, 0x48, 0x20, 0x4C, 0x20, 0x49, 0x20, 0x41, 0x27, 0x42, 0x27, 0x43, 0x27, 0x44, 0x27,
    0x45, 0x27, 0x46, 0x27, 0x48, 0x27, 0x4C, 0x27, 0x49, 0x58, 0x49, 0x59, 0x50, 0x43, 0x53, 0x50,
    0xAC, 0xAE, 0xAD, 0xB0, 0xAF, 0xAB, 0xA8, 0xA7, 0xAA, 0xB2, 0xB4, 0xB3, 0xB6, 0xB5, 0xB1, 0xB8,
    0xB7, 0xB9, 0xBB, 0xBD, 0xBF, 0x00, 0x01, 0x3E, 0x7F, 0x08, 0x00, 0x00, 0x00, 0x00, 0x00, 0x0A,
    0x03, 0x03, 0x50, 0x38, 0x30, 0x30, 0x30, 0x53, 0x59, 0x53, 0xFF, 0xFF, 0xFF, 0xFF, 0xFF, 0xC3,
    0x93, 0x05, 0xC3, 0xC3, 0x0A, 0xC3, 0x5F, 0x07, 0xC3, 0x57, 0x07, 0xC3, 0x45, 0x07, 0xC3, 0x37,
    0x06, 0xC3, 0x23, 0x06, 0xC3, 0x1A, 0x05, 0xC3, 0xCC, 0x01, 0xC3, 0x3E, 0x02, 0xC3, 0xD1, 0x07,
    0x01, 0xBA, 0x03, 0x11, 0x00, 0xF0, 0x21, 0x00, 0xDB, 0xED, 0xB0, 0xC3, 0x0E, 0xF0, 0x01, 0x00,
    0xD0, 0x3E, 0x04, 0xED, 0x79, 0xF1, 0x20, 0x0A, 0x3E, 0x80, 0xD3, 0x0E, 0xAF, 0xD3, 0x0E, 0xC3,
    0xFA, 0x0B, 0xF3, 0x21, 0xBB, 0xF1, 0x22, 0x12, 0x0F, 0x21, 0x20, 0x0F, 0x11, 0xBA, 0xF3, 0x01,
    0x20, 0x00, 0xED, 0xB0, 0xDB, 0x0E, 0xF5, 0x21, 0xDA, 0xF3, 0x36, 0x00, 0x11, 0xDB, 0xF3, 0x01,
    0xDA, 0x01, 0xED, 0xB0, 0xDB, 0x0C, 0x3E, 0x83, 0xD3, 0x0F, 0xF1, 0xCB, 0x7F, 0x28, 0x53, 0xAF,
    0xD3, 0x0E, 0x21, 0xFF, 0xFF, 0xDB, 0x0E, 0xCB, 0x77, 0x20, 0x0A, 0x2B, 0x7C, 0xB5, 0x20, 0xF5,
    0x21, 0x4B, 0xF3, 0x18, 0x37, 0x0E, 0x2A, 0x3E, 0xAA, 0xCD, 0x88, 0xF1, 0x28, 0x2B, 0x0E, 0x0A,
    0xCD, 0xA4, 0xF1, 0x20, 0x24, 0xDB, 0x0C, 0xFE, 0xAA, 0x20, 0x1E, 0x3E, 0x55, 0x4F, 0xCD, 0x88,
    0xF1, 0x28, 0x16, 0x0E, 0x15, 0xCD, 0xA4, 0xF1, 0x20, 0x0F, 0xDB, 0x0C, 0xFE, 0x55, 0x20, 0x09,
    0x3E, 0x01, 0x0E, 0x00, 0xCD, 0x88, 0xF1, 0x20, 0x11, 0x21, 0x63, 0xF3, 0xFB, 0xCD, 0xF1, 0x0B,
    0x18, 0x26, 0xFB, 0x21, 0x83, 0xF3, 0xCD, 0xF1, 0x0B, 0xF3, 0x21, 0x9A, 0xF3, 0x11, 0x20, 0x0F,
    0x01, 0x20, 0x00, 0xED, 0xB0, 0xFB, 0xCD, 0xFB, 0xF0, 0x21, 0xB3, 0xF5, 0x7E, 0xB7, 0x28, 0xF6,
    0xCB, 0x47, 0x20, 0x0A, 0xCB, 0x7F, 0x28, 0xEE, 0x3E, 0x80, 0xD3, 0x0E, 0x18, 0x11, 0xCD, 0x82,
    0xF1, 0x06, 0x80, 0x10, 0xFE, 0x21, 0x81, 0xF3, 0xCD, 0xF1, 0x0B, 0x06, 0x0A, 0x10, 0xFE, 0xF3,
    0x3E, 0x11, 0xD3, 0x27, 0x3E, 0x1C, 0xD3, 0x27, 0x21, 0xBA, 0xF3, 0x11, 0x20, 0x0F, 0x01, 0x20,
    0x00, 0xED, 0xB0, 0x3E, 0x03, 0xD3, 0x0F, 0xFB, 0xC3, 0xFA, 0x0B, 0xDD, 0x21, 0xDA, 0xF3, 0x0E,
    0x83, 0xCD, 0x1C, 0xF1, 0xDD, 0x21, 0x50, 0xF4, 0x0E, 0x85, 0xCD, 0x1C, 0xF1, 0xDD, 0x21, 0xC6,
    0xF4, 0x0E, 0x87, 0xCD, 0x1C, 0xF1, 0xDD, 0x21, 0x3C, 0xF5, 0x0E, 0x89, 0xF3, 0xDD, 0xCB, 0x73,
    0x4E, 0xDD, 0xCB, 0x73, 0x8E, 0x28, 0x04, 0xCB, 0xF1, 0x18, 0x30, 0xDD, 0x7E, 0x71, 0xDD, 0xBE,
    0x72, 0x28, 0x09, 0xCD, 0x86, 0xF2, 0xDD, 0x77, 0x71, 0x7E, 0x18, 0x22, 0xDD, 0xCB, 0x73, 0x56,
    0xDD, 0xCB, 0x73, 0x96, 0x28, 0x09, 0x79, 0xF6, 0x60, 0x4F, 0xDD, 0x7E, 0x75, 0x18, 0x0F, 0xDD,
    0xCB, 0x73, 0x46, 0xDD, 0xCB, 0x73, 0x86, 0x28, 0x1E, 0xCB, 0xE9, 0xDD, 0x7E, 0x74, 0xF3, 0x47,
    0xD3, 0x10, 0xAF, 0xD3, 0x14, 0x79, 0xD3, 0x14, 0xFB, 0x00, 0xF3, 0xDB, 0x0E, 0xCB, 0x77, 0x28,
    0xF7, 0x3A, 0xB2, 0xF5, 0xB7, 0x20, 0x02, 0xFB, 0xC9, 0xAF, 0x32, 0xB2, 0xF5, 0xCB, 0x81, 0x78,
    0x18, 0xDC, 0x3E, 0x06, 0x0E, 0x91, 0x18, 0xD6, 0x21, 0xFF, 0xFF, 0x47, 0xDB, 0x0E, 0xCB, 0x77,
    0x28, 0x0C, 0x78, 0xD3, 0x10, 0xAF, 0xD3, 0x14, 0x79, 0xF6, 0x80, 0xD3, 0x14, 0xC9, 0x2B, 0x7C,
    0xB5, 0x20, 0xE9, 0xC9, 0x21, 0xFF, 0xFF, 0xDB, 0x0E, 0xCB, 0x6F, 0x28, 0x07, 0xE6, 0x1F, 0xB9,
    0xC8, 0xF6, 0xFF, 0xC9, 0x2B, 0x7C, 0xB5, 0x20, 0xEE, 0x18, 0xF6, 0xF5, 0xC5, 0xD5, 0xE5, 0xDD,
    0xE5, 0xDB, 0x0E, 0xCB, 0x6F, 0x28, 0x4F, 0xE6, 0x16, 0xCB, 0x67, 0x20, 0x52, 0x47, 0xDB, 0x0C,
    0x4F, 0x78, 0xFE, 0x02, 0x28, 0x22, 0xFE, 0x04, 0x20, 0x3C, 0xDB, 0x0E, 0xCB, 0x6F, 0x28, 0xFA,
    0x47, 0xDB, 0x0C, 0xED, 0x79, 0x78, 0xE6, 0x16, 0x28, 0x2C, 0xFE, 0x04, 0x28, 0xEC, 0xDB, 0x0E,
    0xCB, 0x6F, 0x28, 0xFA, 0xE6, 0x16, 0x18, 0xD5, 0xED, 0x78, 0x47, 0xDB, 0x0E, 0xCB, 0x77, 0x20,
    0x05, 0x3E, 0xFF, 0x32, 0xB2, 0xF5, 0x78, 0xD3, 0x10, 0xAF, 0xD3, 0x14, 0xF6, 0x80, 0xD3, 0x14,
    0xDB, 0x0E, 0xCB, 0x77, 0x28, 0xFA, 0xDD, 0xE1, 0xE1, 0xD1, 0xC1, 0xF1, 0xFB, 0xED, 0x4D, 0x21,
    0xB3, 0xF5, 0xFE, 0x16, 0x28, 0x04, 0xDB, 0x0C, 0x18, 0xEC, 0xDB, 0x0C, 0xFE, 0x52, 0x20, 0x04,
    0xCB, 0xFE, 0x18, 0xE2, 0xFE, 0x51, 0x20, 0xDE, 0xCB, 0xC6, 0x18, 0xDA, 0xC5, 0xDD, 0xE5, 0x0E,
    0x25, 0xDD, 0x21, 0xDA, 0xF3, 0x18, 0x1F, 0xC5, 0xDD, 0xE5, 0x0E, 0x27, 0xDD, 0x21, 0x50, 0xF4,
    0x18, 0x14, 0xC5, 0xDD, 0xE5, 0x0E, 0x29, 0xDD, 0x21, 0xC6, 0xF4, 0x18, 0x09, 0xC5, 0xDD, 0xE5,
    0x0E, 0x2B, 0xDD, 0x21, 0x3C, 0xF5, 0xF5, 0xE5, 0xD5, 0x0D, 0xED, 0x40, 0xDD, 0x7E, 0x72, 0xCD,
    0x86, 0xF2, 0xDD, 0x77, 0x72, 0x70, 0x0C, 0xED, 0x78, 0xCB, 0x47, 0x20, 0xEC, 0xD1, 0xE1, 0xF1,
    0xDD, 0xE1, 0xC1, 0xFB, 0xED, 0x4D, 0x16, 0x00, 0x5F, 0xDD, 0xE5, 0xE1, 0x3C, 0xFE, 0x70, 0x20,
    0x01, 0xAF, 0x19, 0xC9, 0xC5, 0xDD, 0xE5, 0x0E, 0x27, 0xDD, 0x21, 0x50, 0xF4, 0x18, 0x1F, 0xC5,
    0xDD, 0xE5, 0x0E, 0x25, 0xDD, 0x21, 0xDA, 0xF3, 0x18, 0x14, 0xC5, 0xDD, 0xE5, 0x0E, 0x2B, 0xDD,
    0x21, 0x3C, 0xF5, 0x18, 0x09, 0xC5, 0xDD, 0xE5, 0x0E, 0x29, 0xDD, 0x21, 0xC6, 0xF4, 0xF5, 0x3E,
    0x28, 0xED, 0x79, 0xED, 0x78, 0xDD, 0x77, 0x74, 0xDD, 0xCB, 0x73, 0xC6, 0x18, 0x76, 0xC5, 0xDD,
    0xE5, 0x0E, 0x27, 0xDD, 0x21, 0x50, 0xF4, 0x18, 0x1F, 0xC5, 0xDD, 0xE5, 0x0E, 0x25, 0xDD, 0x21,
    0xDA, 0xF3, 0x18, 0x14, 0xC5, 0xDD, 0xE5, 0x0E, 0x2B, 0xDD, 0x21, 0x3C, 0xF5, 0x18, 0x09, 0xC5,
    0xDD, 0xE5, 0x0E, 0x29, 0xDD, 0x21, 0xC6, 0xF4, 0xF5, 0xED, 0x78, 0xDD, 0x77, 0x74, 0x3E, 0x10,
    0xED, 0x79, 0xDD, 0xCB, 0x73, 0xCE, 0x18, 0x3C, 0xC5, 0xDD, 0xE5, 0x0E, 0x27, 0xDD, 0x21, 0x50,
    0xF4, 0x18, 0x1F, 0xC5, 0xDD, 0xE5, 0x0E, 0x25, 0xDD, 0x21, 0xDA, 0xF3, 0x18, 0x14, 0xC5, 0xDD,
    0xE5, 0x0E, 0x2B, 0xDD, 0x21, 0x3C, 0xF5, 0x18, 0x09, 0xC5, 0xDD, 0xE5, 0x0E, 0x29, 0xDD, 0x21,
    0xC6, 0xF4, 0xF5, 0x3E, 0x01, 0xED, 0x79, 0xED, 0x78, 0xDD, 0x77, 0x75, 0x3E, 0x30, 0xED, 0x79,
    0xDD, 0xCB, 0x73, 0xD6, 0xF1, 0xDD, 0xE1, 0xC1, 0xFB, 0xED, 0x4D, 0x17, 0x55, 0x38, 0x30, 0x30,
    0x30, 0x2D, 0x55, 0x6E, 0x69, 0x74, 0x20, 0x64, 0x6F, 0x20, 0x6E, 0x6F, 0x74, 0x20, 0x77, 0x6F,
    0x72, 0x6B, 0x0D, 0x1D, 0x48, 0x61, 0x72, 0x64, 0x77, 0x61, 0x72, 0x65, 0x20, 0x45, 0x72, 0x72,
    0x6F, 0x72, 0x20, 0x69, 0x6E, 0x20, 0x43, 0x6F, 0x6E, 0x6E, 0x65, 0x63, 0x74, 0x69, 0x6F, 0x6E,
    0x0D, 0x01, 0x08, 0x16, 0x55, 0x38, 0x30, 0x30, 0x30, 0x2D, 0x53, 0x6F, 0x66, 0x74, 0x77, 0x61,
    0x72, 0x65, 0x6D, 0x6F, 0x6E, 0x69, 0x74, 0x6F, 0x72, 0x0D, 0x94, 0xF2, 0xCE, 0xF2, 0x47, 0xF2,
    0x08, 0xF3, 0x9F, 0xF2, 0xD9, 0xF2, 0x3C, 0xF2, 0x13, 0xF3, 0xAA, 0xF2, 0xE4, 0xF2, 0x5D, 0xF2,
    0x1E, 0xF3, 0xB5, 0xF2, 0xEF, 0xF2, 0x52, 0xF2, 0x29, 0xF3, 0xFF, 0xFF, 0xFF, 0xFF, 0xFF, 0xFF,
    0xFF, 0xFF, 0xFF, 0xFF, 0xFF, 0xFF, 0xFF, 0xFF, 0xFF, 0xFF, 0xFF, 0xFF, 0xFF, 0xFF, 0xFF, 0xFF,
    0xFF, 0xFF, 0xFF, 0xFF, 0xFF, 0xFF, 0xFF, 0xFF, 0xFF, 0xFF, 0xFF, 0xFF, 0xFF, 0xFF, 0xFF, 0xFF,
    0xFF, 0xFF, 0xFF, 0xFF, 0xFF, 0xFF, 0xFF, 0xFF, 0xFF, 0xFF, 0xFF, 0xFF, 0xFF, 0xFF, 0xFF, 0xFF,
    0xFF, 0xFF, 0xFF, 0xFF, 0xFF, 0xFF, 0xFF, 0xFF, 0xFF, 0xFF, 0xFF, 0xFF, 0xFF, 0xFF, 0xFF, 0xFF,
    0xFF, 0xFF, 0xFF, 0xFF, 0xFF, 0xFF, 0xFF, 0xFF, 0xFF, 0xFF, 0xFF, 0xFF, 0xFF, 0xFF, 0xFF, 0xFF,
    0xFF, 0xFF, 0xFF, 0xFF, 0xFF, 0xFF, 0xFF, 0xFF, 0xFF, 0xFF, 0xFF, 0xFF, 0xFF, 0xFF, 0xFF, 0xFF,
    0xFF, 0xFF, 0xFF, 0xFF, 0xFF, 0xFF, 0xFF, 0xFF, 0xFF, 0xFF, 0xFF, 0xFF, 0xFF, 0xFF, 0xFF, 0xFF,
    0xFF, 0xFF, 0xFF, 0xFF, 0xFF, 0xFF, 0xFF, 0xFF, 0xFF, 0xFF, 0xFF, 0xFF, 0xFF, 0xFF, 0xFF, 0xFF,
    0xFF, 0xFF, 0xFF, 0xFF, 0xFF, 0xFF, 0xFF, 0xFF, 0xFF, 0xFF, 0xFF, 0xFF, 0xFF, 0xFF, 0xFF, 0xFF,
    0xFF, 0xFF, 0xFF, 0xFF, 0xFF, 0xFF, 0xFF, 0xFF, 0xFF, 0xFF, 0xFF, 0xFF, 0xFF, 0xFF, 0xFF, 0xFF,
    0xFF, 0xFF, 0xFF, 0xFF, 0xFF, 0xFF, 0xFF, 0xFF, 0xFF, 0xFF, 0xFF, 0xFF, 0xFF, 0xFF, 0xFF, 0xFF,
    0xFF, 0xFF, 0xFF, 0xFF, 0xFF, 0xFF, 0xFF, 0xFF, 0xFF, 0xFF, 0xFF, 0xFF, 0xFF, 0xFF, 0xFF, 0xFF,
    0xFF, 0xFF, 0xFF, 0xFF, 0xFF, 0xFF, 0xFF, 0xFF, 0xFF, 0xFF, 0xFF, 0xFF, 0xFF, 0xFF, 0xFF, 0xFF,
    0xFF, 0xFF, 0xFF, 0xFF, 0xFF, 0xFF, 0xFF, 0xFF, 0xFF, 0xFF, 0xFF, 0xFF, 0xFF, 0xFF, 0xFF, 0xFF,
    0xFF, 0xFF, 0xFF, 0xFF, 0xFF, 0xFF, 0xFF, 0xFF, 0xFF, 0xFF, 0xFF, 0xFF, 0xFF, 0xFF, 0xFF, 0xFF,
    0xFF, 0xFF, 0xFF, 0xFF, 0xFF, 0xFF, 0xFF, 0xFF, 0xFF, 0xFF, 0xFF, 0xFF, 0xFF, 0xFF, 0xFF, 0xFF,
    0xFF, 0xFF, 0xFF, 0xFF, 0xFF, 0xFF, 0xFF, 0xFF, 0xFF, 0xFF, 0xFF, 0xFF, 0xFF, 0xFF, 0xFF, 0xFF,
    0xFF, 0xFF, 0xFF, 0xFF, 0xFF, 0xFF, 0xFF, 0xFF, 0xFF, 0xFF, 0xFF, 0xFF, 0xFF, 0xFF, 0xFF, 0xFF,
    0xFF, 0xFF, 0xFF, 0xFF, 0xFF, 0xFF, 0xFF, 0xFF, 0xFF, 0xFF, 0xFF, 0xFF, 0xFF, 0xFF, 0xFF, 0xFF,
    0xFF, 0xFF, 0xFF, 0xFF, 0xFF, 0xFF, 0xFF, 0xFF, 0x9D, 0x75, 0x62, 0x8A, 0x07, 0x10, 0xF8, 0xEF,
};
