// Generated from: doc/p8000/eproms/WDC/WDC_1_4.2 + doc/p8000/eproms/WDC/WDC_2_4.2
// Size: 8192 bytes
#pragma once
#include <cstdint>
static constexpr uint8_t P8K_WDC_4_2[8192] = {
    0x18, 0x08, 0x57, 0x44, 0x43, 0x5F, 0x34, 0x2E, 0x32, 0x20, 0x31, 0x80, 0x30, 0x2A, 0xF8, 0x1F,
    0xED, 0x5B, 0xFA, 0x1F, 0x19, 0x23, 0x7C, 0xB5, 0xC2, 0x53, 0x00, 0x2A, 0xFC, 0x1F, 0xED, 0x5B,
    0xFE, 0x1F, 0x19, 0x23, 0x7C, 0xB5, 0xC2, 0x53, 0x00, 0x21, 0x00, 0x00, 0x01, 0x00, 0x10, 0xCD,
    0x53, 0x17, 0x2A, 0xF8, 0x1F, 0x7A, 0x53, 0x5F, 0xAF, 0xED, 0x52, 0xC2, 0x53, 0x00, 0x21, 0x00,
    0x10, 0x01, 0xF8, 0x0F, 0xCD, 0x53, 0x17, 0x2A, 0xFC, 0x1F, 0x7A, 0x53, 0x5F, 0xAF, 0xED, 0x52,
    0xCA, 0x58, 0x00, 0x3E, 0x06, 0xD3, 0x18, 0x76, 0x11, 0xC0, 0x37, 0x21, 0xDC, 0x31, 0x01, 0x0A,
    0x00, 0xED, 0xB0, 0x21, 0xDB, 0x31, 0x01, 0xAA, 0x31, 0xAF, 0xED, 0x42, 0x23, 0xE5, 0xC1, 0x11,
    0xCA, 0x37, 0x21, 0xAA, 0x31, 0xED, 0xB0, 0x21, 0x00, 0x20, 0x11, 0x01, 0x20, 0x36, 0x81, 0x01,
    0xBF, 0x17, 0xED, 0xB0, 0x21, 0xA0, 0x30, 0x7C, 0xED, 0x47, 0xED, 0x5E, 0xFB, 0x3E, 0x03, 0xD3,
    0x70, 0xD3, 0x71, 0xD3, 0x72, 0xD3, 0x73, 0x7D, 0xD3, 0x70, 0x21, 0xC7, 0x0C, 0x22, 0xA0, 0x30,
    0x21, 0xE7, 0x0C, 0x22, 0xA2, 0x30, 0x21, 0xB5, 0x16, 0x22, 0xA4, 0x30, 0x21, 0xE7, 0x0C, 0x22,
    0xA6, 0x30, 0x06, 0x0A, 0x21, 0xDC, 0x31, 0x36, 0x00, 0x23, 0x10, 0xFB, 0xAF, 0x32, 0x2F, 0x31,
    0x32, 0xA0, 0x31, 0x32, 0x37, 0x31, 0x21, 0xDB, 0x31, 0x01, 0xAA, 0x31, 0xED, 0x42, 0x45, 0x04,
    0x21, 0xAA, 0x31, 0xAF, 0x77, 0x23, 0x10, 0xFC, 0x06, 0x09, 0xAF, 0x21, 0x80, 0x33, 0x77, 0x23,
    0x10, 0xFC, 0x32, 0x23, 0x31, 0x32, 0x22, 0x31, 0x3E, 0x00, 0x32, 0x2B, 0x31, 0x3E, 0x92, 0xD3,
    0x58, 0x3E, 0x12, 0x32, 0x2D, 0x31, 0xD3, 0x58, 0x3E, 0x00, 0x32, 0x2C, 0x31, 0xD3, 0x48, 0x21,
    0xFF, 0xFF, 0x22, 0x94, 0x31, 0x22, 0x96, 0x31, 0x22, 0x98, 0x31, 0x3A, 0x2D, 0x31, 0xE6, 0xF0,
    0x47, 0xF6, 0x07, 0x32, 0x7A, 0x31, 0x78, 0xF6, 0x02, 0x32, 0x7B, 0x31, 0x78, 0xF6, 0x05, 0x32,
    0x7C, 0x31, 0x78, 0xF6, 0x07, 0x32, 0x7D, 0x31, 0x78, 0xF6, 0x03, 0x32, 0x7F, 0x31, 0x78, 0xF6,
    0x04, 0x32, 0x7E, 0x31, 0xCB, 0xD8, 0x78, 0xF6, 0x0D, 0x32, 0x80, 0x31, 0x78, 0xF6, 0x0B, 0x32,
    0x81, 0x31, 0x78, 0xF6, 0x0F, 0x32, 0x82, 0x31, 0x21, 0x64, 0x00, 0x22, 0xE7, 0x30, 0x22, 0xEB,
    0x30, 0x3E, 0x02, 0x32, 0xE9, 0x30, 0x3E, 0x12, 0x32, 0xEA, 0x30, 0x3E, 0x01, 0x32, 0xED, 0x30,
    0x21, 0x03, 0x36, 0x22, 0xFC, 0x31, 0x21, 0xF5, 0x2F, 0x22, 0xFE, 0x31, 0x2A, 0xFC, 0x31, 0xCD,
    0x17, 0x17, 0x22, 0x86, 0x31, 0x3E, 0x87, 0x32, 0x38, 0x31, 0x06, 0x1E, 0x04, 0x04, 0x3E, 0x12,
    0xD3, 0x58, 0xDB, 0x88, 0xCB, 0x57, 0x28, 0x0D, 0x11, 0x64, 0x00, 0xCD, 0x43, 0x17, 0x10, 0xF2,
    0x21, 0x38, 0x31, 0xCB, 0x86, 0x06, 0x02, 0x3E, 0x22, 0xD3, 0x58, 0xDB, 0x88, 0xCB, 0x57, 0x28,
    0x0D, 0x11, 0x64, 0x00, 0xCD, 0x43, 0x17, 0x10, 0xF2, 0x21, 0x38, 0x31, 0xCB, 0x8E, 0x06, 0x02,
    0x3E, 0x32, 0xD3, 0x58, 0xDB, 0x88, 0xCB, 0x57, 0x28, 0x0D, 0x11, 0x64, 0x00, 0xCD, 0x43, 0x17,
    0x10, 0xF2, 0x21, 0x38, 0x31, 0xCB, 0x96, 0x21, 0x38, 0x31, 0x7E, 0xFE, 0x80, 0x20, 0x05, 0xCB,
    0xF6, 0xC3, 0x09, 0x07, 0x3A, 0x2C, 0x31, 0xCB, 0x9F, 0x32, 0x2C, 0x31, 0xD3, 0x48, 0x21, 0x38,
    0x31, 0xCB, 0x46, 0xCA, 0x00, 0x02, 0x3E, 0x12, 0xD3, 0x58, 0xCD, 0xF9, 0x03, 0x28, 0x0B, 0x21,
    0x38, 0x31, 0xCB, 0xDE, 0xCB, 0x86, 0xCB, 0xF6, 0x18, 0x06, 0x21, 0x00, 0x00, 0x22, 0x94, 0x31,
    0x21, 0x38, 0x31, 0xCB, 0x4E, 0xCA, 0x22, 0x02, 0x3E, 0x22, 0xD3, 0x58, 0xCD, 0xF9, 0x03, 0x28,
    0x0B, 0x21, 0x38, 0x31, 0xCB, 0xE6, 0xCB, 0x8E, 0xCB, 0xF6, 0x18, 0x06, 0x21, 0x00, 0x00, 0x22,
    0x96, 0x31, 0x21, 0x38, 0x31, 0xCB, 0x56, 0xCA, 0x44, 0x02, 0x3E, 0x32, 0xD3, 0x58, 0xCD, 0xF9,
    0x03, 0x28, 0x0B, 0x21, 0x38, 0x31, 0xCB, 0xEE, 0xCB, 0x96, 0xCB, 0xF6, 0x18, 0x06, 0x21, 0x00,
    0x00, 0x22, 0x98, 0x31, 0x21, 0x38, 0x31, 0xCB, 0x46, 0xCA, 0xA8, 0x02, 0x21, 0x7A, 0x31, 0x06,
    0x09, 0x0E, 0x10, 0x7E, 0xE6, 0x0F, 0xB1, 0x77, 0x23, 0x10, 0xF8, 0x3E, 0x00, 0x32, 0xB8, 0x30,
    0xCD, 0x92, 0x06, 0xCD, 0x5A, 0x04, 0x20, 0x36, 0xCD, 0x82, 0x04, 0x20, 0x0A, 0xCD, 0x6C, 0x05,
    0x21, 0x37, 0x31, 0xCB, 0xC6, 0x18, 0x0C, 0x21, 0x2F, 0x31, 0xCB, 0xDE, 0x21, 0x38, 0x31, 0xCB,
    0xF6, 0x18, 0x25, 0xCD, 0xBE, 0x05, 0x20, 0x0A, 0xCD, 0x6C, 0x06, 0x21, 0x37, 0x31, 0xCB, 0xDE,
    0x18, 0x16, 0x21, 0x2F, 0x31, 0xCB, 0xDE, 0x21, 0x38, 0x31, 0xCB, 0xF6, 0x18, 0x0A, 0x21, 0x2F,
    0x31, 0xCB, 0xC6, 0x21, 0x38, 0x31, 0xCB, 0xF6, 0x21, 0x38, 0x31, 0xCB, 0x4E, 0xCA, 0x1D, 0x03,
    0x21, 0x7A, 0x31, 0x06, 0x09, 0x0E, 0x20, 0x7E, 0xE6, 0x0F, 0xB1, 0x77, 0x23, 0x10, 0xF8, 0x3E,
    0x01, 0x32, 0xB8, 0x30, 0xCD, 0x92, 0x06, 0xCD, 0x5A, 0x04, 0x20, 0x47, 0xCD, 0x82, 0x04, 0x20,
    0x0C, 0x21, 0x37, 0x31, 0xCB, 0x46, 0x28, 0x18, 0xCD, 0x46, 0x05, 0x28, 0x16, 0x21, 0x2F, 0x31,
    0xCB, 0xE6, 0x21, 0x38, 0x31, 0xCB, 0xF6, 0x21, 0x37, 0x31, 0xCB, 0x46, 0x20, 0x0A, 0x18, 0x2D,
    0xCD, 0x6C, 0x05, 0x21, 0x37, 0x31, 0xCB, 0xCE, 0xCD, 0xBE, 0x05, 0x20, 0x0A, 0xCD, 0x6C, 0x06,
    0x21, 0x37, 0x31, 0xCB, 0xE6, 0x18, 0x16, 0x21, 0x2F, 0x31, 0xCB, 0xE6, 0x21, 0x38, 0x31, 0xCB,
    0xF6, 0x18, 0x0A, 0x21, 0x2F, 0x31, 0xCB, 0xCE, 0x21, 0x38, 0x31, 0xCB, 0xF6, 0x21, 0x38, 0x31,
    0xCB, 0x56, 0xCA, 0x9B, 0x03, 0x21, 0x7A, 0x31, 0x06, 0x09, 0x0E, 0x30, 0x7E, 0xE6, 0x0F, 0xB1,
    0x77, 0x23, 0x10, 0xF8, 0x3E, 0x02, 0x32, 0xB8, 0x30, 0xCD, 0x92, 0x06, 0xCD, 0x5A, 0x04, 0xC2,
    0x91, 0x03, 0xCD, 0x82, 0x04, 0x20, 0x1A, 0x21, 0x37, 0x31, 0xCB, 0x46, 0x20, 0x0E, 0xCB, 0x4E,
    0x20, 0x0A, 0xCD, 0x6C, 0x05, 0x21, 0x37, 0x31, 0xCB, 0xD6, 0x18, 0x1A, 0xCD, 0x46, 0x05, 0x28,
    0xF4, 0x21, 0x2F, 0x31, 0xCB, 0xEE, 0x21, 0x38, 0x31, 0xCB, 0xF6, 0x21, 0x37, 0x31, 0xCB, 0x46,
    0x20, 0x04, 0xCB, 0x4E, 0x28, 0x25, 0xCD, 0xBE, 0x05, 0x20, 0x0A, 0xCD, 0x6C, 0x06, 0x21, 0x37,
    0x31, 0xCB, 0xEE, 0x18, 0x16, 0x21, 0x2F, 0x31, 0xCB, 0xEE, 0x21, 0x38, 0x31, 0xCB, 0xF6, 0x18,
    0x0A, 0x21, 0x2F, 0x31, 0xCB, 0xD6, 0x21, 0x38, 0x31, 0xCB, 0xF6, 0x21, 0x00, 0x00, 0x3A, 0xE9,
    0x30, 0x47, 0x16, 0x00, 0x3A, 0xEA, 0x30, 0x5F, 0x3E, 0x00, 0x19, 0x30, 0x01, 0x3C, 0x10, 0xFA,
    0x22, 0x19, 0x31, 0x32, 0x1B, 0x31, 0x21, 0x00, 0x00, 0x22, 0x15, 0x31, 0x22, 0x17, 0x31, 0x16,
    0x00, 0x3A, 0xEA, 0x30, 0x5F, 0x2A, 0xE7, 0x30, 0x2B, 0xE5, 0x3A, 0xE9, 0x30, 0x47, 0x2A, 0x15,
    0x31, 0x19, 0x22, 0x15, 0x31, 0x30, 0x08, 0xAF, 0x2A, 0x17, 0x31, 0x23, 0x22, 0x17, 0x31, 0x10,
    0xED, 0xE1, 0x2B, 0x7C, 0xB5, 0xC2, 0xC9, 0x03, 0x21, 0x15, 0x31, 0x06, 0x04, 0x35, 0x7E, 0xFE,
    0xFF, 0x20, 0x03, 0x23, 0x10, 0xF7, 0xC3, 0x09, 0x07, 0x21, 0xB8, 0x0B, 0x01, 0x90, 0x01, 0xDB,
    0x88, 0xCB, 0x5F, 0x28, 0x0D, 0x11, 0x01, 0x00, 0xCD, 0x33, 0x17, 0x0B, 0x78, 0xB1, 0x20, 0xEF,
    0x3C, 0xC9, 0xDB, 0x88, 0xCB, 0x77, 0xC8, 0x3A, 0x2C, 0x31, 0xCB, 0xC7, 0xD3, 0x48, 0xCB, 0x87,
    0xD3, 0x48, 0x2B, 0x7C, 0xB5, 0x20, 0xD5, 0x3C, 0xC9, 0x3A, 0x2C, 0x31, 0xEE, 0x01, 0xD3, 0x48,
    0xEE, 0x01, 0xD3, 0x48, 0x2B, 0x7C, 0xB5, 0x20, 0xF0, 0xC9, 0x3A, 0x2C, 0x31, 0xEE, 0x01, 0xD3,
    0x48, 0xEE, 0x01, 0xD3, 0x48, 0x2B, 0x7C, 0xB5, 0xC8, 0x11, 0x96, 0x00, 0xCD, 0x29, 0x17, 0x18,
    0xE9, 0x87, 0x4F, 0x06, 0x00, 0x21, 0x94, 0x31, 0x09, 0xC9, 0x11, 0x24, 0x31, 0x21, 0xB0, 0x17,
    0x01, 0x05, 0x00, 0xED, 0xB0, 0x11, 0xA1, 0x31, 0x21, 0xC1, 0x17, 0x01, 0x07, 0x00, 0xED, 0xB0,
    0x21, 0x00, 0x02, 0x22, 0xBD, 0x30, 0x22, 0x30, 0x31, 0x3E, 0x00, 0x32, 0x32, 0x31, 0xCD, 0x84,
    0x0A, 0xC9, 0x2A, 0xFE, 0x31, 0x01, 0x0D, 0x01, 0x09, 0xCB, 0xA4, 0x11, 0xB5, 0x17, 0x06, 0x06,
    0x1A, 0xBE, 0xC2, 0x41, 0x05, 0x23, 0x13, 0x10, 0xF7, 0x06, 0x0C, 0x7E, 0xFE, 0x20, 0xDA, 0x41,
    0x05, 0xFE, 0x7B, 0xD2, 0x41, 0x05, 0x23, 0x10, 0xF2, 0x23, 0x23, 0x23, 0x7E, 0x23, 0x66, 0x6F,
    0xE5, 0xD1, 0xE5, 0x01, 0x64, 0x00, 0xAF, 0xED, 0x42, 0xE1, 0xDA, 0x41, 0x05, 0x01, 0xB8, 0x0B,
    0xAF, 0xED, 0x42, 0xD2, 0x41, 0x05, 0x2A, 0xFE, 0x31, 0x01, 0x24, 0x01, 0x09, 0xCB, 0xA4, 0x7E,
    0xFE, 0x02, 0xDA, 0x41, 0x05, 0xFE, 0x11, 0xD2, 0x41, 0x05, 0x23, 0x7E, 0xFE, 0x11, 0xDA, 0x41,
    0x05, 0xFE, 0x13, 0xD2, 0x41, 0x05, 0x23, 0x7E, 0x23, 0x66, 0x6F, 0xE5, 0x01, 0x00, 0x00, 0xAF,
    0xED, 0x42, 0xE1, 0xDA, 0x41, 0x05, 0xAF, 0xEB, 0xED, 0x52, 0xDA, 0x41, 0x05, 0x2A, 0xFE, 0x31,
    0x01, 0x28, 0x01, 0x09, 0xCB, 0xA4, 0x7E, 0xFE, 0x01, 0xDA, 0x41, 0x05, 0xFE, 0x16, 0xD2, 0x41,
    0x05, 0x2A, 0xFE, 0x31, 0x01, 0x2F, 0x01, 0x09, 0xCB, 0xA4, 0x7E, 0xFE, 0xB0, 0xDA, 0x41, 0x05,
    0x23, 0xBE, 0xD2, 0x41, 0x05, 0xFE, 0xF1, 0xD2, 0x41, 0x05, 0x23, 0x46, 0x23, 0x7E, 0xB8, 0xDA,
    0x41, 0x05, 0x23, 0x4E, 0x23, 0x7E, 0xB9, 0xDA, 0x41, 0x05, 0x79, 0x90, 0xD2, 0x41, 0x05, 0xAF,
    0xC9, 0x3E, 0x01, 0xFE, 0x00, 0xC9, 0x2A, 0xFE, 0x31, 0x01, 0x13, 0x01, 0x09, 0xCB, 0xA4, 0x11,
    0xD8, 0x30, 0x06, 0x0C, 0x1A, 0xBE, 0xC0, 0x13, 0x23, 0x10, 0xF9, 0x13, 0x13, 0x13, 0x23, 0x23,
    0x23, 0x06, 0x13, 0x1A, 0xBE, 0xC0, 0x13, 0x23, 0x10, 0xF9, 0xAF, 0xC9, 0x2A, 0xFE, 0x31, 0x01,
    0x13, 0x01, 0x09, 0xCB, 0xA4, 0x01, 0x0C, 0x00, 0x11, 0xD8, 0x30, 0xED, 0xB0, 0x23, 0x23, 0x23,
    0xAF, 0x13, 0x12, 0x13, 0x12, 0x13, 0x12, 0x01, 0x13, 0x00, 0xED, 0xB0, 0xC9, 0x2A, 0xFE, 0x31,
    0x01, 0x13, 0x01, 0x09, 0xCB, 0xA4, 0xEB, 0x01, 0x22, 0x00, 0x21, 0xD8, 0x30, 0xED, 0xB0, 0xC9,
    0x2A, 0x00, 0x32, 0x36, 0x00, 0x23, 0x36, 0x00, 0x2A, 0x02, 0x32, 0x06, 0x7B, 0xAF, 0x77, 0x23,
    0x10, 0xFC, 0x2A, 0x02, 0x32, 0x36, 0xFF, 0x23, 0x36, 0xFF, 0x23, 0x36, 0xFF, 0xC9, 0x2A, 0xFE,
    0x31, 0x01, 0x0D, 0x00, 0x09, 0xCB, 0xA4, 0x11, 0xBB, 0x17, 0x06, 0x06, 0x1A, 0xBE, 0xC2, 0x67,
    0x06, 0x23, 0x13, 0x10, 0xF7, 0x5E, 0x23, 0x56, 0xCB, 0x7A, 0xC2, 0x67, 0x06, 0x7A, 0xB2, 0x20,
    0x04, 0x7B, 0xB3, 0x28, 0x05, 0x1B, 0x1B, 0x1B, 0x18, 0xEE, 0x23, 0xE5, 0x2B, 0x2B, 0x5E, 0x23,
    0x56, 0x21, 0x78, 0x00, 0xAF, 0xED, 0x52, 0xE1, 0xDA, 0x67, 0x06, 0xE5, 0x19, 0xE5, 0xD5, 0xD9,
    0xD1, 0xE1, 0xD9, 0xE1, 0x7A, 0xB3, 0x28, 0x4C, 0x56, 0x23, 0x5E, 0xD5, 0x23, 0x23, 0x46, 0x23,
    0x4E, 0x2B, 0x2B, 0x2B, 0xEB, 0xE1, 0xAF, 0xED, 0x42, 0x38, 0x13, 0xC2, 0x67, 0x06, 0xEB, 0x23,
    0x7E, 0x23, 0x23, 0x23, 0x46, 0x90, 0xD2, 0x67, 0x06, 0x2B, 0x2B, 0x2B, 0x2B, 0xEB, 0xEB, 0x5E,
    0x2B, 0x56, 0xEB, 0xED, 0x4B, 0xE7, 0x30, 0xAF, 0xED, 0x42, 0xD2, 0x67, 0x06, 0xEB, 0x23, 0x23,
    0x3A, 0xE9, 0x30, 0x47, 0x7E, 0x90, 0xD2, 0x67, 0x06, 0x23, 0xD9, 0x1B, 0x1B, 0x1B, 0x7A, 0xB3,
    0xD9, 0xC2, 0x08, 0x06, 0xD9, 0xE5, 0xD9, 0xE1, 0x7E, 0xFE, 0xFF, 0x20, 0x0A, 0x23, 0xBE, 0x20,
    0x06, 0x23, 0xBE, 0x20, 0x02, 0xAF, 0xC9, 0x3E, 0x01, 0xFE, 0x00, 0xC9, 0x2A, 0xFE, 0x31, 0x01,
    0x13, 0x00, 0x09, 0xCB, 0xA4, 0x01, 0x7D, 0x00, 0xED, 0x5B, 0x00, 0x32, 0xED, 0xB0, 0xC9, 0x2A,
    0xFE, 0x31, 0x01, 0x13, 0x00, 0x09, 0xCB, 0xA4, 0xEB, 0x2A, 0x00, 0x32, 0x01, 0x7D, 0x00, 0xED,
    0xB0, 0xC9, 0x3A, 0xB8, 0x30, 0x21, 0x04, 0x32, 0x22, 0x00, 0x32, 0x21, 0x81, 0x32, 0x11, 0xFE,
    0x32, 0xFE, 0x01, 0x38, 0x0B, 0x28, 0x06, 0xED, 0x53, 0x00, 0x32, 0x18, 0x03, 0x22, 0x00, 0x32,
    0x2A, 0x00, 0x32, 0x23, 0x23, 0x22, 0x02, 0x32, 0xC9, 0x3A, 0xB8, 0x30, 0x47, 0x04, 0xAF, 0x37,
    0x17, 0x10, 0xFD, 0x21, 0x37, 0x31, 0xB6, 0x32, 0x37, 0x31, 0xC9, 0x3A, 0xB8, 0x30, 0x47, 0x04,
    0xAF, 0x37, 0x17, 0x17, 0x17, 0x17, 0x10, 0xFD, 0x21, 0x37, 0x31, 0xB6, 0x32, 0x37, 0x31, 0xC9,
    0x3A, 0xB8, 0x30, 0x47, 0x04, 0xAF, 0x37, 0x17, 0x10, 0xFD, 0x2F, 0x21, 0x37, 0x31, 0xA6, 0x32,
    0x37, 0x31, 0xC9, 0x3A, 0xB8, 0x30, 0x47, 0x04, 0xAF, 0x37, 0x17, 0x17, 0x17, 0x17, 0x10, 0xFD,
    0x2F, 0x21, 0x37, 0x31, 0xA6, 0x32, 0x37, 0x31, 0xC9, 0x01, 0x09, 0x00, 0x21, 0xBF, 0x30, 0x3E,
    0x01, 0xCD, 0xF3, 0x15, 0x06, 0x0A, 0x21, 0xDC, 0x31, 0x34, 0x20, 0x03, 0x23, 0x10, 0xFA, 0x21,
    0x38, 0x31, 0xCB, 0x7E, 0x28, 0x47, 0xCB, 0xBE, 0xCB, 0x76, 0x28, 0x41, 0x7E, 0xE6, 0x3F, 0x20,
    0x08, 0x3E, 0x27, 0x32, 0xA0, 0x31, 0xC3, 0xFF, 0x16, 0x7E, 0xE6, 0x38, 0x28, 0x0E, 0xCB, 0x3F,
    0xCB, 0x3F, 0xCB, 0x3F, 0xF6, 0x28, 0x32, 0xA0, 0x31, 0xC3, 0xFF, 0x16, 0x21, 0x2F, 0x31, 0x7E,
    0xE6, 0x07, 0x28, 0x08, 0xF6, 0x30, 0x32, 0xA0, 0x31, 0xC3, 0xFF, 0x16, 0x7E, 0xE6, 0x38, 0xCB,
    0x3F, 0xCB, 0x3F, 0xCB, 0x3F, 0xF6, 0x38, 0x32, 0xA0, 0x31, 0xC3, 0xFF, 0x16, 0xAF, 0x32, 0x20,
    0x31, 0x21, 0x23, 0x31, 0xCB, 0x7E, 0x20, 0xF9, 0x3A, 0xB7, 0x30, 0xFE, 0x21, 0x28, 0x34, 0xFE,
    0x22, 0x28, 0x1C, 0x21, 0x7D, 0x17, 0xBE, 0x28, 0x08, 0xFE, 0xFF, 0x23, 0x20, 0xF8, 0xC3, 0xD0,
    0x16, 0xCB, 0x5F, 0xC2, 0x4B, 0x09, 0xCB, 0x4F, 0xCA, 0xB3, 0x07, 0xFE, 0xC2, 0x28, 0x14, 0x21,
    0xF5, 0x2F, 0x01, 0x0D, 0x00, 0x09, 0xCB, 0xA4, 0xED, 0x4B, 0xBD, 0x30, 0x09, 0x2B, 0x3E, 0x02,
    0xCD, 0xF3, 0x15, 0x2A, 0xBD, 0x30, 0x22, 0x30, 0x31, 0xCD, 0x92, 0x06, 0x3A, 0xB8, 0x30, 0xE6,
    0x03, 0x3C, 0x07, 0x07, 0x07, 0x07, 0x4F, 0x21, 0x7A, 0x31, 0x06, 0x09, 0x7E, 0xE6, 0x0F, 0xB1,
    0x77, 0x23, 0x10, 0xF8, 0x3A, 0x38, 0x31, 0x47, 0x3A, 0xB8, 0x30, 0xFE, 0x03, 0xD2, 0xD8, 0x16,
    0xFE, 0x00, 0xC2, 0xEC, 0x07, 0xCB, 0x40, 0xCA, 0xD8, 0x16, 0x18, 0x10, 0xFE, 0x01, 0x20, 0x07,
    0xCB, 0x48, 0xCA, 0xD8, 0x16, 0x18, 0x05, 0xCB, 0x50, 0xCA, 0xD8, 0x16, 0x3A, 0xB7, 0x30, 0xCB,
    0x57, 0xC2, 0x9A, 0x08, 0xCB, 0x47, 0xC2, 0x0E, 0x08, 0xCB, 0x4F, 0xCA, 0x4B, 0x09, 0xCB, 0x6F,
    0x28, 0x66, 0x21, 0xBC, 0x30, 0x11, 0x18, 0x31, 0x06, 0x04, 0x1A, 0xBE, 0x38, 0x52, 0x20, 0x04,
    0x2B, 0x1B, 0x10, 0xF6, 0xED, 0x5B, 0x19, 0x31, 0xED, 0x4B, 0xB9, 0x30, 0x2A, 0xBB, 0x30, 0x3E,
    0x11, 0xB7, 0xED, 0x52, 0x30, 0x01, 0x19, 0x3F, 0xCB, 0x11, 0xCB, 0x10, 0xED, 0x6A, 0x3D, 0x20,
    0xF1, 0xCB, 0x1C, 0xCB, 0x1D, 0x03, 0xED, 0x43, 0x25, 0x31, 0xEB, 0x21, 0x27, 0x31, 0x3A, 0xEA,
    0x30, 0x4F, 0x06, 0x00, 0x36, 0xFF, 0x34, 0xEB, 0xAF, 0xED, 0x42, 0xEB, 0x30, 0xF8, 0xEB, 0x09,
    0x7D, 0x3C, 0x32, 0x28, 0x31, 0x3E, 0xFE, 0x32, 0x24, 0x31, 0xCD, 0x8C, 0x0D, 0xC3, 0xA3, 0x08,
    0x3E, 0x05, 0x32, 0xA0, 0x31, 0xC3, 0xFF, 0x16, 0xCB, 0x67, 0x28, 0x0C, 0x21, 0xB9, 0x30, 0xCD,
    0x46, 0x0D, 0xCD, 0x8C, 0x0D, 0xC3, 0xA3, 0x08, 0xCB, 0x77, 0x28, 0x0E, 0x11, 0x24, 0x31, 0x21,
    0xB0, 0x17, 0x01, 0x05, 0x00, 0xED, 0xB0, 0xC3, 0xA3, 0x08, 0x21, 0xB9, 0x30, 0xCD, 0x46, 0x0D,
    0xC3, 0xA3, 0x08, 0x2A, 0x25, 0x31, 0xED, 0x4B, 0xE7, 0x30, 0xAF, 0xED, 0x42, 0xD2, 0xDC, 0x16,
    0x3A, 0x7B, 0x31, 0xD3, 0x58, 0x3A, 0xB8, 0x30, 0x87, 0x4F, 0x06, 0x00, 0x21, 0x94, 0x31, 0x09,
    0x4E, 0x23, 0x46, 0x03, 0x78, 0xB1, 0xCA, 0xE4, 0x16, 0x0B, 0x2A, 0x25, 0x31, 0xAF, 0xED, 0x42,
    0xCA, 0x30, 0x09, 0xDA, 0xE2, 0x08, 0x3A, 0x2C, 0x31, 0xCB, 0xDF, 0x32, 0x2C, 0x31, 0xD3, 0x48,
    0x18, 0x12, 0x3A, 0x2C, 0x31, 0xCB, 0x9F, 0x32, 0x2C, 0x31, 0xD3, 0x48, 0xE5, 0xC1, 0x21, 0x00,
    0x00, 0xAF, 0xED, 0x42, 0xE5, 0x3A, 0xED, 0x30, 0x4F, 0x06, 0x00, 0xED, 0x42, 0xE1, 0x38, 0x05,
    0xCD, 0x29, 0x04, 0x18, 0x03, 0xCD, 0x3A, 0x04, 0xDB, 0x88, 0xCB, 0x5F, 0x20, 0xFA, 0x2A, 0x25,
    0x31, 0x7C, 0xB5, 0x20, 0x0E, 0xDB, 0x88, 0xCB, 0x77, 0x28, 0x08, 0x3E, 0x07, 0x32, 0xA0, 0x31,
    0xC3, 0xFF, 0x16, 0x3A, 0xB8, 0x30, 0xCD, 0x51, 0x04, 0xED, 0x4B, 0x25, 0x31, 0x71, 0x23, 0x70,
    0x3A, 0xE9, 0x30, 0x47, 0x3A, 0x27, 0x31, 0xB8, 0xD2, 0xD4, 0x16, 0x0F, 0x0F, 0x0F, 0x0F, 0x47,
    0x3A, 0x2C, 0x31, 0xE6, 0x0F, 0xB0, 0x32, 0x2C, 0x31, 0xD3, 0x48, 0x3A, 0xB7, 0x30, 0xFE, 0x21,
    0xCA, 0x86, 0x09, 0xFE, 0x22, 0xCA, 0x2D, 0x0E, 0xFE, 0xA1, 0xCA, 0x86, 0x09, 0xFE, 0x81, 0xCA,
    0xC7, 0x09, 0xFE, 0x11, 0xCA, 0x86, 0x09, 0xFE, 0x01, 0xCA, 0x86, 0x09, 0xFE, 0x00, 0xCA, 0x83,
    0x09, 0xCB, 0x4F, 0xC2, 0x2D, 0x0E, 0xCB, 0x57, 0xC2, 0x98, 0x11, 0xCB, 0x5F, 0xC2, 0xF8, 0x14,
    0xC3, 0xD0, 0x16, 0xC3, 0x09, 0x07, 0x11, 0xA1, 0x31, 0x21, 0xC1, 0x17, 0x01, 0x07, 0x00, 0xED,
    0xB0, 0x3E, 0x00, 0x32, 0x32, 0x31, 0xCD, 0x84, 0x0A, 0xC2, 0xFF, 0x16, 0x3A, 0xB7, 0x30, 0xFE,
    0xA1, 0x20, 0x0D, 0x3E, 0x22, 0x32, 0xB7, 0x30, 0x3E, 0x00, 0x32, 0xB8, 0x30, 0xC3, 0xB3, 0x07,
    0x21, 0xF5, 0x2F, 0x01, 0x0D, 0x00, 0x09, 0xCB, 0xA4, 0xED, 0x4B, 0xBD, 0x30, 0x09, 0x2B, 0x3E,
    0x03, 0xCD, 0xD9, 0x15, 0xC3, 0x09, 0x07, 0x21, 0x00, 0x02, 0x22, 0x30, 0x31, 0x21, 0xF0, 0x31,
    0x06, 0x08, 0x36, 0x00, 0x23, 0x10, 0xFB, 0x11, 0xA1, 0x31, 0x21, 0xCF, 0x17, 0x01, 0x07, 0x00,
    0xED, 0xB0, 0x3E, 0x00, 0x32, 0x32, 0x31, 0xCD, 0x84, 0x0A, 0x20, 0x07, 0x21, 0xF1, 0x31, 0x34,
    0xC3, 0x51, 0x0A, 0x3A, 0xA0, 0x31, 0xFE, 0x0F, 0xCA, 0x02, 0x0A, 0x21, 0xF6, 0x31, 0x34, 0xC3,
    0x51, 0x0A, 0x21, 0xF2, 0x31, 0x34, 0x2A, 0xFE, 0x31, 0x01, 0x0D, 0x00, 0x09, 0xCB, 0xA4, 0x01,
    0x00, 0x02, 0x7E, 0xFE, 0xE5, 0x20, 0x15, 0x23, 0x0B, 0x79, 0xB0, 0x20, 0xF5, 0x3A, 0xF7, 0x31,
    0xFE, 0x01, 0xCA, 0x51, 0x0A, 0x21, 0xF5, 0x31, 0x34, 0xC3, 0x51, 0x0A, 0x57, 0x23, 0x0B, 0x78,
    0xB1, 0x20, 0x08, 0x21, 0xF7, 0x31, 0x36, 0x01, 0xC3, 0x51, 0x0A, 0x7E, 0xFE, 0xE5, 0x20, 0x0A,
    0xE5, 0x21, 0xF7, 0x31, 0x36, 0x01, 0xE1, 0xC3, 0x12, 0x0A, 0x21, 0xF4, 0x31, 0x34, 0xC3, 0x51,
    0x0A, 0x3A, 0xF7, 0x31, 0xFE, 0x01, 0x20, 0x04, 0x21, 0xF3, 0x31, 0x34, 0x3A, 0xF0, 0x31, 0x3C,
    0x32, 0xF0, 0x31, 0xFE, 0xFF, 0xCA, 0x6F, 0x0A, 0xAF, 0x32, 0xF7, 0x31, 0xC3, 0xD7, 0x09, 0xED,
    0x4B, 0xBD, 0x30, 0x21, 0xF0, 0x31, 0x09, 0x2B, 0x3E, 0x03, 0xCD, 0xD9, 0x15, 0xAF, 0x32, 0xA0,
    0x31, 0xC3, 0x09, 0x07, 0x21, 0xF5, 0x2F, 0x22, 0xFE, 0x31, 0x3A, 0x23, 0x31, 0xCB, 0x7F, 0x20,
    0xF9, 0xAF, 0x32, 0xA0, 0x31, 0x32, 0x33, 0x31, 0x3A, 0xA1, 0x31, 0x32, 0xAE, 0x31, 0x3A, 0xA2,
    0x31, 0x32, 0xCC, 0x31, 0x3A, 0xA3, 0x31, 0x32, 0xBD, 0x31, 0x3E, 0x28, 0x32, 0x3A, 0x31, 0x3A,
    0x7B, 0x31, 0xD3, 0x58, 0xD3, 0x68, 0x3E, 0xA1, 0xD3, 0x38, 0x3E, 0x0A, 0xD3, 0x28, 0x2A, 0xFE,
    0x31, 0x01, 0x0B, 0x00, 0x09, 0xCB, 0xA4, 0xCD, 0x17, 0x17, 0x22, 0x88, 0x31, 0xD9, 0x3A, 0x7B,
    0x31, 0x47, 0x3A, 0x7C, 0x31, 0x4F, 0x3E, 0xF0, 0x5F, 0xD9, 0xDB, 0x88, 0x3A, 0x2B, 0x31, 0xCB,
    0xBF, 0xCB, 0xF7, 0x32, 0x2B, 0x31, 0xD3, 0x18, 0xD9, 0x2A, 0x88, 0x31, 0xD9, 0x21, 0xEA, 0x0C,
    0x3A, 0x32, 0x31, 0xFE, 0x01, 0x28, 0x03, 0x21, 0xC7, 0x0C, 0x22, 0xA0, 0x30, 0x2A, 0x86, 0x31,
    0x77, 0x2A, 0xFC, 0x31, 0x01, 0x07, 0x00, 0x09, 0x7D, 0xD3, 0x08, 0x3A, 0x7D, 0x31, 0x47, 0x3E,
    0xC7, 0xD3, 0x70, 0x3E, 0x01, 0xD3, 0x70, 0x3A, 0x7A, 0x31, 0xD3, 0x58, 0x3E, 0xA7, 0xD3, 0x73,
    0x3E, 0x30, 0xD3, 0x73, 0x21, 0x07, 0x0D, 0x22, 0xA6, 0x30, 0x3A, 0x7C, 0x31, 0xD3, 0x58, 0x78,
    0x76, 0x76, 0xF3, 0x3E, 0x03, 0xD3, 0x70, 0xD3, 0x73, 0xFB, 0x06, 0x05, 0x2A, 0xFC, 0x31, 0x23,
    0x11, 0x24, 0x31, 0x1A, 0xBE, 0xC2, 0x81, 0x0C, 0x23, 0x13, 0x10, 0xF7, 0xDB, 0x88, 0xCB, 0x7F,
    0xCA, 0x81, 0x0C, 0x3A, 0x32, 0x31, 0xFE, 0x01, 0xC8, 0x2A, 0xFE, 0x31, 0x01, 0x0C, 0x00, 0x09,
    0xCB, 0xA4, 0x3E, 0xFB, 0xBE, 0xC2, 0xAB, 0x0C, 0x3A, 0x1F, 0x31, 0x77, 0x3A, 0x7F, 0x31, 0xD3,
    0x58, 0x2A, 0xFE, 0x31, 0x01, 0x90, 0x00, 0x09, 0x7D, 0xD3, 0x08, 0x3E, 0xD7, 0xD3, 0x71, 0x3E,
    0x02, 0xD3, 0x71, 0x76, 0x2A, 0xFE, 0x31, 0x01, 0x0E, 0x02, 0x09, 0x7D, 0xD3, 0x08, 0x3A, 0x7D,
    0x31, 0xD3, 0x58, 0x3A, 0x7B, 0x31, 0x4F, 0x3E, 0xD7, 0xD3, 0x71, 0x3E, 0x01, 0xD3, 0x71, 0x76,
    0x79, 0xD3, 0x58, 0xD3, 0x68, 0x3E, 0x03, 0xD3, 0x71, 0xD3, 0x70, 0xDB, 0x88, 0xCB, 0x7F, 0xCA,
    0xAB, 0x0C, 0x21, 0x33, 0x31, 0xCB, 0x7E, 0x20, 0x13, 0xCB, 0xFE, 0x2A, 0xFE, 0x31, 0x01, 0x0D,
    0x00, 0x09, 0xCB, 0xA4, 0x11, 0xB0, 0x35, 0x06, 0x20, 0xCD, 0x86, 0x11, 0x2A, 0xFE, 0x31, 0x01,
    0x0C, 0x02, 0x09, 0xCB, 0xA4, 0x7E, 0x32, 0x1F, 0x31, 0x2A, 0x30, 0x31, 0x01, 0x00, 0x02, 0xAF,
    0xED, 0x42, 0x22, 0x30, 0x31, 0x28, 0x03, 0xD2, 0x03, 0x0C, 0x21, 0xF5, 0x2F, 0x01, 0x0D, 0x00,
    0x09, 0xEB, 0xCB, 0xA2, 0x21, 0xB0, 0x35, 0x06, 0x20, 0xCD, 0x8F, 0x11, 0x21, 0x33, 0x31, 0xCB,
    0xBE, 0xAF, 0xC9, 0x2A, 0xFE, 0x31, 0x01, 0x00, 0x02, 0x09, 0xCB, 0xA4, 0x22, 0xFE, 0x31, 0x2A,
    0xFE, 0x31, 0x01, 0x0B, 0x00, 0x09, 0xCB, 0xA4, 0xCD, 0x17, 0x17, 0x22, 0x88, 0x31, 0x3E, 0x0A,
    0x32, 0x3A, 0x31, 0x3A, 0xA1, 0x31, 0x32, 0xAE, 0x31, 0x3A, 0xA2, 0x31, 0x32, 0xCC, 0x31, 0x3A,
    0xEA, 0x30, 0x47, 0x04, 0x21, 0x28, 0x31, 0x34, 0x7E, 0xB8, 0xDA, 0xDA, 0x0A, 0x36, 0x01, 0x2B,
    0x3A, 0x20, 0x31, 0x47, 0x04, 0xC5, 0x3A, 0xE9, 0x30, 0x47, 0x21, 0x27, 0x31, 0x34, 0x7E, 0xB8,
    0x30, 0x0C, 0xC1, 0x10, 0xF0, 0x3A, 0x27, 0x31, 0xCD, 0x7B, 0x0D, 0xC3, 0xAA, 0x0A, 0x36, 0x00,
    0x2B, 0x56, 0x2B, 0x5E, 0x13, 0xE5, 0x2A, 0xE7, 0x30, 0xAF, 0xED, 0x52, 0xE1, 0xF2, 0x79, 0x0C,
    0xC1, 0x3E, 0x04, 0x32, 0xA0, 0x31, 0xFE, 0x00, 0xC9, 0x73, 0x23, 0x72, 0xCD, 0x53, 0x0D, 0x18,
    0xD1, 0x3A, 0x7B, 0x31, 0xD3, 0x58, 0xD3, 0x68, 0x21, 0x3A, 0x31, 0x35, 0xC2, 0xDA, 0x0A, 0x21,
    0xB9, 0x31, 0x3E, 0x0A, 0xCD, 0x1F, 0x0D, 0xC2, 0xAA, 0x0A, 0xC3, 0xC1, 0x0C, 0x21, 0xAA, 0x31,
    0x3E, 0x0B, 0xCD, 0x1F, 0x0D, 0xC2, 0xDA, 0x0A, 0xC3, 0xC1, 0x0C, 0x21, 0xC8, 0x31, 0x3E, 0x0C,
    0xCD, 0x1F, 0x0D, 0xCA, 0xC1, 0x0C, 0xCD, 0x36, 0x0D, 0x3E, 0x0A, 0x32, 0x3A, 0x31, 0xC3, 0xAA,
    0x0A, 0x32, 0xA0, 0x31, 0xFE, 0x00, 0xC9, 0xD3, 0x58, 0xD9, 0x78, 0xD3, 0x58, 0xD3, 0x68, 0x77,
    0x21, 0x00, 0x0D, 0x22, 0xA0, 0x30, 0x7B, 0xD3, 0x08, 0x3A, 0x2B, 0x31, 0xCB, 0xB7, 0x32, 0x2B,
    0x31, 0xD3, 0x18, 0x79, 0xD3, 0x58, 0xD9, 0xFB, 0xED, 0x4D, 0xD3, 0x58, 0x00, 0x3A, 0x7B, 0x31,
    0xD3, 0x58, 0xD3, 0x68, 0x3E, 0x03, 0xD3, 0x70, 0xE1, 0x21, 0x32, 0x0B, 0xE5, 0xFB, 0xED, 0x4D,
    0x3E, 0x03, 0xD3, 0x70, 0xFB, 0xED, 0x4D, 0x3E, 0x03, 0xD3, 0x70, 0xD3, 0x73, 0xE1, 0x21, 0x9D,
    0x0C, 0xE5, 0xFB, 0xED, 0x4D, 0x7E, 0x23, 0xBE, 0x38, 0x01, 0x77, 0xAF, 0x2B, 0x77, 0xC9, 0x47,
    0x3A, 0x7B, 0x31, 0xD3, 0x58, 0xD3, 0x68, 0x34, 0xF5, 0x23, 0xF1, 0x20, 0x01, 0x34, 0x23, 0x23,
    0x23, 0x35, 0xC0, 0xAF, 0x78, 0xC9, 0xF5, 0x3E, 0xA7, 0xD3, 0x71, 0x3E, 0xE6, 0xD3, 0x71, 0x76,
    0x3E, 0x03, 0xD3, 0x71, 0xF1, 0xC9, 0x11, 0x24, 0x31, 0x3E, 0xFE, 0x12, 0x13, 0x01, 0x04, 0x00,
    0xED, 0xB0, 0xC9, 0x3A, 0x2C, 0x31, 0xCB, 0xDF, 0xD3, 0x48, 0xEE, 0x01, 0xD3, 0x48, 0xEE, 0x01,
    0xD3, 0x48, 0xDB, 0x88, 0xCB, 0x5F, 0x20, 0xFA, 0x3A, 0xB8, 0x30, 0x87, 0x4F, 0x06, 0x00, 0x21,
    0x94, 0x31, 0x09, 0x5E, 0x23, 0x56, 0x13, 0x72, 0x2B, 0x73, 0xC9, 0x0F, 0x0F, 0x0F, 0x0F, 0x47,
    0x3A, 0x2C, 0x31, 0xE6, 0x0F, 0xB0, 0x32, 0x2C, 0x31, 0xD3, 0x48, 0xC9, 0xAF, 0x32, 0x20, 0x31,
    0xED, 0x5B, 0x00, 0x32, 0x1A, 0x6F, 0x13, 0x1A, 0xB5, 0xC8, 0x08, 0xAF, 0x08, 0xED, 0x5B, 0x02,
    0x32, 0x1B, 0x13, 0x1A, 0x67, 0x13, 0x1A, 0x6F, 0x13, 0xE5, 0x01, 0xFF, 0xFF, 0xAF, 0xED, 0x42,
    0xE1, 0xCA, 0xD0, 0x0D, 0xED, 0x4B, 0x25, 0x31, 0xAF, 0xED, 0x42, 0xDA, 0xCA, 0x0D, 0xC2, 0xD0,
    0x0D, 0x1A, 0x47, 0x3A, 0x27, 0x31, 0x90, 0xDA, 0xD0, 0x0D, 0x08, 0x3C, 0x08, 0xC3, 0xA2, 0x0D,
    0x1B, 0x1B, 0x1B, 0x08, 0x47, 0xAF, 0x08, 0x78, 0xFE, 0x00, 0x28, 0x1F, 0x47, 0x3A, 0xE9, 0x30,
    0x4F, 0x3A, 0x27, 0x31, 0x3C, 0x32, 0x27, 0x31, 0xB9, 0x20, 0x0B, 0xAF, 0x32, 0x27, 0x31, 0x2A,
    0x25, 0x31, 0x23, 0x22, 0x25, 0x31, 0x10, 0xE5, 0xC3, 0xA2, 0x0D, 0x2A, 0x30, 0x31, 0x01, 0x01,
    0x02, 0xAF, 0xED, 0x42, 0xD8, 0x2A, 0x25, 0x31, 0x3A, 0x27, 0x31, 0x47, 0x13, 0x04, 0x3A, 0xE9,
    0x30, 0x4F, 0x78, 0xB9, 0x38, 0x03, 0x06, 0x00, 0x23, 0x1A, 0xBC, 0xC0, 0x13, 0x1A, 0xBD, 0xC0,
    0x13, 0x1A, 0xB8, 0xC0, 0x3A, 0x20, 0x31, 0x3C, 0x32, 0x20, 0x31, 0x18, 0xDF, 0x11, 0xA1, 0x31,
    0x21, 0xC1, 0x17, 0x01, 0x07, 0x00, 0xED, 0xB0, 0x3A, 0xB7, 0x30, 0xFE, 0xC2, 0xCA, 0x49, 0x0E,
    0xCD, 0xB0, 0x0E, 0xC2, 0xFF, 0x16, 0xC3, 0x09, 0x07, 0x21, 0x00, 0x02, 0x22, 0xBD, 0x30, 0x22,
    0x30, 0x31, 0x21, 0xF5, 0x2F, 0x22, 0xFE, 0x31, 0x01, 0x0D, 0x00, 0x09, 0xCB, 0xA4, 0xE5, 0xEB,
    0x21, 0xBB, 0x17, 0x01, 0x06, 0x00, 0xED, 0xB0, 0x2A, 0x00, 0x32, 0x01, 0x7D, 0x00, 0xED, 0xB0,
    0xE1, 0x01, 0x00, 0x01, 0x09, 0xCB, 0xA4, 0xEB, 0x21, 0xB5, 0x17, 0x01, 0x06, 0x00, 0xED, 0xB0,
    0xCD, 0x8D, 0x05, 0xCD, 0x82, 0x04, 0xC2, 0xF4, 0x16, 0xCD, 0xBE, 0x05, 0x20, 0x05, 0xCD, 0xCB,
    0x06, 0x18, 0x09, 0xCD, 0xA0, 0x05, 0xCD, 0x7F, 0x06, 0xCD, 0xF3, 0x06, 0xCD, 0xB0, 0x0E, 0x20,
    0x06, 0xCD, 0xB9, 0x06, 0xC3, 0x0A, 0x00, 0xCD, 0xE0, 0x06, 0xCD, 0xF3, 0x06, 0xC3, 0xFF, 0x16,
    0x3E, 0x04, 0x32, 0xD1, 0x31, 0xCD, 0xEC, 0x0E, 0xC0, 0x3A, 0xB7, 0x30, 0xCB, 0x7F, 0xC8, 0x11,
    0xA1, 0x31, 0x21, 0xC1, 0x17, 0x01, 0x07, 0x00, 0xED, 0xB0, 0x3E, 0x00, 0x32, 0x32, 0x31, 0xCD,
    0x84, 0x0A, 0xC9, 0x2A, 0xCD, 0x31, 0x23, 0x22, 0xCD, 0x31, 0x21, 0xCF, 0x31, 0x21, 0xD1, 0x31,
    0x35, 0xC2, 0xB5, 0x0E, 0x3E, 0x11, 0x32, 0xA0, 0x31, 0xFE, 0x00, 0xC9, 0x21, 0xF5, 0x2F, 0x22,
    0xFE, 0x31, 0x3E, 0x03, 0x32, 0xDB, 0x31, 0x3E, 0x03, 0x32, 0xD6, 0x31, 0x3A, 0x28, 0x31, 0x32,
    0x34, 0x31, 0x3A, 0x34, 0x31, 0x21, 0xD7, 0x17, 0xBE, 0x28, 0x03, 0x23, 0x18, 0xFA, 0x2B, 0x7E,
    0xFE, 0xFF, 0x20, 0x0B, 0x3A, 0xEA, 0x30, 0x4F, 0x06, 0x00, 0x21, 0xD6, 0x17, 0x09, 0x7E, 0x32,
    0x28, 0x31, 0x3A, 0x23, 0x31, 0xCB, 0x7F, 0x20, 0xF9, 0x2A, 0xFE, 0x31, 0x11, 0x90, 0x35, 0x06,
    0x0D, 0xCD, 0x86, 0x11, 0x3E, 0x01, 0x32, 0x32, 0x31, 0xCD, 0x8A, 0x0A, 0xC0, 0x2A, 0xFE, 0x31,
    0x01, 0x0D, 0x02, 0x09, 0xCB, 0xA4, 0x11, 0xA0, 0x35, 0x01, 0x0C, 0x00, 0xED, 0xB0, 0xED, 0x5B,
    0xFE, 0x31, 0x21, 0x97, 0x17, 0x01, 0x0B, 0x00, 0xED, 0xB0, 0xCB, 0xA2, 0x01, 0x02, 0x00, 0xED,
    0xB0, 0x2A, 0xFE, 0x31, 0x01, 0x0D, 0x02, 0x09, 0xCB, 0xA4, 0xEB, 0x21, 0xA4, 0x17, 0x01, 0x0C,
    0x00, 0xED, 0xB0, 0x3E, 0x04, 0x32, 0x21, 0x31, 0x3A, 0x2B, 0x31, 0xCB, 0xBF, 0xCB, 0xF7, 0x32,
    0x2B, 0x31, 0xD3, 0x18, 0x2A, 0xFC, 0x31, 0x2B, 0x7D, 0xD3, 0x08, 0x3E, 0xA1, 0xD3, 0x38, 0x2A,
    0xFC, 0x31, 0xCD, 0x17, 0x17, 0x77, 0x21, 0x48, 0x11, 0x22, 0xA0, 0x30, 0x2A, 0xFE, 0x31, 0xCD,
    0x17, 0x17, 0xE5, 0xD9, 0x08, 0x2A, 0xFE, 0x31, 0x01, 0x0B, 0x00, 0x09, 0x5D, 0xE1, 0x3A, 0x80,
    0x31, 0x4F, 0xCB, 0x9F, 0x47, 0x3E, 0x04, 0x57, 0xE5, 0xC5, 0x3A, 0xB8, 0x30, 0xCD, 0x51, 0x04,
    0x46, 0x23, 0x66, 0x68, 0xED, 0x4B, 0xEB, 0x30, 0xAF, 0xED, 0x42, 0xC1, 0xE1, 0x38, 0x03, 0x3E,
    0x0C, 0x57, 0x3A, 0x2B, 0x31, 0xCB, 0xFF, 0xCB, 0xB7, 0x32, 0x2B, 0x31, 0x08, 0xD9, 0x3E, 0xC7,
    0xD3, 0x70, 0x3E, 0x01, 0xD3, 0x70, 0x2A, 0xFC, 0x31, 0x01, 0x05, 0x00, 0x09, 0x3A, 0x34, 0x31,
    0x47, 0x3A, 0x7D, 0x31, 0xD3, 0x58, 0x3A, 0x7E, 0x31, 0xD3, 0x58, 0x3E, 0x03, 0x76, 0x2A, 0xFC,
    0x31, 0x01, 0x05, 0x00, 0x09, 0x3A, 0x34, 0x31, 0x47, 0x7E, 0xB8, 0xC2, 0xF5, 0x10, 0x2A, 0xFE,
    0x31, 0x01, 0x5D, 0x00, 0x09, 0x7D, 0xD3, 0x08, 0x3E, 0xD5, 0xD3, 0x71, 0x3E, 0x02, 0xD3, 0x71,
    0x2A, 0xFE, 0x31, 0xEB, 0x21, 0x90, 0x35, 0x01, 0x0B, 0x00, 0xED, 0xB0, 0xCB, 0xA2, 0x01, 0x02,
    0x00, 0xED, 0xB0, 0x76, 0x2A, 0xFE, 0x31, 0x01, 0x0D, 0x02, 0x09, 0x7D, 0xD3, 0x08, 0x3A, 0x82,
    0x31, 0xD3, 0x58, 0x3E, 0xD7, 0xD3, 0x71, 0x3E, 0x01, 0xD3, 0x71, 0x3A, 0x7B, 0x31, 0x76, 0xD3,
    0x58, 0xD3, 0x68, 0x3E, 0x03, 0xD3, 0x71, 0xDB, 0x88, 0xCB, 0x6F, 0xCA, 0x25, 0x11, 0x2A, 0x30,
    0x31, 0x01, 0x00, 0x02, 0xAF, 0xED, 0x42, 0x22, 0x30, 0x31, 0xC8, 0xD8, 0x2A, 0xFE, 0x31, 0x01,
    0x0D, 0x02, 0x09, 0xCB, 0xA4, 0xEB, 0x21, 0xA0, 0x35, 0x01, 0x0C, 0x00, 0xED, 0xB0, 0x2A, 0xFE,
    0x31, 0x01, 0x00, 0x02, 0x09, 0xCB, 0xA4, 0x22, 0xFE, 0x31, 0x21, 0x2E, 0x31, 0x36, 0x00, 0x3A,
    0xEA, 0x30, 0x47, 0x04, 0x21, 0x34, 0x31, 0x34, 0x7E, 0xB8, 0xDA, 0x3D, 0x0F, 0x3E, 0x01, 0x32,
    0x34, 0x31, 0x21, 0x28, 0x31, 0x77, 0x2B, 0x3A, 0x20, 0x31, 0x47, 0x04, 0xC5, 0x3A, 0xE9, 0x30,
    0x4F, 0x21, 0x27, 0x31, 0x34, 0x7E, 0xB9, 0x30, 0x14, 0xC1, 0x10, 0xF0, 0x3A, 0x27, 0x31, 0xCD,
    0x7B, 0x0D, 0x3A, 0x2E, 0x31, 0xFE, 0x00, 0xCA, 0x3D, 0x0F, 0xC3, 0x02, 0x0F, 0x36, 0x00, 0x2B,
    0x56, 0x2B, 0x5E, 0x13, 0xE5, 0x2A, 0xE7, 0x30, 0xAF, 0xED, 0x52, 0xE1, 0xF2, 0xE8, 0x10, 0xC1,
    0x3E, 0x04, 0x32, 0xA0, 0x31, 0xFE, 0x00, 0xC9, 0x73, 0x23, 0x72, 0xCD, 0x53, 0x0D, 0x21, 0x2E,
    0x31, 0x36, 0x01, 0x18, 0xC4, 0x21, 0x21, 0x31, 0x35, 0xC2, 0x78, 0x0F, 0x21, 0xD2, 0x31, 0x3E,
    0x12, 0xCD, 0x1F, 0x0D, 0x20, 0x06, 0x32, 0xA0, 0x31, 0xFE, 0x00, 0xC9, 0xCD, 0x73, 0x11, 0x2A,
    0xFE, 0x31, 0xEB, 0x21, 0x90, 0x35, 0x01, 0x0B, 0x00, 0xED, 0xB0, 0xCB, 0xA2, 0x01, 0x02, 0x00,
    0xED, 0xB0, 0xC3, 0x02, 0x0F, 0x3A, 0x7B, 0x31, 0xCB, 0xFF, 0xD3, 0x58, 0xD3, 0x68, 0xCB, 0xBF,
    0xD3, 0x58, 0x21, 0xD7, 0x31, 0x3E, 0x10, 0xCD, 0x1F, 0x0D, 0x20, 0x06, 0x32, 0xA0, 0x31, 0xFE,
    0x00, 0xC9, 0xCD, 0x73, 0x11, 0xC3, 0x02, 0x0F, 0xD3, 0x70, 0xD3, 0x68, 0x7E, 0xB8, 0x20, 0x20,
    0xD9, 0x08, 0xD3, 0x18, 0x77, 0x7B, 0xD3, 0x08, 0x7A, 0xD3, 0x38, 0x78, 0xD3, 0x58, 0x79, 0xD3,
    0x58, 0x08, 0xD9, 0x00, 0x00, 0x00, 0x00, 0x00, 0x00, 0x00, 0x00, 0x3A, 0x81, 0x31, 0xD3, 0x58,
    0xFB, 0xED, 0x4D, 0x2A, 0xFE, 0x31, 0x01, 0x0D, 0x02, 0x09, 0xCB, 0xA4, 0xEB, 0x21, 0xA0, 0x35,
    0x01, 0x0C, 0x00, 0xED, 0xB0, 0xC9, 0x7E, 0x12, 0x23, 0xCB, 0xA4, 0x13, 0x10, 0xF8, 0xC9, 0x7E,
    0x12, 0x23, 0x13, 0xCB, 0xA2, 0x10, 0xF8, 0xC9, 0x21, 0x00, 0x02, 0x22, 0xBD, 0x30, 0x22, 0x30,
    0x31, 0x3A, 0x80, 0x33, 0xA7, 0xC2, 0x36, 0x12, 0x3A, 0xB7, 0x30, 0xFE, 0x84, 0xCA, 0x36, 0x12,
    0x3A, 0xF5, 0x30, 0x32, 0x80, 0x33, 0x3A, 0xEA, 0x30, 0xFE, 0x11, 0xCA, 0x36, 0x12, 0x21, 0xE7,
    0x0C, 0x22, 0xA6, 0x30, 0x21, 0x81, 0x33, 0x06, 0x08, 0x3E, 0xD5, 0xD3, 0x73, 0x3E, 0x01, 0xD3,
    0x73, 0x76, 0x3E, 0x27, 0xD3, 0x71, 0x3E, 0x00, 0xD3, 0x71, 0x76, 0x3E, 0x03, 0xD3, 0x73, 0xDB,
    0x71, 0x77, 0x3E, 0x03, 0xD3, 0x71, 0x23, 0x10, 0xE0, 0x06, 0x08, 0x21, 0x00, 0x00, 0x11, 0x81,
    0x33, 0xC5, 0x06, 0x00, 0x1A, 0x4F, 0x09, 0x13, 0xC1, 0x10, 0xF6, 0x06, 0x03, 0xCB, 0x3D, 0xCB,
    0x3C, 0x30, 0x02, 0xCB, 0xFD, 0x10, 0xF6, 0x7D, 0x21, 0xF8, 0x30, 0xBE, 0x38, 0x21, 0x23, 0x46,
    0x04, 0xB8, 0x30, 0x08, 0x3A, 0xF5, 0x30, 0x32, 0x80, 0x33, 0x18, 0x1A, 0x2B, 0x2B, 0x2B, 0xBE,
    0x38, 0x0D, 0x23, 0x46, 0xB8, 0x30, 0x08, 0x3A, 0xF4, 0x30, 0x32, 0x80, 0x33, 0x18, 0x07, 0xAF,
    0x32, 0x80, 0x33, 0xC3, 0xEC, 0x16, 0x3A, 0xB7, 0x30, 0xFE, 0x04, 0xCA, 0x54, 0x12, 0xFE, 0x14,
    0xCA, 0x5D, 0x12, 0xFE, 0x24, 0xCA, 0x91, 0x12, 0xFE, 0x44, 0xCA, 0x63, 0x12, 0xFE, 0x84, 0x28,
    0x03, 0xC3, 0xD0, 0x16, 0xCD, 0x7A, 0x13, 0xC2, 0xFF, 0x16, 0xC3, 0x09, 0x07, 0xCD, 0x7A, 0x13,
    0xC2, 0xFF, 0x16, 0x11, 0xA1, 0x31, 0x21, 0xC1, 0x17, 0x01, 0x07, 0x00, 0xED, 0xB0, 0x3E, 0x01,
    0x32, 0x28, 0x31, 0x21, 0x00, 0x24, 0x3A, 0xEA, 0x30, 0xFE, 0x12, 0x28, 0x03, 0x21, 0x00, 0x22,
    0x22, 0x30, 0x31, 0x3E, 0x00, 0x32, 0x32, 0x31, 0xCD, 0x84, 0x0A, 0xC2, 0xFF, 0x16, 0xC3, 0x09,
    0x07, 0x11, 0xA1, 0x31, 0x21, 0xC8, 0x17, 0x01, 0x07, 0x00, 0xED, 0xB0, 0x3E, 0x03, 0x32, 0x92,
    0x31, 0x21, 0x92, 0x31, 0x35, 0xCA, 0xDD, 0x12, 0xCD, 0x7A, 0x13, 0xC2, 0xA1, 0x12, 0x3E, 0x02,
    0x32, 0x93, 0x31, 0x21, 0x93, 0x31, 0x35, 0xCA, 0x09, 0x07, 0x3E, 0x01, 0x32, 0x28, 0x31, 0x21,
    0x00, 0x24, 0x3A, 0xEA, 0x30, 0xFE, 0x12, 0x28, 0x03, 0x21, 0x00, 0x22, 0x22, 0x30, 0x31, 0x3E,
    0x00, 0x32, 0x32, 0x31, 0xCD, 0x84, 0x0A, 0xC2, 0xA1, 0x12, 0xC3, 0xB3, 0x12, 0xAF, 0x32, 0xA0,
    0x31, 0x2A, 0x00, 0x32, 0x4E, 0x23, 0x46, 0x21, 0x75, 0x00, 0xAF, 0xED, 0x42, 0xDA, 0xF0, 0x16,
    0x2A, 0x02, 0x32, 0x3A, 0x26, 0x31, 0x47, 0x7E, 0xB8, 0xDA, 0x6E, 0x13, 0xC2, 0x1B, 0x13, 0x23,
    0x3A, 0x25, 0x31, 0x47, 0x7E, 0xB8, 0xDA, 0x6F, 0x13, 0xC2, 0x1A, 0x13, 0x23, 0x3A, 0x27, 0x31,
    0x47, 0x7E, 0xB8, 0xDA, 0x70, 0x13, 0xCA, 0x09, 0x07, 0x2B, 0x2B, 0xEB, 0xD5, 0x2A, 0x00, 0x32,
    0xD5, 0x5E, 0x23, 0x56, 0xEB, 0xD1, 0xED, 0x4B, 0x02, 0x32, 0x09, 0x23, 0x23, 0x23, 0xE5, 0xAF,
    0xED, 0x52, 0xE5, 0xC1, 0xE1, 0x2B, 0xE5, 0xD1, 0x13, 0x13, 0x13, 0xED, 0xB8, 0xD1, 0xEB, 0x3A,
    0x26, 0x31, 0x77, 0x23, 0x3A, 0x25, 0x31, 0x77, 0x23, 0x3A, 0x27, 0x31, 0x77, 0xED, 0x5B, 0x00,
    0x32, 0x1A, 0x6F, 0x13, 0x1A, 0x67, 0x01, 0x03, 0x00, 0x09, 0x1B, 0x7D, 0x12, 0x13, 0x7C, 0x12,
    0x01, 0x03, 0x00, 0x21, 0x27, 0x31, 0x3E, 0x03, 0xCD, 0xD9, 0x15, 0xC3, 0x09, 0x07, 0x23, 0x23,
    0x23, 0x7E, 0xFE, 0xFF, 0xC2, 0xF3, 0x12, 0xC3, 0x1B, 0x13, 0x3A, 0x7B, 0x31, 0xD3, 0x58, 0xD3,
    0x68, 0x21, 0x00, 0x20, 0x01, 0xFF, 0x0F, 0x11, 0x01, 0x20, 0x36, 0x00, 0xED, 0xB0, 0x3A, 0x2B,
    0x31, 0xCB, 0xFF, 0xCB, 0xB7, 0x32, 0x2B, 0x31, 0xD3, 0x18, 0x21, 0x00, 0x20, 0xCD, 0x17, 0x17,
    0x77, 0x3A, 0x81, 0x31, 0x47, 0xCB, 0x9F, 0xD3, 0x58, 0x78, 0xD3, 0x58, 0x21, 0xE7, 0x0C, 0x22,
    0xA6, 0x30, 0x3E, 0xD5, 0xD3, 0x73, 0x3E, 0x02, 0xD3, 0x73, 0x76, 0x3A, 0x7B, 0x31, 0xD3, 0x58,
    0xD3, 0x68, 0x3E, 0x03, 0xD3, 0x73, 0x3A, 0xB7, 0x30, 0xFE, 0x84, 0xC8, 0x21, 0x00, 0x36, 0x06,
    0x12, 0x36, 0xFF, 0x23, 0x10, 0xFB, 0x06, 0x03, 0x36, 0xA1, 0x23, 0x10, 0xFB, 0x36, 0xFE, 0x23,
    0xEB, 0x01, 0x03, 0x00, 0x21, 0x25, 0x31, 0xED, 0xB0, 0xEB, 0x36, 0x01, 0x23, 0x06, 0x0C, 0x36,
    0xFF, 0x23, 0x10, 0xFB, 0x21, 0x00, 0x36, 0xCD, 0x17, 0x17, 0x22, 0x88, 0x31, 0x77, 0x3E, 0x04,
    0x57, 0x3A, 0xB8, 0x30, 0xCD, 0x51, 0x04, 0x46, 0x23, 0x66, 0x68, 0xED, 0x4B, 0xEB, 0x30, 0xAF,
    0xED, 0x42, 0x38, 0x03, 0x3E, 0x0C, 0x57, 0x7A, 0xD3, 0x38, 0x3E, 0x0A, 0xD3, 0x28, 0x3A, 0x2B,
    0x31, 0xCB, 0xF7, 0x32, 0x2B, 0x31, 0xD3, 0x18, 0x21, 0xE7, 0x0C, 0x22, 0xA6, 0x30, 0x3E, 0xFF,
    0xD3, 0x08, 0x21, 0xE0, 0x35, 0x3A, 0x27, 0x31, 0x06, 0x00, 0x4F, 0x09, 0xEB, 0x47, 0x3A, 0xEA,
    0x30, 0x90, 0x06, 0x00, 0x4F, 0x21, 0xD7, 0x17, 0xED, 0xB0, 0x3A, 0x27, 0x31, 0xFE, 0x00, 0x28,
    0x08, 0x4F, 0x06, 0x00, 0x11, 0xE0, 0x35, 0xED, 0xB0, 0x21, 0xE0, 0x35, 0x7E, 0xEB, 0x21, 0x19,
    0x36, 0x77, 0x3A, 0xEA, 0x30, 0x47, 0x3E, 0xD5, 0xD3, 0x73, 0x3E, 0x01, 0xD3, 0x73, 0x76, 0x3E,
    0x03, 0xD3, 0x73, 0x3A, 0x80, 0x31, 0x4F, 0xCB, 0x9F, 0xD3, 0x58, 0x79, 0xD3, 0x58, 0x3E, 0x12,
    0xD3, 0x08, 0x00, 0x00, 0x00, 0x00, 0x00, 0x00, 0x00, 0x00, 0x00, 0x00, 0x00, 0x3A, 0x82, 0x31,
    0xD3, 0x58, 0x3E, 0x1A, 0xD3, 0x08, 0x00, 0x00, 0x00, 0x00, 0x00, 0x3A, 0x7B, 0x31, 0xD3, 0x58,
    0xD3, 0x68, 0x2A, 0x88, 0x31, 0x77, 0x3E, 0x87, 0xD3, 0x73, 0x3A, 0x80, 0x33, 0xD3, 0x73, 0x13,
    0x1A, 0x21, 0x19, 0x36, 0x77, 0x05, 0xCA, 0xBD, 0x14, 0x76, 0xC3, 0x6F, 0x14, 0x3E, 0x03, 0xD3,
    0x73, 0xAF, 0x21, 0x00, 0x20, 0x11, 0x01, 0x20, 0x01, 0xFF, 0x0F, 0x36, 0xE5, 0xED, 0xB0, 0x11,
    0xA1, 0x31, 0x21, 0xC1, 0x17, 0x01, 0x07, 0x00, 0xED, 0xB0, 0x3E, 0x04, 0x32, 0xD1, 0x31, 0x3E,
    0x01, 0x32, 0x28, 0x31, 0x21, 0x00, 0x24, 0x3A, 0xEA, 0x30, 0xFE, 0x12, 0x28, 0x03, 0x21, 0x00,
    0x22, 0x22, 0x30, 0x31, 0xCD, 0xEC, 0x0E, 0xC9, 0x21, 0xB8, 0x30, 0x7E, 0x5F, 0x23, 0x7E, 0x57,
    0x21, 0xBD, 0x30, 0x7E, 0x4F, 0x23, 0x7E, 0x47, 0xEB, 0x09, 0x2B, 0x3A, 0xB7, 0x30, 0xFE, 0x08,
    0xCA, 0x6A, 0x15, 0xFE, 0x18, 0xCA, 0x72, 0x15, 0xFE, 0x28, 0xCA, 0x87, 0x15, 0xFE, 0x78, 0xCA,
    0x7A, 0x15, 0xFE, 0x38, 0xCA, 0xCC, 0x15, 0xFE, 0x58, 0xCA, 0x3F, 0x15, 0xFE, 0x68, 0xCA, 0x5A,
    0x15, 0xFE, 0x48, 0xC2, 0xD0, 0x16, 0xCD, 0x92, 0x06, 0xCD, 0xA0, 0x05, 0xC3, 0x09, 0x07, 0xCD,
    0x92, 0x06, 0x2A, 0x00, 0x32, 0xC5, 0xCD, 0xD5, 0x05, 0xC1, 0xC2, 0xF8, 0x16, 0x2A, 0x00, 0x32,
    0x09, 0x2B, 0x3E, 0x03, 0xCD, 0xD9, 0x15, 0xC3, 0x09, 0x07, 0xCD, 0x92, 0x06, 0x2A, 0x00, 0x32,
    0x09, 0x2B, 0x3E, 0x02, 0xCD, 0xF3, 0x15, 0xC3, 0x09, 0x07, 0x3E, 0x03, 0xCD, 0xD9, 0x15, 0xC3,
    0x09, 0x07, 0x3E, 0x02, 0xCD, 0xF3, 0x15, 0xC3, 0x09, 0x07, 0x21, 0xD8, 0x30, 0x09, 0x2B, 0x3E,
    0x02, 0xCD, 0xF3, 0x15, 0xC3, 0x09, 0x07, 0xC5, 0x21, 0x02, 0x00, 0x11, 0xD0, 0x30, 0x01, 0x07,
    0x00, 0xED, 0xB0, 0x21, 0x15, 0x31, 0x11, 0xF9, 0x30, 0x13, 0x01, 0x04, 0x00, 0xED, 0xB0, 0x3A,
    0x38, 0x31, 0x12, 0x13, 0x3A, 0x37, 0x31, 0x12, 0x13, 0x3A, 0x2F, 0x31, 0x12, 0x13, 0x3A, 0x38,
    0x31, 0x06, 0x03, 0x0E, 0x00, 0xCB, 0x0F, 0x30, 0x01, 0x0C, 0x10, 0xF9, 0x79, 0x12, 0xC1, 0x21,
    0xD0, 0x30, 0x09, 0x2B, 0x3E, 0x03, 0xCD, 0xD9, 0x15, 0xC3, 0x09, 0x07, 0x21, 0xAA, 0x31, 0x09,
    0x2B, 0x3E, 0x03, 0xCD, 0xD9, 0x15, 0xC3, 0x09, 0x07, 0xF5, 0x3A, 0x23, 0x31, 0xCB, 0x7F, 0x20,
    0xF9, 0xCB, 0xFF, 0x32, 0x23, 0x31, 0x23, 0x03, 0x3A, 0x2B, 0x31, 0xCB, 0xEF, 0x32, 0x2B, 0x31,
    0xF1, 0x18, 0x16, 0xF5, 0x3A, 0x23, 0x31, 0xCB, 0x7F, 0x20, 0xF9, 0xCB, 0xFF, 0x32, 0x23, 0x31,
    0x3A, 0x2B, 0x31, 0xCB, 0xAF, 0x32, 0x2B, 0x31, 0xF1, 0xE5, 0xC5, 0xF5, 0xAF, 0xED, 0x42, 0x23,
    0xF1, 0xE5, 0xF5, 0xCB, 0xAC, 0x3A, 0x2B, 0x31, 0xCB, 0xA7, 0xCB, 0x64, 0x28, 0x02, 0xCB, 0xE7,
    0x32, 0x2B, 0x31, 0xF1, 0xF5, 0x47, 0x3A, 0x2B, 0x31, 0xCB, 0xDF, 0xB0, 0x32, 0x2B, 0x31, 0x7C,
    0xE6, 0x0C, 0x07, 0x07, 0x07, 0x07, 0x47, 0x7C, 0xE6, 0x03, 0xB0, 0xF6, 0x38, 0x67, 0xF1, 0xD1,
    0xC1, 0x77, 0xE1, 0x3E, 0xC7, 0xCB, 0x45, 0x20, 0x02, 0x3E, 0xD7, 0x32, 0x39, 0x31, 0x03, 0xAF,
    0xCB, 0x18, 0xCB, 0x19, 0x21, 0x00, 0x01, 0xAF, 0xED, 0x42, 0x38, 0x14, 0x3A, 0x39, 0x31, 0xD3,
    0x72, 0x79, 0xD3, 0x72, 0x21, 0x2B, 0x31, 0x7E, 0xCB, 0x9E, 0xD3, 0x18, 0x7E, 0xD3, 0x18, 0xC9,
    0xAF, 0xB9, 0x20, 0x01, 0x05, 0x78, 0x32, 0x22, 0x31, 0x21, 0x98, 0x16, 0x22, 0xA4, 0x30, 0x3A,
    0x39, 0x31, 0xD3, 0x72, 0x79, 0xD3, 0x72, 0x3A, 0x39, 0x31, 0xCB, 0x8F, 0xD3, 0x72, 0x3E, 0x00,
    0xD3, 0x72, 0x3A, 0x2B, 0x31, 0xD3, 0x18, 0xC9, 0xF5, 0xE5, 0x21, 0x22, 0x31, 0x35, 0x20, 0x10,
    0x21, 0xB5, 0x16, 0x22, 0xA4, 0x30, 0x3A, 0x2B, 0x31, 0xCB, 0x9F, 0x32, 0x2B, 0x31, 0xD3, 0x18,
    0xE1, 0xF1, 0xFB, 0xED, 0x4D, 0xF5, 0x3A, 0x2B, 0x31, 0xE6, 0xD0, 0x32, 0x2B, 0x31, 0xD3, 0x18,
    0x3E, 0x03, 0xD3, 0x72, 0x3A, 0x23, 0x31, 0xCB, 0xBF, 0x32, 0x23, 0x31, 0xF1, 0xFB, 0xED, 0x4D,
    0x3E, 0x01, 0x18, 0x28, 0x3E, 0x02, 0x18, 0x24, 0x3E, 0x03, 0x18, 0x20, 0x3E, 0x04, 0x18, 0x1C,
    0x3E, 0x05, 0x18, 0x18, 0x3E, 0x06, 0x18, 0x14, 0x3E, 0x07, 0x18, 0x10, 0x3E, 0x15, 0x18, 0x0C,
    0x3E, 0x16, 0x18, 0x08, 0x3E, 0x17, 0x18, 0x04, 0x3E, 0x18, 0x18, 0x00, 0x32, 0xA0, 0x31, 0x3A,
    0xA0, 0x31, 0x32, 0xC7, 0x30, 0x01, 0x01, 0x00, 0x21, 0xC7, 0x30, 0x3E, 0x07, 0xCD, 0xD9, 0x15,
    0xAF, 0x32, 0xA0, 0x31, 0xC3, 0x09, 0x07, 0xCB, 0xAC, 0x7C, 0xE6, 0x0C, 0x07, 0x07, 0x07, 0x07,
    0x47, 0x7C, 0xE6, 0x03, 0xB0, 0xF6, 0x3C, 0x67, 0xC9, 0x3E, 0x01, 0x3E, 0x01, 0x1B, 0xCB, 0x7A,
    0x28, 0xF7, 0xC9, 0xD5, 0x11, 0x82, 0x00, 0x1B, 0xCB, 0x7A, 0x28, 0xFB, 0xD1, 0x1B, 0x7A, 0xB3,
    0x20, 0xF1, 0xC9, 0xD5, 0x11, 0x08, 0x05, 0x1B, 0xCB, 0x7A, 0x28, 0xFB, 0xD1, 0x1B, 0x7A, 0xB3,
    0x20, 0xF1, 0xC9, 0x11, 0xFF, 0xFF, 0x7E, 0xAA, 0x57, 0x0F, 0x0F, 0x0F, 0x0F, 0xE6, 0x0F, 0xAA,
    0x57, 0x0F, 0x0F, 0x0F, 0xF5, 0xE6, 0x1F, 0xAB, 0x5F, 0xF1, 0xF5, 0x0F, 0xE6, 0xF0, 0xAB, 0x5F,
    0xF1, 0xE6, 0xE0, 0xAA, 0x53, 0x5F, 0x23, 0x0B, 0x78, 0xB1, 0x20, 0xDA, 0xC9, 0x21, 0x22, 0x01,
    0x81, 0x11, 0x02, 0x82, 0x12, 0x92, 0xA1, 0xA2, 0xC2, 0x04, 0x14, 0x24, 0x44, 0x84, 0x08, 0x18,
    0x28, 0x38, 0x48, 0x58, 0x68, 0x78, 0xFF, 0xFF, 0xFF, 0xFF, 0xFF, 0xFF, 0xFF, 0xFF, 0xFF, 0xFF,
    0xFF, 0xFF, 0xA1, 0xFB, 0xFF, 0xFF, 0xFF, 0xFF, 0xFF, 0xFF, 0xFF, 0xFF, 0xFF, 0xFF, 0xFF, 0xFF,
    0xFE, 0x00, 0x00, 0x00, 0x01, 0x50, 0x41, 0x52, 0x4D, 0x54, 0x52, 0x44, 0x45, 0x46, 0x45, 0x4B,
    0x54, 0x04, 0x08, 0x04, 0x04, 0x04, 0x04, 0x04, 0x02, 0x02, 0x02, 0x02, 0x02, 0x02, 0x02, 0x01,
    0x01, 0x01, 0x01, 0x01, 0x01, 0x01, 0xFF, 0x01, 0x0A, 0x02, 0x0B, 0x03, 0x0C, 0x04, 0x0D, 0x05,
    0x0E, 0x06, 0x0F, 0x07, 0x10, 0x08, 0x11, 0x09, 0x12, 0xFF, 0xFF, 0xFF, 0xFF, 0xFF, 0xFF, 0xFF,
    0xFF, 0xFF, 0xFF, 0xFF, 0xFF, 0xFF, 0xFF, 0xFF, 0xFF, 0xFF, 0xFF, 0xFF, 0xFF, 0xFF, 0xFF, 0xFF,
    0xFF, 0xFF, 0xFF, 0xFF, 0xFF, 0xFF, 0xFF, 0xFF, 0xFF, 0xFF, 0xFF, 0xFF, 0xFF, 0xFF, 0xFF, 0xFF,
    0xFF, 0xFF, 0xFF, 0xFF, 0xFF, 0xFF, 0xFF, 0xFF, 0xFF, 0xFF, 0xFF, 0xFF, 0xFF, 0xFF, 0xFF, 0xFF,
    0xFF, 0xFF, 0xFF, 0xFF, 0xFF, 0xFF, 0xFF, 0xFF, 0xFF, 0xFF, 0xFF, 0xFF, 0xFF, 0xFF, 0xFF, 0xFF,
    0xFF, 0xFF, 0xFF, 0xFF, 0xFF, 0xFF, 0xFF, 0xFF, 0xFF, 0xFF, 0xFF, 0xFF, 0xFF, 0xFF, 0xFF, 0xFF,
    0xFF, 0xFF, 0xFF, 0xFF, 0xFF, 0xFF, 0xFF, 0xFF, 0xFF, 0xFF, 0xFF, 0xFF, 0xFF, 0xFF, 0xFF, 0xFF,
    0xFF, 0xFF, 0xFF, 0xFF, 0xFF, 0xFF, 0xFF, 0xFF, 0xFF, 0xFF, 0xFF, 0xFF, 0xFF, 0xFF, 0xFF, 0xFF,
    0xFF, 0xFF, 0xFF, 0xFF, 0xFF, 0xFF, 0xFF, 0xFF, 0xFF, 0xFF, 0xFF, 0xFF, 0xFF, 0xFF, 0xFF, 0xFF,
    0xFF, 0xFF, 0xFF, 0xFF, 0xFF, 0xFF, 0xFF, 0xFF, 0xFF, 0xFF, 0xFF, 0xFF, 0xFF, 0xFF, 0xFF, 0xFF,
    0xFF, 0xFF, 0xFF, 0xFF, 0xFF, 0xFF, 0xFF, 0xFF, 0xFF, 0xFF, 0xFF, 0xFF, 0xFF, 0xFF, 0xFF, 0xFF,
    0xFF, 0xFF, 0xFF, 0xFF, 0xFF, 0xFF, 0xFF, 0xFF, 0xFF, 0xFF, 0xFF, 0xFF, 0xFF, 0xFF, 0xFF, 0xFF,
    0xFF, 0xFF, 0xFF, 0xFF, 0xFF, 0xFF, 0xFF, 0xFF, 0xFF, 0xFF, 0xFF, 0xFF, 0xFF, 0xFF, 0xFF, 0xFF,
    0xFF, 0xFF, 0xFF, 0xFF, 0xFF, 0xFF, 0xFF, 0xFF, 0xFF, 0xFF, 0xFF, 0xFF, 0xFF, 0xFF, 0xFF, 0xFF,
    0xFF, 0xFF, 0xFF, 0xFF, 0xFF, 0xFF, 0xFF, 0xFF, 0xFF, 0xFF, 0xFF, 0xFF, 0xFF, 0xFF, 0xFF, 0xFF,
    0xFF, 0xFF, 0xFF, 0xFF, 0xFF, 0xFF, 0xFF, 0xFF, 0xFF, 0xFF, 0xFF, 0xFF, 0xFF, 0xFF, 0xFF, 0xFF,
    0xFF, 0xFF, 0xFF, 0xFF, 0xFF, 0xFF, 0xFF, 0xFF, 0xFF, 0xFF, 0xFF, 0xFF, 0xFF, 0xFF, 0xFF, 0xFF,
    0xFF, 0xFF, 0xFF, 0xFF, 0xFF, 0xFF, 0xFF, 0xFF, 0xFF, 0xFF, 0xFF, 0xFF, 0xFF, 0xFF, 0xFF, 0xFF,
    0xFF, 0xFF, 0xFF, 0xFF, 0xFF, 0xFF, 0xFF, 0xFF, 0xFF, 0xFF, 0xFF, 0xFF, 0xFF, 0xFF, 0xFF, 0xFF,
    0xFF, 0xFF, 0xFF, 0xFF, 0xFF, 0xFF, 0xFF, 0xFF, 0xFF, 0xFF, 0xFF, 0xFF, 0xFF, 0xFF, 0xFF, 0xFF,
    0xFF, 0xFF, 0xFF, 0xFF, 0xFF, 0xFF, 0xFF, 0xFF, 0xFF, 0xFF, 0xFF, 0xFF, 0xFF, 0xFF, 0xFF, 0xFF,
    0xFF, 0xFF, 0xFF, 0xFF, 0xFF, 0xFF, 0xFF, 0xFF, 0xFF, 0xFF, 0xFF, 0xFF, 0xFF, 0xFF, 0xFF, 0xFF,
    0xFF, 0xFF, 0xFF, 0xFF, 0xFF, 0xFF, 0xFF, 0xFF, 0xFF, 0xFF, 0xFF, 0xFF, 0xFF, 0xFF, 0xFF, 0xFF,
    0xFF, 0xFF, 0xFF, 0xFF, 0xFF, 0xFF, 0xFF, 0xFF, 0xFF, 0xFF, 0xFF, 0xFF, 0xFF, 0xFF, 0xFF, 0xFF,
    0xFF, 0xFF, 0xFF, 0xFF, 0xFF, 0xFF, 0xFF, 0xFF, 0xFF, 0xFF, 0xFF, 0xFF, 0xFF, 0xFF, 0xFF, 0xFF,
    0xFF, 0xFF, 0xFF, 0xFF, 0xFF, 0xFF, 0xFF, 0xFF, 0xFF, 0xFF, 0xFF, 0xFF, 0xFF, 0xFF, 0xFF, 0xFF,
    0xFF, 0xFF, 0xFF, 0xFF, 0xFF, 0xFF, 0xFF, 0xFF, 0xFF, 0xFF, 0xFF, 0xFF, 0xFF, 0xFF, 0xFF, 0xFF,
    0xFF, 0xFF, 0xFF, 0xFF, 0xFF, 0xFF, 0xFF, 0xFF, 0xFF, 0xFF, 0xFF, 0xFF, 0xFF, 0xFF, 0xFF, 0xFF,
    0xFF, 0xFF, 0xFF, 0xFF, 0xFF, 0xFF, 0xFF, 0xFF, 0xFF, 0xFF, 0xFF, 0xFF, 0xFF, 0xFF, 0xFF, 0xFF,
    0xFF, 0xFF, 0xFF, 0xFF, 0xFF, 0xFF, 0xFF, 0xFF, 0xFF, 0xFF, 0xFF, 0xFF, 0xFF, 0xFF, 0xFF, 0xFF,
    0xFF, 0xFF, 0xFF, 0xFF, 0xFF, 0xFF, 0xFF, 0xFF, 0xFF, 0xFF, 0xFF, 0xFF, 0xFF, 0xFF, 0xFF, 0xFF,
    0xFF, 0xFF, 0xFF, 0xFF, 0xFF, 0xFF, 0xFF, 0xFF, 0xFF, 0xFF, 0xFF, 0xFF, 0xFF, 0xFF, 0xFF, 0xFF,
    0xFF, 0xFF, 0xFF, 0xFF, 0xFF, 0xFF, 0xFF, 0xFF, 0xFF, 0xFF, 0xFF, 0xFF, 0xFF, 0xFF, 0xFF, 0xFF,
    0xFF, 0xFF, 0xFF, 0xFF, 0xFF, 0xFF, 0xFF, 0xFF, 0xFF, 0xFF, 0xFF, 0xFF, 0xFF, 0xFF, 0xFF, 0xFF,
    0xFF, 0xFF, 0xFF, 0xFF, 0xFF, 0xFF, 0xFF, 0xFF, 0xFF, 0xFF, 0xFF, 0xFF, 0xFF, 0xFF, 0xFF, 0xFF,
    0xFF, 0xFF, 0xFF, 0xFF, 0xFF, 0xFF, 0xFF, 0xFF, 0xFF, 0xFF, 0xFF, 0xFF, 0xFF, 0xFF, 0xFF, 0xFF,
    0xFF, 0xFF, 0xFF, 0xFF, 0xFF, 0xFF, 0xFF, 0xFF, 0xFF, 0xFF, 0xFF, 0xFF, 0xFF, 0xFF, 0xFF, 0xFF,
    0xFF, 0xFF, 0xFF, 0xFF, 0xFF, 0xFF, 0xFF, 0xFF, 0xFF, 0xFF, 0xFF, 0xFF, 0xFF, 0xFF, 0xFF, 0xFF,
    0xFF, 0xFF, 0xFF, 0xFF, 0xFF, 0xFF, 0xFF, 0xFF, 0xFF, 0xFF, 0xFF, 0xFF, 0xFF, 0xFF, 0xFF, 0xFF,
    0xFF, 0xFF, 0xFF, 0xFF, 0xFF, 0xFF, 0xFF, 0xFF, 0xFF, 0xFF, 0xFF, 0xFF, 0xFF, 0xFF, 0xFF, 0xFF,
    0xFF, 0xFF, 0xFF, 0xFF, 0xFF, 0xFF, 0xFF, 0xFF, 0xFF, 0xFF, 0xFF, 0xFF, 0xFF, 0xFF, 0xFF, 0xFF,
    0xFF, 0xFF, 0xFF, 0xFF, 0xFF, 0xFF, 0xFF, 0xFF, 0xFF, 0xFF, 0xFF, 0xFF, 0xFF, 0xFF, 0xFF, 0xFF,
    0xFF, 0xFF, 0xFF, 0xFF, 0xFF, 0xFF, 0xFF, 0xFF, 0xFF, 0xFF, 0xFF, 0xFF, 0xFF, 0xFF, 0xFF, 0xFF,
    0xFF, 0xFF, 0xFF, 0xFF, 0xFF, 0xFF, 0xFF, 0xFF, 0xFF, 0xFF, 0xFF, 0xFF, 0xFF, 0xFF, 0xFF, 0xFF,
    0xFF, 0xFF, 0xFF, 0xFF, 0xFF, 0xFF, 0xFF, 0xFF, 0xFF, 0xFF, 0xFF, 0xFF, 0xFF, 0xFF, 0xFF, 0xFF,
    0xFF, 0xFF, 0xFF, 0xFF, 0xFF, 0xFF, 0xFF, 0xFF, 0xFF, 0xFF, 0xFF, 0xFF, 0xFF, 0xFF, 0xFF, 0xFF,
    0xFF, 0xFF, 0xFF, 0xFF, 0xFF, 0xFF, 0xFF, 0xFF, 0xFF, 0xFF, 0xFF, 0xFF, 0xFF, 0xFF, 0xFF, 0xFF,
    0xFF, 0xFF, 0xFF, 0xFF, 0xFF, 0xFF, 0xFF, 0xFF, 0xFF, 0xFF, 0xFF, 0xFF, 0xFF, 0xFF, 0xFF, 0xFF,
    0xFF, 0xFF, 0xFF, 0xFF, 0xFF, 0xFF, 0xFF, 0xFF, 0xFF, 0xFF, 0xFF, 0xFF, 0xFF, 0xFF, 0xFF, 0xFF,
    0xFF, 0xFF, 0xFF, 0xFF, 0xFF, 0xFF, 0xFF, 0xFF, 0xFF, 0xFF, 0xFF, 0xFF, 0xFF, 0xFF, 0xFF, 0xFF,
    0xFF, 0xFF, 0xFF, 0xFF, 0xFF, 0xFF, 0xFF, 0xFF, 0xFF, 0xFF, 0xFF, 0xFF, 0xFF, 0xFF, 0xFF, 0xFF,
    0xFF, 0xFF, 0xFF, 0xFF, 0xFF, 0xFF, 0xFF, 0xFF, 0xFF, 0xFF, 0xFF, 0xFF, 0xFF, 0xFF, 0xFF, 0xFF,
    0xFF, 0xFF, 0xFF, 0xFF, 0xFF, 0xFF, 0xFF, 0xFF, 0xFF, 0xFF, 0xFF, 0xFF, 0xFF, 0xFF, 0xFF, 0xFF,
    0xFF, 0xFF, 0xFF, 0xFF, 0xFF, 0xFF, 0xFF, 0xFF, 0xFF, 0xFF, 0xFF, 0xFF, 0xFF, 0xFF, 0xFF, 0xFF,
    0xFF, 0xFF, 0xFF, 0xFF, 0xFF, 0xFF, 0xFF, 0xFF, 0xFF, 0xFF, 0xFF, 0xFF, 0xFF, 0xFF, 0xFF, 0xFF,
    0xFF, 0xFF, 0xFF, 0xFF, 0xFF, 0xFF, 0xFF, 0xFF, 0xFF, 0xFF, 0xFF, 0xFF, 0xFF, 0xFF, 0xFF, 0xFF,
    0xFF, 0xFF, 0xFF, 0xFF, 0xFF, 0xFF, 0xFF, 0xFF, 0xFF, 0xFF, 0xFF, 0xFF, 0xFF, 0xFF, 0xFF, 0xFF,
    0xFF, 0xFF, 0xFF, 0xFF, 0xFF, 0xFF, 0xFF, 0xFF, 0xFF, 0xFF, 0xFF, 0xFF, 0xFF, 0xFF, 0xFF, 0xFF,
    0xFF, 0xFF, 0xFF, 0xFF, 0xFF, 0xFF, 0xFF, 0xFF, 0xFF, 0xFF, 0xFF, 0xFF, 0xFF, 0xFF, 0xFF, 0xFF,
    0xFF, 0xFF, 0xFF, 0xFF, 0xFF, 0xFF, 0xFF, 0xFF, 0xFF, 0xFF, 0xFF, 0xFF, 0xFF, 0xFF, 0xFF, 0xFF,
    0xFF, 0xFF, 0xFF, 0xFF, 0xFF, 0xFF, 0xFF, 0xFF, 0xFF, 0xFF, 0xFF, 0xFF, 0xFF, 0xFF, 0xFF, 0xFF,
    0xFF, 0xFF, 0xFF, 0xFF, 0xFF, 0xFF, 0xFF, 0xFF, 0xFF, 0xFF, 0xFF, 0xFF, 0xFF, 0xFF, 0xFF, 0xFF,
    0xFF, 0xFF, 0xFF, 0xFF, 0xFF, 0xFF, 0xFF, 0xFF, 0xFF, 0xFF, 0xFF, 0xFF, 0xFF, 0xFF, 0xFF, 0xFF,
    0xFF, 0xFF, 0xFF, 0xFF, 0xFF, 0xFF, 0xFF, 0xFF, 0xFF, 0xFF, 0xFF, 0xFF, 0xFF, 0xFF, 0xFF, 0xFF,
    0xFF, 0xFF, 0xFF, 0xFF, 0xFF, 0xFF, 0xFF, 0xFF, 0xFF, 0xFF, 0xFF, 0xFF, 0xFF, 0xFF, 0xFF, 0xFF,
    0xFF, 0xFF, 0xFF, 0xFF, 0xFF, 0xFF, 0xFF, 0xFF, 0xFF, 0xFF, 0xFF, 0xFF, 0xFF, 0xFF, 0xFF, 0xFF,
    0xFF, 0xFF, 0xFF, 0xFF, 0xFF, 0xFF, 0xFF, 0xFF, 0xFF, 0xFF, 0xFF, 0xFF, 0xFF, 0xFF, 0xFF, 0xFF,
    0xFF, 0xFF, 0xFF, 0xFF, 0xFF, 0xFF, 0xFF, 0xFF, 0xFF, 0xFF, 0xFF, 0xFF, 0xFF, 0xFF, 0xFF, 0xFF,
    0xFF, 0xFF, 0xFF, 0xFF, 0xFF, 0xFF, 0xFF, 0xFF, 0xFF, 0xFF, 0xFF, 0xFF, 0xFF, 0xFF, 0xFF, 0xFF,
    0xFF, 0xFF, 0xFF, 0xFF, 0xFF, 0xFF, 0xFF, 0xFF, 0xFF, 0xFF, 0xFF, 0xFF, 0xFF, 0xFF, 0xFF, 0xFF,
    0xFF, 0xFF, 0xFF, 0xFF, 0xFF, 0xFF, 0xFF, 0xFF, 0xFF, 0xFF, 0xFF, 0xFF, 0xFF, 0xFF, 0xFF, 0xFF,
    0xFF, 0xFF, 0xFF, 0xFF, 0xFF, 0xFF, 0xFF, 0xFF, 0xFF, 0xFF, 0xFF, 0xFF, 0xFF, 0xFF, 0xFF, 0xFF,
    0xFF, 0xFF, 0xFF, 0xFF, 0xFF, 0xFF, 0xFF, 0xFF, 0xFF, 0xFF, 0xFF, 0xFF, 0xFF, 0xFF, 0xFF, 0xFF,
    0xFF, 0xFF, 0xFF, 0xFF, 0xFF, 0xFF, 0xFF, 0xFF, 0xFF, 0xFF, 0xFF, 0xFF, 0xFF, 0xFF, 0xFF, 0xFF,
    0xFF, 0xFF, 0xFF, 0xFF, 0xFF, 0xFF, 0xFF, 0xFF, 0xFF, 0xFF, 0xFF, 0xFF, 0xFF, 0xFF, 0xFF, 0xFF,
    0xFF, 0xFF, 0xFF, 0xFF, 0xFF, 0xFF, 0xFF, 0xFF, 0xFF, 0xFF, 0xFF, 0xFF, 0xFF, 0xFF, 0xFF, 0xFF,
    0xFF, 0xFF, 0xFF, 0xFF, 0xFF, 0xFF, 0xFF, 0xFF, 0xFF, 0xFF, 0xFF, 0xFF, 0xFF, 0xFF, 0xFF, 0xFF,
    0xFF, 0xFF, 0xFF, 0xFF, 0xFF, 0xFF, 0xFF, 0xFF, 0xFF, 0xFF, 0xFF, 0xFF, 0xFF, 0xFF, 0xFF, 0xFF,
    0xFF, 0xFF, 0xFF, 0xFF, 0xFF, 0xFF, 0xFF, 0xFF, 0xFF, 0xFF, 0xFF, 0xFF, 0xFF, 0xFF, 0xFF, 0xFF,
    0xFF, 0xFF, 0xFF, 0xFF, 0xFF, 0xFF, 0xFF, 0xFF, 0xFF, 0xFF, 0xFF, 0xFF, 0xFF, 0xFF, 0xFF, 0xFF,
    0xFF, 0xFF, 0xFF, 0xFF, 0xFF, 0xFF, 0xFF, 0xFF, 0xFF, 0xFF, 0xFF, 0xFF, 0xFF, 0xFF, 0xFF, 0xFF,
    0xFF, 0xFF, 0xFF, 0xFF, 0xFF, 0xFF, 0xFF, 0xFF, 0xFF, 0xFF, 0xFF, 0xFF, 0xFF, 0xFF, 0xFF, 0xFF,
    0xFF, 0xFF, 0xFF, 0xFF, 0xFF, 0xFF, 0xFF, 0xFF, 0xFF, 0xFF, 0xFF, 0xFF, 0xFF, 0xFF, 0xFF, 0xFF,
    0xFF, 0xFF, 0xFF, 0xFF, 0xFF, 0xFF, 0xFF, 0xFF, 0xFF, 0xFF, 0xFF, 0xFF, 0xFF, 0xFF, 0xFF, 0xFF,
    0xFF, 0xFF, 0xFF, 0xFF, 0xFF, 0xFF, 0xFF, 0xFF, 0xFF, 0xFF, 0xFF, 0xFF, 0xFF, 0xFF, 0xFF, 0xFF,
    0xFF, 0xFF, 0xFF, 0xFF, 0xFF, 0xFF, 0xFF, 0xFF, 0xFF, 0xFF, 0xFF, 0xFF, 0xFF, 0xFF, 0xFF, 0xFF,
    0xFF, 0xFF, 0xFF, 0xFF, 0xFF, 0xFF, 0xFF, 0xFF, 0xFF, 0xFF, 0xFF, 0xFF, 0xFF, 0xFF, 0xFF, 0xFF,
    0xFF, 0xFF, 0xFF, 0xFF, 0xFF, 0xFF, 0xFF, 0xFF, 0xFF, 0xFF, 0xFF, 0xFF, 0xFF, 0xFF, 0xFF, 0xFF,
    0xFF, 0xFF, 0xFF, 0xFF, 0xFF, 0xFF, 0xFF, 0xFF, 0xFF, 0xFF, 0xFF, 0xFF, 0xFF, 0xFF, 0xFF, 0xFF,
    0xFF, 0xFF, 0xFF, 0xFF, 0xFF, 0xFF, 0xFF, 0xFF, 0xFF, 0xFF, 0xFF, 0xFF, 0xFF, 0xFF, 0xFF, 0xFF,
    0xFF, 0xFF, 0xFF, 0xFF, 0xFF, 0xFF, 0xFF, 0xFF, 0xFF, 0xFF, 0xFF, 0xFF, 0xFF, 0xFF, 0xFF, 0xFF,
    0xFF, 0xFF, 0xFF, 0xFF, 0xFF, 0xFF, 0xFF, 0xFF, 0xFF, 0xFF, 0xFF, 0xFF, 0xFF, 0xFF, 0xFF, 0xFF,
    0xFF, 0xFF, 0xFF, 0xFF, 0xFF, 0xFF, 0xFF, 0xFF, 0xFF, 0xFF, 0xFF, 0xFF, 0xFF, 0xFF, 0xFF, 0xFF,
    0xFF, 0xFF, 0xFF, 0xFF, 0xFF, 0xFF, 0xFF, 0xFF, 0xFF, 0xFF, 0xFF, 0xFF, 0xFF, 0xFF, 0xFF, 0xFF,
    0xFF, 0xFF, 0xFF, 0xFF, 0xFF, 0xFF, 0xFF, 0xFF, 0xFF, 0xFF, 0xFF, 0xFF, 0xFF, 0xFF, 0xFF, 0xFF,
    0xFF, 0xFF, 0xFF, 0xFF, 0xFF, 0xFF, 0xFF, 0xFF, 0xFF, 0xFF, 0xFF, 0xFF, 0xFF, 0xFF, 0xFF, 0xFF,
    0xFF, 0xFF, 0xFF, 0xFF, 0xFF, 0xFF, 0xFF, 0xFF, 0xFF, 0xFF, 0xFF, 0xFF, 0xFF, 0xFF, 0xFF, 0xFF,
    0xFF, 0xFF, 0xFF, 0xFF, 0xFF, 0xFF, 0xFF, 0xFF, 0xFF, 0xFF, 0xFF, 0xFF, 0xFF, 0xFF, 0xFF, 0xFF,
    0xFF, 0xFF, 0xFF, 0xFF, 0xFF, 0xFF, 0xFF, 0xFF, 0xFF, 0xFF, 0xFF, 0xFF, 0xFF, 0xFF, 0xFF, 0xFF,
    0xFF, 0xFF, 0xFF, 0xFF, 0xFF, 0xFF, 0xFF, 0xFF, 0xFF, 0xFF, 0xFF, 0xFF, 0xFF, 0xFF, 0xFF, 0xFF,
    0xFF, 0xFF, 0xFF, 0xFF, 0xFF, 0xFF, 0xFF, 0xFF, 0xFF, 0xFF, 0xFF, 0xFF, 0xFF, 0xFF, 0xFF, 0xFF,
    0xFF, 0xFF, 0xFF, 0xFF, 0xFF, 0xFF, 0xFF, 0xFF, 0xFF, 0xFF, 0xFF, 0xFF, 0xFF, 0xFF, 0xFF, 0xFF,
    0xFF, 0xFF, 0xFF, 0xFF, 0xFF, 0xFF, 0xFF, 0xFF, 0xFF, 0xFF, 0xFF, 0xFF, 0xFF, 0xFF, 0xFF, 0xFF,
    0xFF, 0xFF, 0xFF, 0xFF, 0xFF, 0xFF, 0xFF, 0xFF, 0xFF, 0xFF, 0xFF, 0xFF, 0xFF, 0xFF, 0xFF, 0xFF,
    0xFF, 0xFF, 0xFF, 0xFF, 0xFF, 0xFF, 0xFF, 0xFF, 0xFF, 0xFF, 0xFF, 0xFF, 0xFF, 0xFF, 0xFF, 0xFF,
    0xFF, 0xFF, 0xFF, 0xFF, 0xFF, 0xFF, 0xFF, 0xFF, 0xFF, 0xFF, 0xFF, 0xFF, 0xFF, 0xFF, 0xFF, 0xFF,
    0xFF, 0xFF, 0xFF, 0xFF, 0xFF, 0xFF, 0xFF, 0xFF, 0xFF, 0xFF, 0xFF, 0xFF, 0xFF, 0xFF, 0xFF, 0xFF,
    0xFF, 0xFF, 0xFF, 0xFF, 0xFF, 0xFF, 0xFF, 0xFF, 0xFF, 0xFF, 0xFF, 0xFF, 0xFF, 0xFF, 0xFF, 0xFF,
    0xFF, 0xFF, 0xFF, 0xFF, 0xFF, 0xFF, 0xFF, 0xFF, 0xFF, 0xFF, 0xFF, 0xFF, 0xFF, 0xFF, 0xFF, 0xFF,
    0xFF, 0xFF, 0xFF, 0xFF, 0xFF, 0xFF, 0xFF, 0xFF, 0xFF, 0xFF, 0xFF, 0xFF, 0xFF, 0xFF, 0xFF, 0xFF,
    0xFF, 0xFF, 0xFF, 0xFF, 0xFF, 0xFF, 0xFF, 0xFF, 0xFF, 0xFF, 0xFF, 0xFF, 0xFF, 0xFF, 0xFF, 0xFF,
    0xFF, 0xFF, 0xFF, 0xFF, 0xFF, 0xFF, 0xFF, 0xFF, 0xFF, 0xFF, 0xFF, 0xFF, 0xFF, 0xFF, 0xFF, 0xFF,
    0xFF, 0xFF, 0xFF, 0xFF, 0xFF, 0xFF, 0xFF, 0xFF, 0xFF, 0xFF, 0xFF, 0xFF, 0xFF, 0xFF, 0xFF, 0xFF,
    0xFF, 0xFF, 0xFF, 0xFF, 0xFF, 0xFF, 0xFF, 0xFF, 0xFF, 0xFF, 0xFF, 0xFF, 0xFF, 0xFF, 0xFF, 0xFF,
    0xFF, 0xFF, 0xFF, 0xFF, 0xFF, 0xFF, 0xFF, 0xFF, 0xFF, 0xFF, 0xFF, 0xFF, 0xFF, 0xFF, 0xFF, 0xFF,
    0xFF, 0xFF, 0xFF, 0xFF, 0xFF, 0xFF, 0xFF, 0xFF, 0xFF, 0xFF, 0xFF, 0xFF, 0xFF, 0xFF, 0xFF, 0xFF,
    0xFF, 0xFF, 0xFF, 0xFF, 0xFF, 0xFF, 0xFF, 0xFF, 0xFF, 0xFF, 0xFF, 0xFF, 0xFF, 0xFF, 0xFF, 0xFF,
    0xFF, 0xFF, 0xFF, 0xFF, 0xFF, 0xFF, 0xFF, 0xFF, 0xFF, 0xFF, 0xFF, 0xFF, 0xFF, 0xFF, 0xFF, 0xFF,
    0xFF, 0xFF, 0xFF, 0xFF, 0xFF, 0xFF, 0xFF, 0xFF, 0xFF, 0xFF, 0xFF, 0xFF, 0xFF, 0xFF, 0xFF, 0xFF,
    0xFF, 0xFF, 0xFF, 0xFF, 0xFF, 0xFF, 0xFF, 0xFF, 0xFF, 0xFF, 0xFF, 0xFF, 0xFF, 0xFF, 0xFF, 0xFF,
    0xFF, 0xFF, 0xFF, 0xFF, 0xFF, 0xFF, 0xFF, 0xFF, 0xFF, 0xFF, 0xFF, 0xFF, 0xFF, 0xFF, 0xFF, 0xFF,
    0xFF, 0xFF, 0xFF, 0xFF, 0xFF, 0xFF, 0xFF, 0xFF, 0xFF, 0xFF, 0xFF, 0xFF, 0xFF, 0xFF, 0xFF, 0xFF,
    0xFF, 0xFF, 0xFF, 0xFF, 0xFF, 0xFF, 0xFF, 0xFF, 0xFF, 0xFF, 0xFF, 0xFF, 0xFF, 0xFF, 0xFF, 0xFF,
    0xFF, 0xFF, 0xFF, 0xFF, 0xFF, 0xFF, 0xFF, 0xFF, 0xFF, 0xFF, 0xFF, 0xFF, 0xFF, 0xFF, 0xFF, 0xFF,
    0xFF, 0xFF, 0xFF, 0xFF, 0xFF, 0xFF, 0xFF, 0xFF, 0xFF, 0xFF, 0xFF, 0xFF, 0xFF, 0xFF, 0xFF, 0xFF,
    0xFF, 0xFF, 0xFF, 0xFF, 0xFF, 0xFF, 0xFF, 0xFF, 0xFF, 0xFF, 0xFF, 0xFF, 0xFF, 0xFF, 0xFF, 0xFF,
    0xFF, 0xFF, 0xFF, 0xFF, 0xFF, 0xFF, 0xFF, 0xFF, 0xFF, 0xFF, 0xFF, 0xFF, 0xFF, 0xFF, 0xFF, 0xFF,
    0xFF, 0xFF, 0xFF, 0xFF, 0xFF, 0xFF, 0xFF, 0xFF, 0xFF, 0xFF, 0xFF, 0xFF, 0xFF, 0xFF, 0xFF, 0xFF,
    0xFF, 0xFF, 0xFF, 0xFF, 0xFF, 0xFF, 0xFF, 0xFF, 0xFF, 0xFF, 0xFF, 0xFF, 0xFF, 0xFF, 0xFF, 0xFF,
    0xFF, 0xFF, 0xFF, 0xFF, 0xFF, 0xFF, 0xFF, 0xFF, 0x2C, 0x43, 0xD3, 0xBC, 0x2C, 0x03, 0xD3, 0xFC,
};
// Generated from: doc/p8000/eproms/WDC/WDC_1_4.0_05 + doc/p8000/eproms/WDC/WDC_2_4.0_05
// Size: 8192 bytes
static constexpr uint8_t P8K_WDC_4_0_05[8192] = {
    0x18, 0x0C, 0x57, 0x44, 0x43, 0x5F, 0x56, 0x2E, 0x34, 0x2E, 0x30, 0x2E, 0x30, 0x35, 0x31, 0x80,
    0x30, 0x2A, 0xF8, 0x1F, 0xED, 0x5B, 0xFA, 0x1F, 0x19, 0x23, 0x7C, 0xB5, 0xC2, 0x57, 0x00, 0x2A,
    0xFC, 0x1F, 0xED, 0x5B, 0xFE, 0x1F, 0x19, 0x23, 0x7C, 0xB5, 0xC2, 0x57, 0x00, 0x21, 0x00, 0x00,
    0x01, 0x00, 0x10, 0xCD, 0x95, 0x14, 0x2A, 0xF8, 0x1F, 0x7A, 0x53, 0x5F, 0xAF, 0xED, 0x52, 0xC2,
    0x57, 0x00, 0x21, 0x00, 0x10, 0x01, 0xF8, 0x0F, 0xCD, 0x95, 0x14, 0x2A, 0xFC, 0x1F, 0x7A, 0x53,
    0x5F, 0xAF, 0xED, 0x52, 0xCA, 0x5C, 0x00, 0x3E, 0x06, 0xD3, 0x18, 0x76, 0x21, 0x00, 0x20, 0x11,
    0x01, 0x20, 0x36, 0x81, 0x01, 0xFF, 0x17, 0xED, 0xB0, 0x21, 0xA0, 0x30, 0x7C, 0xED, 0x47, 0xED,
    0x5E, 0xFB, 0x3E, 0x03, 0xD3, 0x70, 0xD3, 0x71, 0xD3, 0x72, 0xD3, 0x73, 0x7D, 0xD3, 0x70, 0x21,
    0x13, 0x0A, 0x22, 0xA0, 0x30, 0x21, 0x33, 0x0A, 0x22, 0xA2, 0x30, 0x21, 0xDA, 0x13, 0x22, 0xA4,
    0x30, 0x21, 0x33, 0x0A, 0x22, 0xA6, 0x30, 0x06, 0x0A, 0x21, 0xDC, 0x31, 0x36, 0x00, 0x23, 0x10,
    0xFB, 0x21, 0x2F, 0x31, 0x36, 0x00, 0x21, 0xA0, 0x31, 0x36, 0x00, 0x21, 0xDB, 0x31, 0x01, 0xAA,
    0x31, 0xAF, 0xED, 0x42, 0x45, 0x04, 0x21, 0xAA, 0x31, 0xAF, 0x77, 0x23, 0x10, 0xFC, 0x3E, 0x00,
    0x32, 0x2B, 0x31, 0x3E, 0x92, 0xD3, 0x58, 0x3E, 0x12, 0x32, 0x2D, 0x31, 0xD3, 0x58, 0x3E, 0x00,
    0x32, 0x2C, 0x31, 0xD3, 0x48, 0x21, 0xFF, 0xFF, 0x22, 0x94, 0x31, 0x22, 0x96, 0x31, 0x22, 0x98,
    0x31, 0x3A, 0x2D, 0x31, 0xE6, 0xF0, 0x47, 0xF6, 0x07, 0x32, 0x7A, 0x31, 0x78, 0xF6, 0x02, 0x32,
    0x7B, 0x31, 0x78, 0xF6, 0x05, 0x32, 0x7C, 0x31, 0x78, 0xF6, 0x07, 0x32, 0x7D, 0x31, 0x78, 0xF6,
    0x03, 0x32, 0x7F, 0x31, 0x78, 0xF6, 0x04, 0x32, 0x7E, 0x31, 0xCB, 0xD8, 0x78, 0xF6, 0x0D, 0x32,
    0x80, 0x31, 0x78, 0xF6, 0x0B, 0x32, 0x81, 0x31, 0x78, 0xF6, 0x0F, 0x32, 0x82, 0x31, 0x21, 0x00,
    0x04, 0x22, 0x13, 0x31, 0x21, 0x00, 0x00, 0x3E, 0x00, 0x06, 0x05, 0x16, 0x00, 0x1E, 0x12, 0x19,
    0x30, 0x01, 0x3C, 0x10, 0xFA, 0x22, 0x19, 0x31, 0x32, 0x1B, 0x31, 0x21, 0x00, 0x00, 0x22, 0x15,
    0x31, 0x22, 0x17, 0x31, 0x16, 0x00, 0x1E, 0x12, 0x21, 0xFF, 0x03, 0xE5, 0x06, 0x05, 0x2A, 0x15,
    0x31, 0x19, 0x22, 0x15, 0x31, 0x30, 0x08, 0xAF, 0x2A, 0x17, 0x31, 0x23, 0x22, 0x17, 0x31, 0x10,
    0xED, 0xE1, 0x2B, 0x7C, 0xB5, 0xC2, 0x4B, 0x01, 0x21, 0x15, 0x31, 0x06, 0x04, 0x35, 0x7E, 0xFE,
    0xFF, 0x20, 0x03, 0x23, 0x10, 0xF7, 0x21, 0xBF, 0x14, 0xCD, 0x44, 0x03, 0x22, 0xFC, 0x31, 0x21,
    0xCF, 0x14, 0xCD, 0x44, 0x03, 0x22, 0xFE, 0x31, 0x3E, 0x87, 0x32, 0x38, 0x31, 0x06, 0x0F, 0x04,
    0x04, 0x3E, 0x12, 0xD3, 0x58, 0xDB, 0x88, 0xCB, 0x57, 0x28, 0x0D, 0x11, 0x64, 0x00, 0xCD, 0x85,
    0x14, 0x10, 0xF2, 0x21, 0x38, 0x31, 0xCB, 0x86, 0x06, 0x02, 0x3E, 0x22, 0xD3, 0x58, 0xDB, 0x88,
    0xCB, 0x57, 0x28, 0x0D, 0x11, 0x64, 0x00, 0xCD, 0x85, 0x14, 0x10, 0xF2, 0x21, 0x38, 0x31, 0xCB,
    0x8E, 0x06, 0x02, 0x3E, 0x32, 0xD3, 0x58, 0xDB, 0x88, 0xCB, 0x57, 0x28, 0x0D, 0x11, 0x64, 0x00,
    0xCD, 0x85, 0x14, 0x10, 0xF2, 0x21, 0x38, 0x31, 0xCB, 0x96, 0x21, 0x38, 0x31, 0x7E, 0xFE, 0x80,
    0x20, 0x05, 0xCB, 0xF6, 0xC3, 0x73, 0x03, 0x3A, 0x2C, 0x31, 0xCB, 0x9F, 0x32, 0x2C, 0x31, 0xD3,
    0x48, 0x21, 0x38, 0x31, 0xCB, 0x46, 0xCA, 0x13, 0x02, 0x3E, 0x12, 0xD3, 0x58, 0xCD, 0x08, 0x03,
    0x28, 0x0B, 0x21, 0x38, 0x31, 0xCB, 0xDE, 0xCB, 0x86, 0xCB, 0xF6, 0x18, 0x06, 0x21, 0x00, 0x00,
    0x22, 0x94, 0x31, 0x21, 0x38, 0x31, 0xCB, 0x4E, 0xCA, 0x35, 0x02, 0x3E, 0x22, 0xD3, 0x58, 0xCD,
    0x08, 0x03, 0x28, 0x0B, 0x21, 0x38, 0x31, 0xCB, 0xE6, 0xCB, 0x8E, 0xCB, 0xF6, 0x18, 0x06, 0x21,
    0x00, 0x00, 0x22, 0x96, 0x31, 0x21, 0x38, 0x31, 0xCB, 0x56, 0xCA, 0x57, 0x02, 0x3E, 0x32, 0xD3,
    0x58, 0xCD, 0x08, 0x03, 0x28, 0x0B, 0x21, 0x38, 0x31, 0xCB, 0xEE, 0xCB, 0x96, 0xCB, 0xF6, 0x18,
    0x06, 0x21, 0x00, 0x00, 0x22, 0x98, 0x31, 0x11, 0x24, 0x31, 0x21, 0xF8, 0x14, 0x01, 0x05, 0x00,
    0xED, 0xB0, 0x21, 0x38, 0x31, 0xCB, 0x46, 0xCA, 0x98, 0x02, 0x21, 0x7A, 0x31, 0x06, 0x09, 0x0E,
    0x10, 0x7E, 0xE6, 0x0F, 0xB1, 0x77, 0x23, 0x10, 0xF8, 0x3E, 0x00, 0x32, 0xE8, 0x30, 0xCD, 0x4C,
    0x03, 0xCD, 0xAF, 0x05, 0x28, 0x12, 0x21, 0x2F, 0x31, 0xFE, 0x06, 0x28, 0x04, 0xCB, 0xC6, 0x18,
    0x02, 0xCB, 0xDE, 0x21, 0x38, 0x31, 0xCB, 0xF6, 0x21, 0x38, 0x31, 0xCB, 0x4E, 0xCA, 0xCE, 0x02,
    0x21, 0x7A, 0x31, 0x06, 0x09, 0x0E, 0x20, 0x7E, 0xE6, 0x0F, 0xB1, 0x77, 0x23, 0x10, 0xF8, 0x3E,
    0x01, 0x32, 0xE8, 0x30, 0xCD, 0x4C, 0x03, 0xCD, 0xAF, 0x05, 0x28, 0x12, 0x21, 0x2F, 0x31, 0xFE,
    0x06, 0x28, 0x04, 0xCB, 0xCE, 0x18, 0x02, 0xCB, 0xE6, 0x21, 0x38, 0x31, 0xCB, 0xF6, 0x21, 0x38,
    0x31, 0xCB, 0x56, 0xCA, 0x73, 0x03, 0x21, 0x7A, 0x31, 0x06, 0x09, 0x0E, 0x30, 0x7E, 0xE6, 0x0F,
    0xB1, 0x77, 0x23, 0x10, 0xF8, 0x3E, 0x02, 0x32, 0xE8, 0x30, 0xCD, 0x4C, 0x03, 0xCD, 0xAF, 0x05,
    0xCA, 0x73, 0x03, 0x21, 0x2F, 0x31, 0xFE, 0x06, 0x28, 0x04, 0xCB, 0xD6, 0x18, 0x02, 0xCB, 0xEE,
    0x21, 0x38, 0x31, 0xCB, 0xF6, 0xC3, 0x73, 0x03, 0x21, 0x01, 0x04, 0x01, 0x90, 0x01, 0xDB, 0x88,
    0xCB, 0x5F, 0x28, 0x0D, 0x11, 0x01, 0x00, 0xCD, 0x75, 0x14, 0x0B, 0x78, 0xB1, 0x20, 0xEF, 0x3C,
    0xC9, 0xDB, 0x88, 0xCB, 0x77, 0xC8, 0x3A, 0x2C, 0x31, 0xCB, 0xC7, 0xD3, 0x48, 0x00, 0x00, 0x00,
    0xCB, 0x87, 0xD3, 0x48, 0x2B, 0x7C, 0xB5, 0x20, 0xD2, 0x3C, 0xC9, 0x87, 0x4F, 0x06, 0x00, 0x21,
    0x94, 0x31, 0x09, 0xC9, 0x7E, 0xF5, 0x23, 0x7E, 0x67, 0xF1, 0x6F, 0xC9, 0x3A, 0xE8, 0x30, 0x21,
    0x04, 0x32, 0x22, 0x00, 0x32, 0x21, 0x81, 0x32, 0x11, 0xFE, 0x32, 0xFE, 0x01, 0x38, 0x0B, 0x28,
    0x06, 0xED, 0x53, 0x00, 0x32, 0x18, 0x03, 0x22, 0x00, 0x32, 0x2A, 0x00, 0x32, 0x23, 0x23, 0x22,
    0x02, 0x32, 0xC9, 0x01, 0x09, 0x00, 0x21, 0xEF, 0x30, 0x3E, 0x01, 0xCD, 0x32, 0x13, 0x06, 0x0A,
    0x21, 0xDC, 0x31, 0x34, 0x20, 0x03, 0x23, 0x10, 0xFA, 0x21, 0x38, 0x31, 0xCB, 0x7E, 0x28, 0x26,
    0xCB, 0xBE, 0xCB, 0x76, 0x28, 0x20, 0x7E, 0xE6, 0x3F, 0xCA, 0xA5, 0x03, 0x7E, 0xE6, 0x38, 0x28,
    0x0C, 0xCB, 0x3F, 0xCB, 0x3F, 0xF6, 0x81, 0x32, 0xA0, 0x31, 0xC3, 0x19, 0x14, 0x3A, 0x2F, 0x31,
    0x32, 0xA0, 0x31, 0xC3, 0x19, 0x14, 0x21, 0xE7, 0x30, 0xCB, 0x5E, 0xC2, 0x31, 0x05, 0x2A, 0xED,
    0x30, 0x22, 0x30, 0x31, 0xCD, 0x4C, 0x03, 0x3A, 0xE8, 0x30, 0xE6, 0x03, 0x3C, 0x07, 0x07, 0x07,
    0x07, 0x4F, 0x21, 0x7A, 0x31, 0x06, 0x09, 0x7E, 0xE6, 0x0F, 0xB1, 0x77, 0x23, 0x10, 0xF8, 0x3A,
    0x38, 0x31, 0x47, 0x3A, 0xE8, 0x30, 0xFE, 0x03, 0xD2, 0xEE, 0x13, 0xFE, 0x00, 0xC2, 0xF7, 0x03,
    0xCB, 0x40, 0xCA, 0xEE, 0x13, 0x18, 0x10, 0xFE, 0x01, 0x20, 0x07, 0xCB, 0x48, 0xCA, 0xEE, 0x13,
    0x18, 0x05, 0xCB, 0x50, 0xCA, 0xEE, 0x13, 0x21, 0xE7, 0x30, 0x7E, 0xCB, 0x4F, 0xCA, 0x2B, 0x04,
    0xFE, 0xC2, 0x28, 0x17, 0x21, 0xCF, 0x14, 0xCD, 0x44, 0x03, 0x01, 0x0D, 0x00, 0x09, 0xCB, 0xA4,
    0xED, 0x4B, 0xED, 0x30, 0x09, 0x2B, 0x3E, 0x02, 0xCD, 0x32, 0x13, 0x21, 0xE7, 0x30, 0x7E, 0xCB,
    0x57, 0xC2, 0x87, 0x04, 0xCB, 0x47, 0xC2, 0x3E, 0x04, 0xCB, 0x4F, 0xCA, 0x31, 0x05, 0xCB, 0x6F,
    0x28, 0x23, 0x21, 0xEC, 0x30, 0x11, 0x18, 0x31, 0x06, 0x04, 0x1A, 0xBE, 0x38, 0x0F, 0x20, 0x04,
    0x2B, 0x1B, 0x10, 0xF6, 0xCD, 0xAD, 0x0B, 0xCD, 0xD7, 0x0A, 0xC3, 0x90, 0x04, 0x3E, 0x15, 0x32,
    0xA0, 0x31, 0xC3, 0x19, 0x14, 0xCB, 0x67, 0x28, 0x0C, 0x21, 0xE9, 0x30, 0xCD, 0x91, 0x0A, 0xCD,
    0xD7, 0x0A, 0xC3, 0x90, 0x04, 0xCB, 0x77, 0x28, 0x0E, 0x11, 0x24, 0x31, 0x21, 0xF8, 0x14, 0x01,
    0x05, 0x00, 0xED, 0xB0, 0xC3, 0x90, 0x04, 0x21, 0xE9, 0x30, 0xCD, 0x91, 0x0A, 0xC3, 0x90, 0x04,
    0x2A, 0x25, 0x31, 0x01, 0x00, 0x04, 0xAF, 0xED, 0x42, 0xD2, 0xF2, 0x13, 0x3A, 0x7B, 0x31, 0xD3,
    0x58, 0x3A, 0xE8, 0x30, 0x87, 0x4F, 0x06, 0x00, 0x21, 0x94, 0x31, 0x09, 0x4E, 0x23, 0x46, 0x03,
    0x78, 0xB1, 0xCA, 0x06, 0x14, 0x0B, 0x2A, 0x25, 0x31, 0xAF, 0xED, 0x42, 0xCA, 0x19, 0x05, 0xDA,
    0xCE, 0x04, 0x3A, 0x2C, 0x31, 0xCB, 0xDF, 0x32, 0x2C, 0x31, 0xD3, 0x48, 0x18, 0x12, 0x3A, 0x2C,
    0x31, 0xCB, 0x9F, 0x32, 0x2C, 0x31, 0xD3, 0x48, 0xE5, 0xC1, 0x21, 0x00, 0x00, 0xAF, 0xED, 0x42,
    0xE5, 0x01, 0x0C, 0x00, 0xED, 0x42, 0xE1, 0x00, 0x00, 0xCD, 0x43, 0x14, 0x18, 0x03, 0xCD, 0x54,
    0x14, 0xDB, 0x88, 0xCB, 0x5F, 0x20, 0xFA, 0x2A, 0x25, 0x31, 0x7C, 0xB5, 0x20, 0x0E, 0xDB, 0x88,
    0xCB, 0x77, 0x28, 0x08, 0x3E, 0x11, 0x32, 0xA0, 0x31, 0xC3, 0x19, 0x14, 0x3A, 0xE8, 0x30, 0xCD,
    0x3B, 0x03, 0xED, 0x4B, 0x25, 0x31, 0x71, 0x23, 0x70, 0x3A, 0x27, 0x31, 0xFE, 0x05, 0xD2, 0xEA,
    0x13, 0x0F, 0x0F, 0x0F, 0x0F, 0x47, 0x3A, 0x2C, 0x31, 0xE6, 0x0F, 0xB0, 0x32, 0x2C, 0x31, 0xD3,
    0x48, 0x21, 0xE7, 0x30, 0x7E, 0xFE, 0x00, 0xCA, 0x51, 0x05, 0xCB, 0x47, 0xC2, 0x54, 0x05, 0xCB,
    0x4F, 0xC2, 0xF1, 0x0B, 0xCB, 0x57, 0xC2, 0x2A, 0x0F, 0xCB, 0x5F, 0xC2, 0x49, 0x12, 0xC3, 0xE6,
    0x13, 0xC3, 0x73, 0x03, 0x3A, 0xE7, 0x30, 0xFE, 0x01, 0xCA, 0x73, 0x05, 0xFE, 0x11, 0xCA, 0x73,
    0x05, 0xFE, 0x21, 0xCA, 0x73, 0x05, 0xFE, 0x41, 0xCA, 0xA3, 0x05, 0xFE, 0x81, 0xCA, 0x9C, 0x06,
    0xC3, 0xE6, 0x13, 0x11, 0xA1, 0x31, 0x21, 0x03, 0x15, 0x01, 0x07, 0x00, 0xED, 0xB0, 0x3E, 0x00,
    0x32, 0x32, 0x31, 0xCD, 0x4D, 0x07, 0xC2, 0x19, 0x14, 0x21, 0xCF, 0x14, 0xCD, 0x44, 0x03, 0x01,
    0x0D, 0x00, 0x09, 0xCB, 0xA4, 0xED, 0x4B, 0xED, 0x30, 0x09, 0x2B, 0x3E, 0x03, 0xCD, 0x24, 0x13,
    0xC3, 0x73, 0x03, 0xCD, 0xAF, 0x05, 0xCA, 0x73, 0x03, 0x32, 0xA0, 0x31, 0xC3, 0x19, 0x14, 0x11,
    0xA1, 0x31, 0x21, 0x03, 0x15, 0x01, 0x07, 0x00, 0xED, 0xB0, 0x21, 0x00, 0x02, 0x22, 0xED, 0x30,
    0x22, 0x30, 0x31, 0x3E, 0x00, 0x32, 0x32, 0x31, 0xCD, 0x4D, 0x07, 0xC2, 0x93, 0x06, 0x21, 0xCF,
    0x14, 0xCD, 0x44, 0x03, 0x22, 0xFE, 0x31, 0x01, 0x0D, 0x00, 0x09, 0xCB, 0xA4, 0x11, 0xFD, 0x14,
    0x06, 0x06, 0x1A, 0xBE, 0xC2, 0x97, 0x06, 0x23, 0x13, 0x10, 0xF7, 0x5E, 0x23, 0x56, 0xCB, 0x7A,
    0xC2, 0x97, 0x06, 0x7A, 0xB2, 0x20, 0x04, 0x7B, 0xB3, 0x28, 0x05, 0x1B, 0x1B, 0x1B, 0x18, 0xEE,
    0x2A, 0xFE, 0x31, 0x01, 0x15, 0x00, 0x09, 0xCB, 0xA4, 0xE5, 0x2B, 0x2B, 0x5E, 0x23, 0x56, 0x21,
    0x78, 0x00, 0xAF, 0xED, 0x52, 0xE1, 0xDA, 0x97, 0x06, 0xE5, 0x19, 0xE5, 0xD5, 0xD9, 0xD1, 0xE1,
    0xD9, 0xE1, 0x7A, 0xB3, 0x28, 0x48, 0x56, 0x23, 0x5E, 0xD5, 0x23, 0x23, 0x46, 0x23, 0x4E, 0x2B,
    0x2B, 0x2B, 0xEB, 0xE1, 0xAF, 0xED, 0x42, 0x38, 0x13, 0xC2, 0x97, 0x06, 0xEB, 0x23, 0x7E, 0x23,
    0x23, 0x23, 0x46, 0x90, 0xD2, 0x97, 0x06, 0x2B, 0x2B, 0x2B, 0x2B, 0xEB, 0xEB, 0x5E, 0x2B, 0x56,
    0xEB, 0x01, 0x00, 0x04, 0xAF, 0xED, 0x42, 0xD2, 0x97, 0x06, 0xEB, 0x23, 0x23, 0x7E, 0xD6, 0x05,
    0xD2, 0x97, 0x06, 0x23, 0xD9, 0x1B, 0x1B, 0x1B, 0x7A, 0xB3, 0xD9, 0xC2, 0x26, 0x06, 0xD9, 0xE5,
    0xD9, 0xE1, 0x7E, 0xFE, 0xFF, 0x20, 0x20, 0x23, 0xBE, 0x20, 0x1C, 0x23, 0xBE, 0x20, 0x18, 0x2A,
    0xFE, 0x31, 0x01, 0x13, 0x00, 0x09, 0xCB, 0xA4, 0x01, 0x7D, 0x00, 0xED, 0x5B, 0x00, 0x32, 0xED,
    0xB0, 0xAF, 0xC9, 0x3E, 0x05, 0x18, 0x02, 0x3E, 0x06, 0xFE, 0x00, 0xC9, 0x21, 0xF0, 0x31, 0x06,
    0x08, 0x36, 0x00, 0x23, 0x10, 0xFB, 0x11, 0xA1, 0x31, 0x21, 0x11, 0x15, 0x01, 0x07, 0x00, 0xED,
    0xB0, 0x3E, 0x00, 0x32, 0x32, 0x31, 0xCD, 0x4D, 0x07, 0x20, 0x07, 0x21, 0xF1, 0x31, 0x34, 0xC3,
    0x1A, 0x07, 0x3A, 0xA0, 0x31, 0xFE, 0x0F, 0xCA, 0xD1, 0x06, 0x21, 0xF6, 0x31, 0x34, 0xC3, 0x1A,
    0x07, 0x21, 0xF2, 0x31, 0x34, 0x21, 0xFD, 0x20, 0x01, 0x00, 0x02, 0x7E, 0xFE, 0xE5, 0x20, 0x15,
    0x23, 0x0B, 0x79, 0xB0, 0x20, 0xF5, 0x3A, 0xF7, 0x31, 0xFE, 0x01, 0xCA, 0x1A, 0x07, 0x21, 0xF5,
    0x31, 0x34, 0xC3, 0x1A, 0x07, 0x57, 0x23, 0x0B, 0x78, 0xB1, 0x20, 0x08, 0x21, 0xF7, 0x31, 0x36,
    0x01, 0xC3, 0x1A, 0x07, 0x7E, 0xFE, 0xE5, 0x20, 0x0A, 0xE5, 0x21, 0xF7, 0x31, 0x36, 0x01, 0xE1,
    0xC3, 0xDB, 0x06, 0x21, 0xF4, 0x31, 0x34, 0xC3, 0x1A, 0x07, 0x3A, 0xF7, 0x31, 0xFE, 0x01, 0x20,
    0x04, 0x21, 0xF3, 0x31, 0x34, 0x3A, 0xF0, 0x31, 0x3C, 0x32, 0xF0, 0x31, 0xFE, 0xFF, 0xCA, 0x38,
    0x07, 0xAF, 0x32, 0xF7, 0x31, 0xC3, 0xA6, 0x06, 0xED, 0x4B, 0xED, 0x30, 0x21, 0xF0, 0x31, 0x09,
    0x2B, 0x3E, 0x03, 0xCD, 0x24, 0x13, 0xAF, 0x32, 0xA0, 0x31, 0xC3, 0x73, 0x03, 0x21, 0xBF, 0x14,
    0xCD, 0x44, 0x03, 0x22, 0xFC, 0x31, 0x21, 0xCF, 0x14, 0xCD, 0x44, 0x03, 0x22, 0xFE, 0x31, 0xAF,
    0x32, 0xA0, 0x31, 0x21, 0xAC, 0x31, 0xCD, 0x61, 0x0A, 0x21, 0xB1, 0x31, 0xCD, 0x61, 0x0A, 0x21,
    0xB6, 0x31, 0xCD, 0x61, 0x0A, 0x21, 0xBB, 0x31, 0xCD, 0x61, 0x0A, 0x21, 0xC0, 0x31, 0xCD, 0x61,
    0x0A, 0x21, 0xC5, 0x31, 0xCD, 0x61, 0x0A, 0x21, 0xCA, 0x31, 0xCD, 0x61, 0x0A, 0x21, 0xCF, 0x31,
    0xCD, 0x61, 0x0A, 0xAF, 0x32, 0x33, 0x31, 0x3A, 0xA1, 0x31, 0x32, 0xAE, 0x31, 0x3A, 0xA2, 0x31,
    0x32, 0xCC, 0x31, 0x3A, 0xA3, 0x31, 0x32, 0xBD, 0x31, 0x3A, 0xA6, 0x31, 0x32, 0xC7, 0x31, 0x3A,
    0xA4, 0x31, 0x32, 0xB3, 0x31, 0x3A, 0xA5, 0x31, 0x32, 0xB8, 0x31, 0x3A, 0xA7, 0x31, 0x32, 0xC2,
    0x31, 0x3E, 0x24, 0x32, 0x3A, 0x31, 0x3A, 0x7B, 0x31, 0xD3, 0x58, 0xD3, 0x68, 0x3E, 0xA1, 0xD3,
    0x38, 0x3E, 0x0A, 0xD3, 0x28, 0x2A, 0xFE, 0x31, 0x01, 0x0B, 0x00, 0x09, 0xCB, 0xA4, 0xCD, 0x31,
    0x14, 0x22, 0x88, 0x31, 0x2A, 0xFC, 0x31, 0xCD, 0x31, 0x14, 0x22, 0x86, 0x31, 0xD9, 0x3A, 0x7B,
    0x31, 0x47, 0x3A, 0x7C, 0x31, 0x4F, 0x3E, 0xF0, 0x5F, 0xD9, 0xDB, 0x88, 0x3A, 0x2B, 0x31, 0xCB,
    0xBF, 0xCB, 0xF7, 0x32, 0x2B, 0x31, 0xD3, 0x18, 0xD9, 0x2A, 0x88, 0x31, 0xD9, 0x21, 0x36, 0x0A,
    0x3A, 0x32, 0x31, 0xFE, 0x01, 0x28, 0x03, 0x21, 0x13, 0x0A, 0x22, 0xA0, 0x30, 0x2A, 0x86, 0x31,
    0x77, 0x2A, 0xFC, 0x31, 0x01, 0x07, 0x00, 0x09, 0x7D, 0xD3, 0x08, 0x3A, 0x7D, 0x31, 0x47, 0x3E,
    0xC7, 0xD3, 0x70, 0x3E, 0x01, 0xD3, 0x70, 0x3A, 0x7A, 0x31, 0xD3, 0x58, 0x3E, 0xA7, 0xD3, 0x73,
    0x3E, 0x20, 0xD3, 0x73, 0x21, 0x53, 0x0A, 0x22, 0xA6, 0x30, 0x3A, 0x7C, 0x31, 0xD3, 0x58, 0x78,
    0x76, 0x76, 0xF3, 0x3E, 0x03, 0xD3, 0x70, 0xD3, 0x73, 0xFB, 0x06, 0x05, 0x2A, 0xFC, 0x31, 0x23,
    0x11, 0x24, 0x31, 0x1A, 0xBE, 0x20, 0x0A, 0x23, 0x13, 0x10, 0xF8, 0xDB, 0x88, 0xCB, 0x7F, 0x20,
    0x11, 0x3A, 0x7B, 0x31, 0xD3, 0x58, 0xD3, 0x68, 0x21, 0x3A, 0x31, 0x35, 0xCA, 0xB0, 0x09, 0xC3,
    0xFA, 0x07, 0x3A, 0x32, 0x31, 0xFE, 0x01, 0xC8, 0x2A, 0xFE, 0x31, 0x01, 0x0C, 0x00, 0x09, 0xCB,
    0xA4, 0x3E, 0xFB, 0xBE, 0xC2, 0xEB, 0x09, 0x3A, 0x1F, 0x31, 0x77, 0x3A, 0x7F, 0x31, 0xD3, 0x58,
    0x2A, 0xFE, 0x31, 0x01, 0x90, 0x00, 0x09, 0x7D, 0xD3, 0x08, 0x3E, 0xD7, 0xD3, 0x71, 0x3E, 0x02,
    0xD3, 0x71, 0x76, 0x2A, 0xFE, 0x31, 0x01, 0x0E, 0x02, 0x09, 0x7D, 0xD3, 0x08, 0x3A, 0x7D, 0x31,
    0xD3, 0x58, 0x3A, 0x7B, 0x31, 0x4F, 0x3E, 0xD7, 0xD3, 0x71, 0x3E, 0x01, 0xD3, 0x71, 0x76, 0x79,
    0xD3, 0x58, 0xD3, 0x68, 0x3E, 0x03, 0xD3, 0x71, 0xD3, 0x70, 0xDB, 0x88, 0xCB, 0x7F, 0xCA, 0xFC,
    0x09, 0x21, 0x33, 0x31, 0xCB, 0x7E, 0x20, 0x13, 0xCB, 0xFE, 0x2A, 0xFE, 0x31, 0x01, 0x0D, 0x00,
    0x09, 0xCB, 0xA4, 0x11, 0xB0, 0x37, 0x06, 0x20, 0xCD, 0x18, 0x0F, 0x2A, 0xFE, 0x31, 0x01, 0x0C,
    0x02, 0x09, 0xCB, 0xA4, 0x7E, 0x32, 0x1F, 0x31, 0x2A, 0x30, 0x31, 0x01, 0x00, 0x02, 0xAF, 0xED,
    0x42, 0x22, 0x30, 0x31, 0x28, 0x03, 0xD2, 0x35, 0x09, 0x21, 0xCF, 0x14, 0xCD, 0x44, 0x03, 0x01,
    0x0D, 0x00, 0x09, 0xEB, 0xCB, 0xA2, 0x21, 0xB0, 0x37, 0x06, 0x20, 0xCD, 0x21, 0x0F, 0x21, 0x33,
    0x31, 0xCB, 0xBE, 0xAF, 0xC9, 0x2A, 0xFC, 0x31, 0x01, 0x10, 0x00, 0x09, 0x22, 0xFC, 0x31, 0x2A,
    0xFE, 0x31, 0x01, 0x00, 0x02, 0x09, 0xCB, 0xA4, 0x22, 0xFE, 0x31, 0x2A, 0xFE, 0x31, 0x01, 0x0B,
    0x00, 0x09, 0xCB, 0xA4, 0xCD, 0x31, 0x14, 0x22, 0x88, 0x31, 0x2A, 0xFC, 0x31, 0xCD, 0x31, 0x14,
    0x22, 0x86, 0x31, 0x21, 0x28, 0x31, 0x34, 0x7E, 0xFE, 0x13, 0xDA, 0xFA, 0x07, 0x36, 0x01, 0x2B,
    0x34, 0x7E, 0xFE, 0x05, 0x30, 0x0D, 0xCD, 0x3E, 0x0B, 0xC0, 0x3A, 0x27, 0x31, 0xCD, 0xC6, 0x0A,
    0xC3, 0xC6, 0x07, 0x36, 0x00, 0x2B, 0x56, 0x2B, 0x5E, 0x13, 0xE5, 0x21, 0x00, 0x04, 0xAF, 0xED,
    0x52, 0xE1, 0xF2, 0x9D, 0x09, 0x3E, 0x04, 0x32, 0xA0, 0x31, 0xFE, 0x00, 0xC9, 0x73, 0x23, 0x72,
    0xCD, 0x9E, 0x0A, 0xCD, 0x3E, 0x0B, 0xC0, 0x3A, 0x27, 0x31, 0xCD, 0xC6, 0x0A, 0xC3, 0xC1, 0x07,
    0x21, 0xB9, 0x31, 0x3E, 0x09, 0xCD, 0x6B, 0x0A, 0xCA, 0x0D, 0x0A, 0xC3, 0xA9, 0x07, 0x21, 0xAA,
    0x31, 0x3E, 0x0B, 0xCD, 0x6B, 0x0A, 0xCA, 0x0D, 0x0A, 0xC3, 0xFA, 0x07, 0x21, 0xAF, 0x31, 0x3E,
    0x0E, 0xCD, 0x6B, 0x0A, 0xCA, 0x0D, 0x0A, 0xCD, 0x83, 0x0A, 0xC3, 0xBB, 0x07, 0x21, 0xBE, 0x31,
    0x3E, 0x0C, 0xCD, 0x6B, 0x0A, 0xCA, 0x0D, 0x0A, 0xC3, 0xFA, 0x07, 0x21, 0xC3, 0x31, 0x3E, 0x0A,
    0xCD, 0x6B, 0x0A, 0xCA, 0x0D, 0x0A, 0xCD, 0x83, 0x0A, 0xC3, 0xAF, 0x07, 0x21, 0xC8, 0x31, 0x3E,
    0x0F, 0xCD, 0x6B, 0x0A, 0xCA, 0x0D, 0x0A, 0xCD, 0x83, 0x0A, 0xC3, 0xAF, 0x07, 0x32, 0xA0, 0x31,
    0xFE, 0x00, 0xC9, 0xD3, 0x58, 0xD9, 0x78, 0xD3, 0x58, 0xD3, 0x68, 0x77, 0x21, 0x4C, 0x0A, 0x22,
    0xA0, 0x30, 0x7B, 0xD3, 0x08, 0x3A, 0x2B, 0x31, 0xCB, 0xB7, 0x32, 0x2B, 0x31, 0xD3, 0x18, 0x79,
    0xD3, 0x58, 0xD9, 0xFB, 0xED, 0x4D, 0xD3, 0x58, 0x00, 0x3A, 0x7B, 0x31, 0xD3, 0x58, 0xD3, 0x68,
    0x3E, 0x03, 0xD3, 0x70, 0xE1, 0x21, 0x52, 0x08, 0xE5, 0xFB, 0xED, 0x4D, 0x3E, 0x03, 0xD3, 0x70,
    0xFB, 0xED, 0x4D, 0x3E, 0x03, 0xD3, 0x70, 0xD3, 0x73, 0xE1, 0x21, 0xBE, 0x09, 0xE5, 0xFB, 0xED,
    0x4D, 0x7E, 0x23, 0xBE, 0x38, 0x01, 0x77, 0xAF, 0x2B, 0x77, 0xC9, 0x47, 0x3A, 0x7B, 0x31, 0xD3,
    0x58, 0xD3, 0x68, 0x34, 0xF5, 0x23, 0xF1, 0x20, 0x01, 0x34, 0x23, 0x34, 0x23, 0x23, 0x35, 0xC0,
    0xAF, 0x78, 0xC9, 0x3E, 0xA7, 0xD3, 0x71, 0x3E, 0xEA, 0xD3, 0x71, 0x76, 0x3E, 0x03, 0xD3, 0x71,
    0xC9, 0x11, 0x24, 0x31, 0x3E, 0xFE, 0x12, 0x13, 0x01, 0x04, 0x00, 0xED, 0xB0, 0xC9, 0x3A, 0x2C,
    0x31, 0xCB, 0xDF, 0xD3, 0x48, 0xEE, 0x01, 0xD3, 0x48, 0xEE, 0x01, 0xD3, 0x48, 0xDB, 0x88, 0xCB,
    0x5F, 0x20, 0xFA, 0x3A, 0xE8, 0x30, 0x87, 0x4F, 0x06, 0x00, 0x21, 0x94, 0x31, 0x09, 0x5E, 0x23,
    0x56, 0x13, 0x72, 0x2B, 0x73, 0xC9, 0x0F, 0x0F, 0x0F, 0x0F, 0x47, 0x3A, 0x2C, 0x31, 0xE6, 0x0F,
    0xB0, 0x32, 0x2C, 0x31, 0xD3, 0x48, 0xC9, 0xED, 0x5B, 0x00, 0x32, 0x1A, 0x6F, 0x13, 0x1A, 0xB5,
    0xC8, 0x08, 0xAF, 0x08, 0xED, 0x5B, 0x02, 0x32, 0x1B, 0x13, 0x1A, 0x67, 0x13, 0x1A, 0x6F, 0x13,
    0xE5, 0x01, 0xFF, 0xFF, 0xAF, 0xED, 0x42, 0xE1, 0xCA, 0x17, 0x0B, 0xED, 0x4B, 0x25, 0x31, 0xAF,
    0xED, 0x42, 0xDA, 0x11, 0x0B, 0xC2, 0x17, 0x0B, 0x1A, 0x47, 0x3A, 0x27, 0x31, 0x90, 0xDA, 0x17,
    0x0B, 0x08, 0x3C, 0x08, 0xC3, 0xE9, 0x0A, 0x08, 0x47, 0xAF, 0x08, 0x78, 0xFE, 0x00, 0xC8, 0x47,
    0x3A, 0x27, 0x31, 0x3C, 0x32, 0x27, 0x31, 0xFE, 0x05, 0x20, 0x0B, 0xAF, 0x32, 0x27, 0x31, 0x2A,
    0x25, 0x31, 0x23, 0x22, 0x25, 0x31, 0x10, 0xE8, 0x1B, 0x1B, 0x1B, 0xC3, 0xE9, 0x0A, 0xAF, 0x32,
    0x2E, 0x31, 0xED, 0x5B, 0x00, 0x32, 0x1A, 0x6F, 0x13, 0x1A, 0xB5, 0xC8, 0xED, 0x5B, 0x02, 0x32,
    0x1B, 0x13, 0x1A, 0x67, 0x13, 0x1A, 0x6F, 0x13, 0xE5, 0x01, 0xFF, 0xFF, 0xAF, 0xED, 0x42, 0xE1,
    0xC8, 0xED, 0x4B, 0x25, 0x31, 0xAF, 0xED, 0x42, 0xDA, 0x51, 0x0B, 0xC2, 0xAB, 0x0B, 0x1A, 0x47,
    0x3A, 0x27, 0x31, 0xB8, 0xDA, 0xAB, 0x0B, 0xC2, 0x51, 0x0B, 0x3C, 0x32, 0x27, 0x31, 0xFE, 0x05,
    0xDA, 0xAB, 0x0B, 0xAF, 0x32, 0x27, 0x31, 0x2A, 0x25, 0x31, 0x23, 0x22, 0x25, 0x31, 0x01, 0x00,
    0x04, 0xAF, 0xED, 0x42, 0x38, 0x08, 0x3E, 0x04, 0x32, 0xA0, 0x31, 0xFE, 0x00, 0xC0, 0xD5, 0xCD,
    0x9E, 0x0A, 0xD1, 0x21, 0x2E, 0x31, 0x36, 0x01, 0xC3, 0x51, 0x0B, 0xAF, 0xC9, 0xED, 0x5B, 0x19,
    0x31, 0xED, 0x4B, 0xE9, 0x30, 0x2A, 0xEB, 0x30, 0x3E, 0x11, 0xB7, 0xED, 0x52, 0x30, 0x01, 0x19,
    0x3F, 0xCB, 0x11, 0xCB, 0x10, 0xED, 0x6A, 0x3D, 0x20, 0xF1, 0xCB, 0x1D, 0xCB, 0x1C, 0x03, 0xED,
    0x43, 0x25, 0x31, 0xEB, 0x21, 0x27, 0x31, 0x01, 0x12, 0x00, 0x36, 0xFF, 0x34, 0xEB, 0xAF, 0xED,
    0x42, 0xEB, 0x30, 0xF8, 0xEB, 0x09, 0x7D, 0x3C, 0x32, 0x28, 0x31, 0x3E, 0xFE, 0x32, 0x24, 0x31,
    0xC9, 0x11, 0xA1, 0x31, 0x21, 0x03, 0x15, 0x01, 0x07, 0x00, 0xED, 0xB0, 0x3A, 0xE7, 0x30, 0xFE,
    0xC2, 0xC2, 0x2A, 0x0C, 0x21, 0x00, 0x02, 0x22, 0xED, 0x30, 0x22, 0x30, 0x31, 0x21, 0xCF, 0x14,
    0xCD, 0x44, 0x03, 0x01, 0x0D, 0x00, 0x09, 0xCB, 0xA4, 0xEB, 0x21, 0xFD, 0x14, 0x01, 0x06, 0x00,
    0xED, 0xB0, 0x2A, 0x00, 0x32, 0x01, 0x7D, 0x00, 0xED, 0xB0, 0x21, 0xD4, 0x31, 0xCD, 0x61, 0x0A,
    0x21, 0xD9, 0x31, 0xCD, 0x61, 0x0A, 0x21, 0xCF, 0x31, 0xCD, 0x61, 0x0A, 0x3E, 0x04, 0x32, 0xD1,
    0x31, 0xCD, 0x7F, 0x0C, 0xC2, 0x19, 0x14, 0x3A, 0xE7, 0x30, 0xCB, 0x7F, 0xCA, 0x73, 0x03, 0x11,
    0xA1, 0x31, 0x21, 0x03, 0x15, 0x01, 0x07, 0x00, 0xED, 0xB0, 0x3E, 0x00, 0x32, 0x32, 0x31, 0xCD,
    0x4D, 0x07, 0xCA, 0x73, 0x03, 0x2A, 0xCD, 0x31, 0x23, 0x22, 0xCD, 0x31, 0x21, 0xCF, 0x31, 0x34,
    0x21, 0xD1, 0x31, 0x35, 0xC2, 0x41, 0x0C, 0x3E, 0x14, 0x32, 0xA0, 0x31, 0xC3, 0x19, 0x14, 0x21,
    0xBF, 0x14, 0xCD, 0x44, 0x03, 0x22, 0xFC, 0x31, 0x21, 0xCF, 0x14, 0xCD, 0x44, 0x03, 0x22, 0xFE,
    0x31, 0x3E, 0x02, 0x32, 0xDB, 0x31, 0x3E, 0x03, 0x32, 0xD6, 0x31, 0x2A, 0xFE, 0x31, 0x11, 0x90,
    0x37, 0x06, 0x0D, 0xCD, 0x18, 0x0F, 0x3A, 0x28, 0x31, 0x32, 0x34, 0x31, 0x3A, 0x34, 0x31, 0x06,
    0x00, 0x0E, 0x01, 0x21, 0x2A, 0x15, 0xBE, 0x28, 0x04, 0x23, 0x0C, 0x18, 0xF9, 0x0D, 0x21, 0x29,
    0x15, 0x09, 0x7E, 0x32, 0x28, 0x31, 0xAF, 0x32, 0x20, 0x31, 0x3E, 0x01, 0x32, 0x32, 0x31, 0xCD,
    0x5F, 0x07, 0xC0, 0x2A, 0xFE, 0x31, 0x01, 0x0D, 0x02, 0x09, 0xCB, 0xA4, 0x11, 0xA0, 0x37, 0x01,
    0x0C, 0x00, 0xED, 0xB0, 0xED, 0x5B, 0xFE, 0x31, 0x21, 0xDF, 0x14, 0x01, 0x0B, 0x00, 0xED, 0xB0,
    0xCB, 0xA2, 0x01, 0x02, 0x00, 0xED, 0xB0, 0x2A, 0xFE, 0x31, 0x01, 0x0D, 0x02, 0x09, 0xCB, 0xA4,
    0xEB, 0x21, 0xEC, 0x14, 0x01, 0x0C, 0x00, 0xED, 0xB0, 0x3A, 0x2B, 0x31, 0xCB, 0xBF, 0xCB, 0xF7,
    0x32, 0x2B, 0x31, 0xD3, 0x18, 0x2A, 0xFC, 0x31, 0x2B, 0x7D, 0xD3, 0x08, 0x3E, 0xA1, 0xD3, 0x38,
    0x2A, 0xFC, 0x31, 0xCD, 0x31, 0x14, 0x77, 0x21, 0xDA, 0x0E, 0x22, 0xA0, 0x30, 0x2A, 0xFE, 0x31,
    0xCD, 0x31, 0x14, 0xE5, 0xD9, 0x08, 0x2A, 0xFE, 0x31, 0x01, 0x0B, 0x00, 0x09, 0x5D, 0xE1, 0x3A,
    0x80, 0x31, 0x4F, 0xCB, 0x9F, 0x47, 0x3E, 0x04, 0x57, 0xE5, 0xC5, 0x3A, 0xE8, 0x30, 0xCD, 0x3B,
    0x03, 0x46, 0x23, 0x66, 0x68, 0xED, 0x4B, 0x13, 0x31, 0xAF, 0xED, 0x42, 0xC1, 0xE1, 0x38, 0x03,
    0x3E, 0x0C, 0x57, 0x3A, 0x2B, 0x31, 0xCB, 0xFF, 0xCB, 0xB7, 0x32, 0x2B, 0x31, 0x08, 0xD9, 0x3E,
    0xC7, 0xD3, 0x70, 0x3E, 0x01, 0xD3, 0x70, 0x2A, 0xFC, 0x31, 0x01, 0x05, 0x00, 0x09, 0x3A, 0x34,
    0x31, 0x47, 0x3A, 0x7D, 0x31, 0xD3, 0x58, 0x3A, 0x7E, 0x31, 0xD3, 0x58, 0x3E, 0x03, 0x76, 0x2A,
    0xFC, 0x31, 0x01, 0x05, 0x00, 0x09, 0x3A, 0x34, 0x31, 0x47, 0x7E, 0xB8, 0xC2, 0x8D, 0x0E, 0x2A,
    0xFE, 0x31, 0x01, 0x5D, 0x00, 0x09, 0x7D, 0xD3, 0x08, 0x3E, 0xD5, 0xD3, 0x71, 0x3E, 0x02, 0xD3,
    0x71, 0x21, 0xCF, 0x14, 0xCD, 0x44, 0x03, 0xEB, 0x21, 0x90, 0x37, 0x01, 0x0B, 0x00, 0xED, 0xB0,
    0xCB, 0xA2, 0x01, 0x02, 0x00, 0xED, 0xB0, 0xAF, 0x32, 0x20, 0x31, 0x76, 0x2A, 0xFE, 0x31, 0x01,
    0x0D, 0x02, 0x09, 0x7D, 0xD3, 0x08, 0x3A, 0x82, 0x31, 0xD3, 0x58, 0x3E, 0xD7, 0xD3, 0x71, 0x3E,
    0x01, 0xD3, 0x71, 0x3A, 0x7B, 0x31, 0x76, 0xD3, 0x58, 0xD3, 0x68, 0x3E, 0x03, 0xD3, 0x71, 0xDB,
    0x88, 0xCB, 0x6F, 0xCA, 0xB7, 0x0E, 0x2A, 0x30, 0x31, 0x01, 0x00, 0x02, 0xAF, 0xED, 0x42, 0x22,
    0x30, 0x31, 0xC8, 0xD8, 0x2A, 0xFE, 0x31, 0x01, 0x0D, 0x02, 0x09, 0xCB, 0xA4, 0xEB, 0x21, 0xA0,
    0x37, 0x01, 0x0C, 0x00, 0xED, 0xB0, 0x2A, 0xFC, 0x31, 0x01, 0x10, 0x00, 0x09, 0x22, 0xFC, 0x31,
    0x2A, 0xFE, 0x31, 0x01, 0x00, 0x02, 0x09, 0xCB, 0xA4, 0x22, 0xFE, 0x31, 0x21, 0x34, 0x31, 0x34,
    0x7E, 0xFE, 0x13, 0xDA, 0xD3, 0x0C, 0x3E, 0x01, 0x32, 0x34, 0x31, 0x21, 0x28, 0x31, 0x77, 0x2B,
    0x34, 0x7E, 0xFE, 0x05, 0x30, 0x1A, 0xCD, 0x3E, 0x0B, 0xC0, 0x3E, 0x01, 0x32, 0x20, 0x31, 0x3A,
    0x27, 0x31, 0xCD, 0xC6, 0x0A, 0x3A, 0x2E, 0x31, 0xFE, 0x00, 0xCA, 0xD3, 0x0C, 0xC3, 0xAC, 0x0C,
    0x36, 0x00, 0x2B, 0x56, 0x2B, 0x5E, 0x13, 0xE5, 0x21, 0x00, 0x04, 0xAF, 0xED, 0x52, 0xE1, 0xF2,
    0x7A, 0x0E, 0x3E, 0x04, 0x32, 0xA0, 0x31, 0xFE, 0x00, 0xC9, 0x73, 0x23, 0x72, 0xCD, 0x9E, 0x0A,
    0xCD, 0x3E, 0x0B, 0xC0, 0x3A, 0x27, 0x31, 0xCD, 0xC6, 0x0A, 0xC3, 0xAC, 0x0C, 0x3A, 0x20, 0x31,
    0xFE, 0x00, 0x20, 0x1D, 0x3A, 0x34, 0x31, 0xFE, 0x0A, 0x20, 0x06, 0x7E, 0xFE, 0x01, 0xCA, 0x09,
    0x0D, 0x21, 0xD2, 0x31, 0x3E, 0x12, 0xCD, 0x6B, 0x0A, 0x20, 0x06, 0x32, 0xA0, 0x31, 0xFE, 0x00,
    0xC9, 0xCD, 0x05, 0x0F, 0xC3, 0xAC, 0x0C, 0x3A, 0x7B, 0x31, 0xCB, 0xFF, 0xD3, 0x58, 0xD3, 0x68,
    0xCB, 0xBF, 0xD3, 0x58, 0x21, 0xD7, 0x31, 0x3E, 0x13, 0xCD, 0x6B, 0x0A, 0x20, 0x06, 0x32, 0xA0,
    0x31, 0xFE, 0x00, 0xC9, 0xCD, 0x05, 0x0F, 0xC3, 0xAC, 0x0C, 0xD3, 0x70, 0xD3, 0x68, 0x7E, 0xB8,
    0x20, 0x20, 0xD9, 0x08, 0xD3, 0x18, 0x77, 0x7B, 0xD3, 0x08, 0x7A, 0xD3, 0x38, 0x78, 0xD3, 0x58,
    0x79, 0xD3, 0x58, 0x08, 0xD9, 0x00, 0x00, 0x00, 0x00, 0x00, 0x00, 0x00, 0x00, 0x3A, 0x81, 0x31,
    0xD3, 0x58, 0xFB, 0xED, 0x4D, 0x2A, 0xFE, 0x31, 0x01, 0x0D, 0x02, 0x09, 0xCB, 0xA4, 0xEB, 0x21,
    0xA0, 0x37, 0x01, 0x0C, 0x00, 0xED, 0xB0, 0xC9, 0x7E, 0x12, 0x23, 0xCB, 0xA4, 0x13, 0x10, 0xF8,
    0xC9, 0x7E, 0x12, 0x23, 0x13, 0xCB, 0xA2, 0x10, 0xF8, 0xC9, 0x21, 0x00, 0x02, 0x22, 0xED, 0x30,
    0x22, 0x30, 0x31, 0x3A, 0xE7, 0x30, 0xFE, 0x04, 0xCA, 0x4D, 0x0F, 0xFE, 0x14, 0xCA, 0x56, 0x0F,
    0xFE, 0x24, 0xCA, 0xAC, 0x0F, 0xFE, 0x44, 0xCA, 0x5C, 0x0F, 0xC3, 0xE6, 0x13, 0xCD, 0xB7, 0x10,
    0xC2, 0x19, 0x14, 0xC3, 0x73, 0x03, 0xCD, 0xB7, 0x10, 0xC2, 0x19, 0x14, 0x11, 0xA1, 0x31, 0x21,
    0x03, 0x15, 0x01, 0x07, 0x00, 0xED, 0xB0, 0x3E, 0x01, 0x32, 0x28, 0x31, 0x21, 0x00, 0x10, 0x22,
    0x30, 0x31, 0x3E, 0x00, 0x32, 0x32, 0x31, 0xCD, 0x4D, 0x07, 0xC2, 0x19, 0x14, 0x3E, 0x09, 0x32,
    0x28, 0x31, 0x21, 0x00, 0x10, 0x22, 0x30, 0x31, 0x3E, 0x00, 0x32, 0x32, 0x31, 0xCD, 0x4D, 0x07,
    0xC2, 0x19, 0x14, 0x3E, 0x11, 0x32, 0x28, 0x31, 0x21, 0x00, 0x04, 0x22, 0x30, 0x31, 0x3E, 0x00,
    0x32, 0x32, 0x31, 0xCD, 0x4D, 0x07, 0xC2, 0x19, 0x14, 0xC3, 0x73, 0x03, 0x11, 0xA1, 0x31, 0x21,
    0x0A, 0x15, 0x01, 0x07, 0x00, 0xED, 0xB0, 0x3E, 0x03, 0x32, 0x92, 0x31, 0x21, 0x92, 0x31, 0x35,
    0xCA, 0x1A, 0x10, 0xCD, 0xB7, 0x10, 0xC2, 0xBC, 0x0F, 0x3E, 0x02, 0x32, 0x93, 0x31, 0x21, 0x93,
    0x31, 0x35, 0xCA, 0x73, 0x03, 0x3E, 0x01, 0x32, 0x28, 0x31, 0x21, 0x00, 0x10, 0x22, 0x30, 0x31,
    0x3E, 0x00, 0x32, 0x32, 0x31, 0xCD, 0x4D, 0x07, 0xC2, 0xBC, 0x0F, 0x3E, 0x09, 0x32, 0x28, 0x31,
    0x21, 0x00, 0x10, 0x22, 0x30, 0x31, 0x3E, 0x00, 0x32, 0x32, 0x31, 0xCD, 0x4D, 0x07, 0xC2, 0xBC,
    0x0F, 0x3E, 0x11, 0x32, 0x28, 0x31, 0x21, 0x00, 0x04, 0x22, 0x30, 0x31, 0x3E, 0x00, 0x32, 0x32,
    0x31, 0xCD, 0x4D, 0x07, 0xC2, 0xBC, 0x0F, 0xC3, 0xCE, 0x0F, 0xAF, 0x32, 0xA0, 0x31, 0x2A, 0x00,
    0x32, 0x4E, 0x23, 0x46, 0x21, 0x75, 0x00, 0xAF, 0xED, 0x42, 0xDA, 0x02, 0x14, 0x2A, 0x02, 0x32,
    0x3A, 0x26, 0x31, 0x47, 0x7E, 0xB8, 0xDA, 0xAB, 0x10, 0xC2, 0x58, 0x10, 0x23, 0x3A, 0x25, 0x31,
    0x47, 0x7E, 0xB8, 0xDA, 0xAC, 0x10, 0xC2, 0x57, 0x10, 0x23, 0x3A, 0x27, 0x31, 0x47, 0x7E, 0xB8,
    0xDA, 0xAD, 0x10, 0xCA, 0x73, 0x03, 0x2B, 0x2B, 0xEB, 0xD5, 0x2A, 0x00, 0x32, 0xD5, 0x5E, 0x23,
    0x56, 0xEB, 0xD1, 0xED, 0x4B, 0x02, 0x32, 0x09, 0x23, 0x23, 0x23, 0xE5, 0xAF, 0xED, 0x52, 0xE5,
    0xC1, 0xE1, 0x2B, 0xE5, 0xD1, 0x13, 0x13, 0x13, 0xED, 0xB8, 0xD1, 0xEB, 0x3A, 0x26, 0x31, 0x77,
    0x23, 0x3A, 0x25, 0x31, 0x77, 0x23, 0x3A, 0x27, 0x31, 0x77, 0xED, 0x5B, 0x00, 0x32, 0x1A, 0x6F,
    0x13, 0x1A, 0x67, 0x01, 0x03, 0x00, 0x09, 0x1B, 0x7D, 0x12, 0x13, 0x7C, 0x12, 0x01, 0x03, 0x00,
    0x21, 0x27, 0x31, 0x3E, 0x03, 0xCD, 0x24, 0x13, 0xC3, 0x73, 0x03, 0x23, 0x23, 0x23, 0x7E, 0xFE,
    0xFF, 0xC2, 0x30, 0x10, 0xC3, 0x58, 0x10, 0x3A, 0x7B, 0x31, 0xD3, 0x58, 0xD3, 0x68, 0x21, 0x00,
    0x20, 0x01, 0xFF, 0x0F, 0x11, 0x01, 0x20, 0x36, 0x00, 0xED, 0xB0, 0x3A, 0x2B, 0x31, 0xCB, 0xFF,
    0xCB, 0xB7, 0x32, 0x2B, 0x31, 0xD3, 0x18, 0x21, 0x00, 0x20, 0xCD, 0x31, 0x14, 0x77, 0x3A, 0x81,
    0x31, 0x47, 0xCB, 0x9F, 0xD3, 0x58, 0x78, 0xD3, 0x58, 0x21, 0x33, 0x0A, 0x22, 0xA6, 0x30, 0x3E,
    0xD5, 0xD3, 0x73, 0x3E, 0x02, 0xD3, 0x73, 0x76, 0x3A, 0x7B, 0x31, 0xD3, 0x58, 0xD3, 0x68, 0x3E,
    0x03, 0xD3, 0x73, 0x21, 0x00, 0x20, 0x06, 0x12, 0x36, 0xFF, 0x23, 0x10, 0xFB, 0x06, 0x03, 0x36,
    0xA1, 0x23, 0x10, 0xFB, 0x36, 0xFE, 0x23, 0xEB, 0x01, 0x03, 0x00, 0x21, 0x25, 0x31, 0xED, 0xB0,
    0xEB, 0x36, 0x01, 0x23, 0x06, 0x0C, 0x36, 0xFF, 0x23, 0x10, 0xFB, 0x21, 0x00, 0x20, 0xCD, 0x31,
    0x14, 0x22, 0x88, 0x31, 0x77, 0x3E, 0x04, 0x57, 0x3A, 0xE8, 0x30, 0xCD, 0x3B, 0x03, 0x46, 0x23,
    0x66, 0x68, 0xED, 0x4B, 0x13, 0x31, 0xAF, 0xED, 0x42, 0x38, 0x03, 0x3E, 0x0C, 0x57, 0x7A, 0xD3,
    0x38, 0x3E, 0x0A, 0xD3, 0x28, 0x21, 0x33, 0x0A, 0x22, 0xA6, 0x30, 0x21, 0xFF, 0x20, 0x7D, 0xD3,
    0x08, 0x21, 0x2A, 0x15, 0x3A, 0x27, 0x31, 0x4F, 0x06, 0x00, 0xAF, 0xED, 0x42, 0x7E, 0xEB, 0x21,
    0x19, 0x20, 0x77, 0x06, 0x01, 0x3E, 0xD5, 0xD3, 0x73, 0x3E, 0x01, 0xD3, 0x73, 0x76, 0x3E, 0x03,
    0xD3, 0x73, 0x3A, 0x80, 0x31, 0x4F, 0xCB, 0x9F, 0xD3, 0x58, 0x79, 0xD3, 0x58, 0x3E, 0x12, 0xD3,
    0x08, 0x00, 0x00, 0x00, 0x00, 0x00, 0x00, 0x00, 0x00, 0x00, 0x00, 0x00, 0x3A, 0x82, 0x31, 0xD3,
    0x58, 0x3E, 0x1A, 0xD3, 0x08, 0x00, 0x00, 0x00, 0x00, 0x00, 0x3A, 0x7B, 0x31, 0xD3, 0x58, 0xD3,
    0x68, 0x2A, 0x88, 0x31, 0x77, 0x3E, 0x87, 0xD3, 0x73, 0x3E, 0xCB, 0xD3, 0x73, 0x13, 0x1A, 0x21,
    0x19, 0x20, 0x77, 0x04, 0x78, 0xFE, 0x13, 0xCA, 0xCE, 0x11, 0x76, 0xC3, 0x7E, 0x11, 0x3E, 0x03,
    0xD3, 0x73, 0xAF, 0x21, 0x00, 0x20, 0x11, 0x01, 0x20, 0x01, 0xFF, 0x0F, 0x36, 0xE5, 0xED, 0xB0,
    0x21, 0xD4, 0x31, 0xCD, 0x61, 0x0A, 0x21, 0xD9, 0x31, 0xCD, 0x61, 0x0A, 0x21, 0xCF, 0x31, 0xCD,
    0x61, 0x0A, 0x11, 0xA1, 0x31, 0x21, 0x03, 0x15, 0x01, 0x07, 0x00, 0xED, 0xB0, 0x3E, 0x04, 0x32,
    0xD1, 0x31, 0x3E, 0x01, 0x32, 0x28, 0x31, 0x21, 0x00, 0x10, 0x22, 0x30, 0x31, 0xCD, 0x7F, 0x0C,
    0xC0, 0x21, 0x00, 0x20, 0x11, 0x01, 0x20, 0x01, 0xFF, 0x0F, 0x36, 0xE5, 0xED, 0xB0, 0x3E, 0x09,
    0x32, 0x28, 0x31, 0x21, 0x00, 0x10, 0x22, 0x30, 0x31, 0xCD, 0x7F, 0x0C, 0xC0, 0x21, 0x00, 0x20,
    0x11, 0x01, 0x20, 0x01, 0xFF, 0x05, 0x36, 0xE5, 0xED, 0xB0, 0x3E, 0x11, 0x32, 0x28, 0x31, 0x21,
    0x00, 0x04, 0x22, 0x30, 0x31, 0xCD, 0x7F, 0x0C, 0xC9, 0x21, 0xE8, 0x30, 0x7E, 0x5F, 0x23, 0x7E,
    0x57, 0x21, 0xED, 0x30, 0x7E, 0x4F, 0x23, 0x7E, 0x47, 0xEB, 0x09, 0x2B, 0x3A, 0xE7, 0x30, 0xFE,
    0x08, 0xCA, 0xC5, 0x12, 0xFE, 0x18, 0xCA, 0xCD, 0x12, 0xFE, 0x28, 0xCA, 0xD5, 0x12, 0xFE, 0x38,
    0xCA, 0x17, 0x13, 0xFE, 0x58, 0xCA, 0xA5, 0x12, 0xFE, 0x68, 0xCA, 0xB5, 0x12, 0xFE, 0x48, 0xC2,
    0xE6, 0x13, 0xCD, 0x4C, 0x03, 0x2A, 0x00, 0x32, 0x36, 0x00, 0x23, 0x36, 0x00, 0x2A, 0x02, 0x32,
    0x06, 0x7D, 0xAF, 0x77, 0x23, 0x10, 0xFC, 0x2A, 0x02, 0x32, 0x36, 0xFF, 0x23, 0x36, 0xFF, 0x23,
    0x36, 0xFF, 0xC3, 0x73, 0x03, 0xCD, 0x4C, 0x03, 0x2A, 0x00, 0x32, 0x09, 0x2B, 0x3E, 0x03, 0xCD,
    0x24, 0x13, 0xC3, 0x73, 0x03, 0xCD, 0x4C, 0x03, 0x2A, 0x00, 0x32, 0x09, 0x2B, 0x3E, 0x02, 0xCD,
    0x32, 0x13, 0xC3, 0x73, 0x03, 0x3E, 0x03, 0xCD, 0x24, 0x13, 0xC3, 0x73, 0x03, 0x3E, 0x02, 0xCD,
    0x32, 0x13, 0xC3, 0x73, 0x03, 0xC5, 0x21, 0x02, 0x00, 0x11, 0x00, 0x31, 0x01, 0x0C, 0x00, 0xED,
    0xB0, 0xC1, 0x3A, 0x38, 0x31, 0x06, 0x03, 0xCB, 0x0F, 0x30, 0x01, 0x24, 0x10, 0xF9, 0x7C, 0x12,
    0x13, 0x21, 0x00, 0x04, 0x7D, 0x12, 0x13, 0x7C, 0x12, 0x13, 0x3E, 0x05, 0x12, 0x13, 0x3E, 0x12,
    0x12, 0x13, 0x21, 0x00, 0x02, 0x7D, 0x12, 0x13, 0x7C, 0x12, 0x21, 0x00, 0x31, 0x09, 0x2B, 0x3E,
    0x03, 0xCD, 0x24, 0x13, 0xC3, 0x73, 0x03, 0x21, 0xAA, 0x31, 0x09, 0x2B, 0x3E, 0x03, 0xCD, 0x24,
    0x13, 0xC3, 0x73, 0x03, 0x23, 0x03, 0xF5, 0x3A, 0x2B, 0x31, 0xCB, 0xEF, 0x32, 0x2B, 0x31, 0xF1,
    0x18, 0x0A, 0xF5, 0x3A, 0x2B, 0x31, 0xCB, 0xAF, 0x32, 0x2B, 0x31, 0xF1, 0xE5, 0xC5, 0xF5, 0xAF,
    0xED, 0x42, 0x23, 0xF1, 0xE5, 0xF5, 0xCB, 0xAC, 0x3A, 0x2B, 0x31, 0xCB, 0xA7, 0xCB, 0x64, 0x28,
    0x02, 0xCB, 0xE7, 0x32, 0x2B, 0x31, 0xF1, 0xF5, 0x47, 0x3A, 0x2B, 0x31, 0xCB, 0xDF, 0xB0, 0x32,
    0x2B, 0x31, 0x7C, 0xE6, 0x0C, 0x07, 0x07, 0x07, 0x07, 0x47, 0x7C, 0xE6, 0x03, 0xB0, 0xF6, 0x38,
    0x67, 0xF1, 0xD1, 0xC1, 0x77, 0xE1, 0x3E, 0xC7, 0xCB, 0x45, 0x20, 0x02, 0x3E, 0xD7, 0x32, 0x39,
    0x31, 0x03, 0xAF, 0xCB, 0x18, 0xCB, 0x19, 0x21, 0x00, 0x01, 0xAF, 0xED, 0x42, 0x38, 0x17, 0x3A,
    0x39, 0x31, 0xD3, 0x72, 0x79, 0xD3, 0x72, 0x3A, 0x2B, 0x31, 0x47, 0xCB, 0x98, 0xD3, 0x18, 0x78,
    0xD3, 0x18, 0xE6, 0xD8, 0x76, 0xC9, 0xAF, 0xB9, 0x20, 0x01, 0x05, 0x21, 0x33, 0x0A, 0x22, 0xA4,
    0x30, 0x3A, 0x39, 0x31, 0xD3, 0x72, 0x79, 0xD3, 0x72, 0x3A, 0x39, 0x31, 0xCB, 0x8F, 0xD3, 0x72,
    0x3E, 0x00, 0xD3, 0x72, 0x3A, 0x2B, 0x31, 0xD3, 0x18, 0x76, 0x10, 0xFD, 0x21, 0xDA, 0x13, 0x22,
    0xA4, 0x30, 0xCB, 0x9F, 0xD3, 0x18, 0xE6, 0xD0, 0x76, 0xC9, 0xD3, 0x18, 0x32, 0x2B, 0x31, 0x3E,
    0x03, 0xD3, 0x72, 0xFB, 0xED, 0x4D, 0x3E, 0x01, 0x18, 0x2C, 0x3E, 0x02, 0x18, 0x28, 0x3E, 0x03,
    0x18, 0x24, 0x3E, 0x04, 0x18, 0x20, 0x3E, 0x05, 0x18, 0x1C, 0x3E, 0x06, 0x18, 0x18, 0x3E, 0x08,
    0x18, 0x14, 0x3E, 0x16, 0x18, 0x10, 0x3E, 0x1C, 0x18, 0x0C, 0x3E, 0x1D, 0x18, 0x08, 0x3E, 0x1E,
    0x18, 0x04, 0x3E, 0x1F, 0x18, 0x00, 0x32, 0xA0, 0x31, 0x3A, 0xA0, 0x31, 0x32, 0xEF, 0x30, 0x01,
    0x01, 0x00, 0x21, 0xEF, 0x30, 0x3E, 0x07, 0xCD, 0x24, 0x13, 0xAF, 0x32, 0xA0, 0x31, 0xC3, 0x73,
    0x03, 0xCB, 0xAC, 0x7C, 0xE6, 0x0C, 0x07, 0x07, 0x07, 0x07, 0x47, 0x7C, 0xE6, 0x03, 0xB0, 0xF6,
    0x3C, 0x67, 0xC9, 0x3A, 0x2C, 0x31, 0xEE, 0x01, 0xD3, 0x48, 0xEE, 0x01, 0xD3, 0x48, 0x2B, 0x7C,
    0xB5, 0x20, 0xF0, 0xC9, 0x3A, 0x2C, 0x31, 0xEE, 0x01, 0xD3, 0x48, 0xEE, 0x01, 0xD3, 0x48, 0x2B,
    0x7C, 0xB5, 0xC8, 0x11, 0x96, 0x00, 0xCD, 0x6B, 0x14, 0x18, 0xE9, 0x3E, 0x01, 0x3E, 0x01, 0x1B,
    0xCB, 0x7A, 0x28, 0xF7, 0xC9, 0xD5, 0x11, 0x82, 0x00, 0x1B, 0xCB, 0x7A, 0x28, 0xFB, 0xD1, 0x1B,
    0x7A, 0xB3, 0x20, 0xF1, 0xC9, 0xD5, 0x11, 0x08, 0x05, 0x1B, 0xCB, 0x7A, 0x28, 0xFB, 0xD1, 0x1B,
    0x7A, 0xB3, 0x20, 0xF1, 0xC9, 0x11, 0xFF, 0xFF, 0x7E, 0xAA, 0x57, 0x0F, 0x0F, 0x0F, 0x0F, 0xE6,
    0x0F, 0xAA, 0x57, 0x0F, 0x0F, 0x0F, 0xF5, 0xE6, 0x1F, 0xAB, 0x5F, 0xF1, 0xF5, 0x0F, 0xE6, 0xF0,
    0xAB, 0x5F, 0xF1, 0xE6, 0xE0, 0xAA, 0x53, 0x5F, 0x23, 0x0B, 0x78, 0xB1, 0x20, 0xDA, 0xC9, 0x03,
    0x37, 0x13, 0x37, 0x23, 0x37, 0x33, 0x37, 0x43, 0x37, 0x53, 0x37, 0x63, 0x37, 0x73, 0x37, 0xF5,
    0x2F, 0xF5, 0x21, 0xF5, 0x23, 0xF5, 0x25, 0xF5, 0x27, 0xF5, 0x29, 0xF5, 0x2B, 0xF5, 0x2D, 0xFF,
    0xFF, 0xFF, 0xFF, 0xFF, 0xFF, 0xFF, 0xFF, 0xFF, 0xFF, 0xFF, 0xA1, 0xFB, 0xFF, 0xFF, 0xFF, 0xFF,
    0xFF, 0xFF, 0xFF, 0xFF, 0xFF, 0xFF, 0xFF, 0xFF, 0xFE, 0x00, 0x00, 0x00, 0x01, 0x44, 0x45, 0x46,
    0x45, 0x4B, 0x54, 0x0A, 0x14, 0x0A, 0x0A, 0x0A, 0x0A, 0x0A, 0x02, 0x02, 0x02, 0x02, 0x02, 0x02,
    0x02, 0x01, 0x01, 0x01, 0x01, 0x01, 0x01, 0x01, 0x01, 0x0A, 0x02, 0x0B, 0x03, 0x0C, 0x04, 0x0D,
    0x05, 0x0E, 0x06, 0x0F, 0x07, 0x10, 0x08, 0x11, 0x09, 0x12, 0x01, 0x0A, 0x02, 0x0B, 0x03, 0x0C,
    0x04, 0x0D, 0x05, 0x0E, 0x06, 0x0F, 0x07, 0x10, 0x08, 0x11, 0x09, 0x12, 0xFF, 0xFF, 0xFF, 0xFF,
    0xFF, 0xFF, 0xFF, 0xFF, 0xFF, 0xFF, 0xFF, 0xFF, 0xFF, 0xFF, 0xFF, 0xFF, 0xFF, 0xFF, 0xFF, 0xFF,
    0xFF, 0xFF, 0xFF, 0xFF, 0xFF, 0xFF, 0xFF, 0xFF, 0xFF, 0xFF, 0xFF, 0xFF, 0xFF, 0xFF, 0xFF, 0xFF,
    0xFF, 0xFF, 0xFF, 0xFF, 0xFF, 0xFF, 0xFF, 0xFF, 0xFF, 0xFF, 0xFF, 0xFF, 0xFF, 0xFF, 0xFF, 0xFF,
    0xFF, 0xFF, 0xFF, 0xFF, 0xFF, 0xFF, 0xFF, 0xFF, 0xFF, 0xFF, 0xFF, 0xFF, 0xFF, 0xFF, 0xFF, 0xFF,
    0xFF, 0xFF, 0xFF, 0xFF, 0xFF, 0xFF, 0xFF, 0xFF, 0xFF, 0xFF, 0xFF, 0xFF, 0xFF, 0xFF, 0xFF, 0xFF,
    0xFF, 0xFF, 0xFF, 0xFF, 0xFF, 0xFF, 0xFF, 0xFF, 0xFF, 0xFF, 0xFF, 0xFF, 0xFF, 0xFF, 0xFF, 0xFF,
    0xFF, 0xFF, 0xFF, 0xFF, 0xFF, 0xFF, 0xFF, 0xFF, 0xFF, 0xFF, 0xFF, 0xFF, 0xFF, 0xFF, 0xFF, 0xFF,
    0xFF, 0xFF, 0xFF, 0xFF, 0xFF, 0xFF, 0xFF, 0xFF, 0xFF, 0xFF, 0xFF, 0xFF, 0xFF, 0xFF, 0xFF, 0xFF,
    0xFF, 0xFF, 0xFF, 0xFF, 0xFF, 0xFF, 0xFF, 0xFF, 0xFF, 0xFF, 0xFF, 0xFF, 0xFF, 0xFF, 0xFF, 0xFF,
    0xFF, 0xFF, 0xFF, 0xFF, 0xFF, 0xFF, 0xFF, 0xFF, 0xFF, 0xFF, 0xFF, 0xFF, 0xFF, 0xFF, 0xFF, 0xFF,
    0xFF, 0xFF, 0xFF, 0xFF, 0xFF, 0xFF, 0xFF, 0xFF, 0xFF, 0xFF, 0xFF, 0xFF, 0xFF, 0xFF, 0xFF, 0xFF,
    0xFF, 0xFF, 0xFF, 0xFF, 0xFF, 0xFF, 0xFF, 0xFF, 0xFF, 0xFF, 0xFF, 0xFF, 0xFF, 0xFF, 0xFF, 0xFF,
    0xFF, 0xFF, 0xFF, 0xFF, 0xFF, 0xFF, 0xFF, 0xFF, 0xFF, 0xFF, 0xFF, 0xFF, 0xFF, 0xFF, 0xFF, 0xFF,
    0xFF, 0xFF, 0xFF, 0xFF, 0xFF, 0xFF, 0xFF, 0xFF, 0xFF, 0xFF, 0xFF, 0xFF, 0xFF, 0xFF, 0xFF, 0xFF,
    0xFF, 0xFF, 0xFF, 0xFF, 0xFF, 0xFF, 0xFF, 0xFF, 0xFF, 0xFF, 0xFF, 0xFF, 0xFF, 0xFF, 0xFF, 0xFF,
    0xFF, 0xFF, 0xFF, 0xFF, 0xFF, 0xFF, 0xFF, 0xFF, 0xFF, 0xFF, 0xFF, 0xFF, 0xFF, 0xFF, 0xFF, 0xFF,
    0xFF, 0xFF, 0xFF, 0xFF, 0xFF, 0xFF, 0xFF, 0xFF, 0xFF, 0xFF, 0xFF, 0xFF, 0xFF, 0xFF, 0xFF, 0xFF,
    0xFF, 0xFF, 0xFF, 0xFF, 0xFF, 0xFF, 0xFF, 0xFF, 0xFF, 0xFF, 0xFF, 0xFF, 0xFF, 0xFF, 0xFF, 0xFF,
    0xFF, 0xFF, 0xFF, 0xFF, 0xFF, 0xFF, 0xFF, 0xFF, 0xFF, 0xFF, 0xFF, 0xFF, 0xFF, 0xFF, 0xFF, 0xFF,
    0xFF, 0xFF, 0xFF, 0xFF, 0xFF, 0xFF, 0xFF, 0xFF, 0xFF, 0xFF, 0xFF, 0xFF, 0xFF, 0xFF, 0xFF, 0xFF,
    0xFF, 0xFF, 0xFF, 0xFF, 0xFF, 0xFF, 0xFF, 0xFF, 0xFF, 0xFF, 0xFF, 0xFF, 0xFF, 0xFF, 0xFF, 0xFF,
    0xFF, 0xFF, 0xFF, 0xFF, 0xFF, 0xFF, 0xFF, 0xFF, 0xFF, 0xFF, 0xFF, 0xFF, 0xFF, 0xFF, 0xFF, 0xFF,
    0xFF, 0xFF, 0xFF, 0xFF, 0xFF, 0xFF, 0xFF, 0xFF, 0xFF, 0xFF, 0xFF, 0xFF, 0xFF, 0xFF, 0xFF, 0xFF,
    0xFF, 0xFF, 0xFF, 0xFF, 0xFF, 0xFF, 0xFF, 0xFF, 0xFF, 0xFF, 0xFF, 0xFF, 0xFF, 0xFF, 0xFF, 0xFF,
    0xFF, 0xFF, 0xFF, 0xFF, 0xFF, 0xFF, 0xFF, 0xFF, 0xFF, 0xFF, 0xFF, 0xFF, 0xFF, 0xFF, 0xFF, 0xFF,
    0xFF, 0xFF, 0xFF, 0xFF, 0xFF, 0xFF, 0xFF, 0xFF, 0xFF, 0xFF, 0xFF, 0xFF, 0xFF, 0xFF, 0xFF, 0xFF,
    0xFF, 0xFF, 0xFF, 0xFF, 0xFF, 0xFF, 0xFF, 0xFF, 0xFF, 0xFF, 0xFF, 0xFF, 0xFF, 0xFF, 0xFF, 0xFF,
    0xFF, 0xFF, 0xFF, 0xFF, 0xFF, 0xFF, 0xFF, 0xFF, 0xFF, 0xFF, 0xFF, 0xFF, 0xFF, 0xFF, 0xFF, 0xFF,
    0xFF, 0xFF, 0xFF, 0xFF, 0xFF, 0xFF, 0xFF, 0xFF, 0xFF, 0xFF, 0xFF, 0xFF, 0xFF, 0xFF, 0xFF, 0xFF,
    0xFF, 0xFF, 0xFF, 0xFF, 0xFF, 0xFF, 0xFF, 0xFF, 0xFF, 0xFF, 0xFF, 0xFF, 0xFF, 0xFF, 0xFF, 0xFF,
    0xFF, 0xFF, 0xFF, 0xFF, 0xFF, 0xFF, 0xFF, 0xFF, 0xFF, 0xFF, 0xFF, 0xFF, 0xFF, 0xFF, 0xFF, 0xFF,
    0xFF, 0xFF, 0xFF, 0xFF, 0xFF, 0xFF, 0xFF, 0xFF, 0xFF, 0xFF, 0xFF, 0xFF, 0xFF, 0xFF, 0xFF, 0xFF,
    0xFF, 0xFF, 0xFF, 0xFF, 0xFF, 0xFF, 0xFF, 0xFF, 0xFF, 0xFF, 0xFF, 0xFF, 0xFF, 0xFF, 0xFF, 0xFF,
    0xFF, 0xFF, 0xFF, 0xFF, 0xFF, 0xFF, 0xFF, 0xFF, 0xFF, 0xFF, 0xFF, 0xFF, 0xFF, 0xFF, 0xFF, 0xFF,
    0xFF, 0xFF, 0xFF, 0xFF, 0xFF, 0xFF, 0xFF, 0xFF, 0xFF, 0xFF, 0xFF, 0xFF, 0xFF, 0xFF, 0xFF, 0xFF,
    0xFF, 0xFF, 0xFF, 0xFF, 0xFF, 0xFF, 0xFF, 0xFF, 0xFF, 0xFF, 0xFF, 0xFF, 0xFF, 0xFF, 0xFF, 0xFF,
    0xFF, 0xFF, 0xFF, 0xFF, 0xFF, 0xFF, 0xFF, 0xFF, 0xFF, 0xFF, 0xFF, 0xFF, 0xFF, 0xFF, 0xFF, 0xFF,
    0xFF, 0xFF, 0xFF, 0xFF, 0xFF, 0xFF, 0xFF, 0xFF, 0xFF, 0xFF, 0xFF, 0xFF, 0xFF, 0xFF, 0xFF, 0xFF,
    0xFF, 0xFF, 0xFF, 0xFF, 0xFF, 0xFF, 0xFF, 0xFF, 0xFF, 0xFF, 0xFF, 0xFF, 0xFF, 0xFF, 0xFF, 0xFF,
    0xFF, 0xFF, 0xFF, 0xFF, 0xFF, 0xFF, 0xFF, 0xFF, 0xFF, 0xFF, 0xFF, 0xFF, 0xFF, 0xFF, 0xFF, 0xFF,
    0xFF, 0xFF, 0xFF, 0xFF, 0xFF, 0xFF, 0xFF, 0xFF, 0xFF, 0xFF, 0xFF, 0xFF, 0xFF, 0xFF, 0xFF, 0xFF,
    0xFF, 0xFF, 0xFF, 0xFF, 0xFF, 0xFF, 0xFF, 0xFF, 0xFF, 0xFF, 0xFF, 0xFF, 0xFF, 0xFF, 0xFF, 0xFF,
    0xFF, 0xFF, 0xFF, 0xFF, 0xFF, 0xFF, 0xFF, 0xFF, 0xFF, 0xFF, 0xFF, 0xFF, 0xFF, 0xFF, 0xFF, 0xFF,
    0xFF, 0xFF, 0xFF, 0xFF, 0xFF, 0xFF, 0xFF, 0xFF, 0xFF, 0xFF, 0xFF, 0xFF, 0xFF, 0xFF, 0xFF, 0xFF,
    0xFF, 0xFF, 0xFF, 0xFF, 0xFF, 0xFF, 0xFF, 0xFF, 0xFF, 0xFF, 0xFF, 0xFF, 0xFF, 0xFF, 0xFF, 0xFF,
    0xFF, 0xFF, 0xFF, 0xFF, 0xFF, 0xFF, 0xFF, 0xFF, 0xFF, 0xFF, 0xFF, 0xFF, 0xFF, 0xFF, 0xFF, 0xFF,
    0xFF, 0xFF, 0xFF, 0xFF, 0xFF, 0xFF, 0xFF, 0xFF, 0xFF, 0xFF, 0xFF, 0xFF, 0xFF, 0xFF, 0xFF, 0xFF,
    0xFF, 0xFF, 0xFF, 0xFF, 0xFF, 0xFF, 0xFF, 0xFF, 0xFF, 0xFF, 0xFF, 0xFF, 0xFF, 0xFF, 0xFF, 0xFF,
    0xFF, 0xFF, 0xFF, 0xFF, 0xFF, 0xFF, 0xFF, 0xFF, 0xFF, 0xFF, 0xFF, 0xFF, 0xFF, 0xFF, 0xFF, 0xFF,
    0xFF, 0xFF, 0xFF, 0xFF, 0xFF, 0xFF, 0xFF, 0xFF, 0xFF, 0xFF, 0xFF, 0xFF, 0xFF, 0xFF, 0xFF, 0xFF,
    0xFF, 0xFF, 0xFF, 0xFF, 0xFF, 0xFF, 0xFF, 0xFF, 0xFF, 0xFF, 0xFF, 0xFF, 0xFF, 0xFF, 0xFF, 0xFF,
    0xFF, 0xFF, 0xFF, 0xFF, 0xFF, 0xFF, 0xFF, 0xFF, 0xFF, 0xFF, 0xFF, 0xFF, 0xFF, 0xFF, 0xFF, 0xFF,
    0xFF, 0xFF, 0xFF, 0xFF, 0xFF, 0xFF, 0xFF, 0xFF, 0xFF, 0xFF, 0xFF, 0xFF, 0xFF, 0xFF, 0xFF, 0xFF,
    0xFF, 0xFF, 0xFF, 0xFF, 0xFF, 0xFF, 0xFF, 0xFF, 0xFF, 0xFF, 0xFF, 0xFF, 0xFF, 0xFF, 0xFF, 0xFF,
    0xFF, 0xFF, 0xFF, 0xFF, 0xFF, 0xFF, 0xFF, 0xFF, 0xFF, 0xFF, 0xFF, 0xFF, 0xFF, 0xFF, 0xFF, 0xFF,
    0xFF, 0xFF, 0xFF, 0xFF, 0xFF, 0xFF, 0xFF, 0xFF, 0xFF, 0xFF, 0xFF, 0xFF, 0xFF, 0xFF, 0xFF, 0xFF,
    0xFF, 0xFF, 0xFF, 0xFF, 0xFF, 0xFF, 0xFF, 0xFF, 0xFF, 0xFF, 0xFF, 0xFF, 0xFF, 0xFF, 0xFF, 0xFF,
    0xFF, 0xFF, 0xFF, 0xFF, 0xFF, 0xFF, 0xFF, 0xFF, 0xFF, 0xFF, 0xFF, 0xFF, 0xFF, 0xFF, 0xFF, 0xFF,
    0xFF, 0xFF, 0xFF, 0xFF, 0xFF, 0xFF, 0xFF, 0xFF, 0xFF, 0xFF, 0xFF, 0xFF, 0xFF, 0xFF, 0xFF, 0xFF,
    0xFF, 0xFF, 0xFF, 0xFF, 0xFF, 0xFF, 0xFF, 0xFF, 0xFF, 0xFF, 0xFF, 0xFF, 0xFF, 0xFF, 0xFF, 0xFF,
    0xFF, 0xFF, 0xFF, 0xFF, 0xFF, 0xFF, 0xFF, 0xFF, 0xFF, 0xFF, 0xFF, 0xFF, 0xFF, 0xFF, 0xFF, 0xFF,
    0xFF, 0xFF, 0xFF, 0xFF, 0xFF, 0xFF, 0xFF, 0xFF, 0xFF, 0xFF, 0xFF, 0xFF, 0xFF, 0xFF, 0xFF, 0xFF,
    0xFF, 0xFF, 0xFF, 0xFF, 0xFF, 0xFF, 0xFF, 0xFF, 0xFF, 0xFF, 0xFF, 0xFF, 0xFF, 0xFF, 0xFF, 0xFF,
    0xFF, 0xFF, 0xFF, 0xFF, 0xFF, 0xFF, 0xFF, 0xFF, 0xFF, 0xFF, 0xFF, 0xFF, 0xFF, 0xFF, 0xFF, 0xFF,
    0xFF, 0xFF, 0xFF, 0xFF, 0xFF, 0xFF, 0xFF, 0xFF, 0xFF, 0xFF, 0xFF, 0xFF, 0xFF, 0xFF, 0xFF, 0xFF,
    0xFF, 0xFF, 0xFF, 0xFF, 0xFF, 0xFF, 0xFF, 0xFF, 0xFF, 0xFF, 0xFF, 0xFF, 0xFF, 0xFF, 0xFF, 0xFF,
    0xFF, 0xFF, 0xFF, 0xFF, 0xFF, 0xFF, 0xFF, 0xFF, 0xFF, 0xFF, 0xFF, 0xFF, 0xFF, 0xFF, 0xFF, 0xFF,
    0xFF, 0xFF, 0xFF, 0xFF, 0xFF, 0xFF, 0xFF, 0xFF, 0xFF, 0xFF, 0xFF, 0xFF, 0xFF, 0xFF, 0xFF, 0xFF,
    0xFF, 0xFF, 0xFF, 0xFF, 0xFF, 0xFF, 0xFF, 0xFF, 0xFF, 0xFF, 0xFF, 0xFF, 0xFF, 0xFF, 0xFF, 0xFF,
    0xFF, 0xFF, 0xFF, 0xFF, 0xFF, 0xFF, 0xFF, 0xFF, 0xFF, 0xFF, 0xFF, 0xFF, 0xFF, 0xFF, 0xFF, 0xFF,
    0xFF, 0xFF, 0xFF, 0xFF, 0xFF, 0xFF, 0xFF, 0xFF, 0xFF, 0xFF, 0xFF, 0xFF, 0xFF, 0xFF, 0xFF, 0xFF,
    0xFF, 0xFF, 0xFF, 0xFF, 0xFF, 0xFF, 0xFF, 0xFF, 0xFF, 0xFF, 0xFF, 0xFF, 0xFF, 0xFF, 0xFF, 0xFF,
    0xFF, 0xFF, 0xFF, 0xFF, 0xFF, 0xFF, 0xFF, 0xFF, 0xFF, 0xFF, 0xFF, 0xFF, 0xFF, 0xFF, 0xFF, 0xFF,
    0xFF, 0xFF, 0xFF, 0xFF, 0xFF, 0xFF, 0xFF, 0xFF, 0xFF, 0xFF, 0xFF, 0xFF, 0xFF, 0xFF, 0xFF, 0xFF,
    0xFF, 0xFF, 0xFF, 0xFF, 0xFF, 0xFF, 0xFF, 0xFF, 0xFF, 0xFF, 0xFF, 0xFF, 0xFF, 0xFF, 0xFF, 0xFF,
    0xFF, 0xFF, 0xFF, 0xFF, 0xFF, 0xFF, 0xFF, 0xFF, 0xFF, 0xFF, 0xFF, 0xFF, 0xFF, 0xFF, 0xFF, 0xFF,
    0xFF, 0xFF, 0xFF, 0xFF, 0xFF, 0xFF, 0xFF, 0xFF, 0xFF, 0xFF, 0xFF, 0xFF, 0xFF, 0xFF, 0xFF, 0xFF,
    0xFF, 0xFF, 0xFF, 0xFF, 0xFF, 0xFF, 0xFF, 0xFF, 0xFF, 0xFF, 0xFF, 0xFF, 0xFF, 0xFF, 0xFF, 0xFF,
    0xFF, 0xFF, 0xFF, 0xFF, 0xFF, 0xFF, 0xFF, 0xFF, 0xFF, 0xFF, 0xFF, 0xFF, 0xFF, 0xFF, 0xFF, 0xFF,
    0xFF, 0xFF, 0xFF, 0xFF, 0xFF, 0xFF, 0xFF, 0xFF, 0xFF, 0xFF, 0xFF, 0xFF, 0xFF, 0xFF, 0xFF, 0xFF,
    0xFF, 0xFF, 0xFF, 0xFF, 0xFF, 0xFF, 0xFF, 0xFF, 0xFF, 0xFF, 0xFF, 0xFF, 0xFF, 0xFF, 0xFF, 0xFF,
    0xFF, 0xFF, 0xFF, 0xFF, 0xFF, 0xFF, 0xFF, 0xFF, 0xFF, 0xFF, 0xFF, 0xFF, 0xFF, 0xFF, 0xFF, 0xFF,
    0xFF, 0xFF, 0xFF, 0xFF, 0xFF, 0xFF, 0xFF, 0xFF, 0xFF, 0xFF, 0xFF, 0xFF, 0xFF, 0xFF, 0xFF, 0xFF,
    0xFF, 0xFF, 0xFF, 0xFF, 0xFF, 0xFF, 0xFF, 0xFF, 0xFF, 0xFF, 0xFF, 0xFF, 0xFF, 0xFF, 0xFF, 0xFF,
    0xFF, 0xFF, 0xFF, 0xFF, 0xFF, 0xFF, 0xFF, 0xFF, 0xFF, 0xFF, 0xFF, 0xFF, 0xFF, 0xFF, 0xFF, 0xFF,
    0xFF, 0xFF, 0xFF, 0xFF, 0xFF, 0xFF, 0xFF, 0xFF, 0xFF, 0xFF, 0xFF, 0xFF, 0xFF, 0xFF, 0xFF, 0xFF,
    0xFF, 0xFF, 0xFF, 0xFF, 0xFF, 0xFF, 0xFF, 0xFF, 0xFF, 0xFF, 0xFF, 0xFF, 0xFF, 0xFF, 0xFF, 0xFF,
    0xFF, 0xFF, 0xFF, 0xFF, 0xFF, 0xFF, 0xFF, 0xFF, 0xFF, 0xFF, 0xFF, 0xFF, 0xFF, 0xFF, 0xFF, 0xFF,
    0xFF, 0xFF, 0xFF, 0xFF, 0xFF, 0xFF, 0xFF, 0xFF, 0xFF, 0xFF, 0xFF, 0xFF, 0xFF, 0xFF, 0xFF, 0xFF,
    0xFF, 0xFF, 0xFF, 0xFF, 0xFF, 0xFF, 0xFF, 0xFF, 0xFF, 0xFF, 0xFF, 0xFF, 0xFF, 0xFF, 0xFF, 0xFF,
    0xFF, 0xFF, 0xFF, 0xFF, 0xFF, 0xFF, 0xFF, 0xFF, 0xFF, 0xFF, 0xFF, 0xFF, 0xFF, 0xFF, 0xFF, 0xFF,
    0xFF, 0xFF, 0xFF, 0xFF, 0xFF, 0xFF, 0xFF, 0xFF, 0xFF, 0xFF, 0xFF, 0xFF, 0xFF, 0xFF, 0xFF, 0xFF,
    0xFF, 0xFF, 0xFF, 0xFF, 0xFF, 0xFF, 0xFF, 0xFF, 0xFF, 0xFF, 0xFF, 0xFF, 0xFF, 0xFF, 0xFF, 0xFF,
    0xFF, 0xFF, 0xFF, 0xFF, 0xFF, 0xFF, 0xFF, 0xFF, 0xFF, 0xFF, 0xFF, 0xFF, 0xFF, 0xFF, 0xFF, 0xFF,
    0xFF, 0xFF, 0xFF, 0xFF, 0xFF, 0xFF, 0xFF, 0xFF, 0xFF, 0xFF, 0xFF, 0xFF, 0xFF, 0xFF, 0xFF, 0xFF,
    0xFF, 0xFF, 0xFF, 0xFF, 0xFF, 0xFF, 0xFF, 0xFF, 0xFF, 0xFF, 0xFF, 0xFF, 0xFF, 0xFF, 0xFF, 0xFF,
    0xFF, 0xFF, 0xFF, 0xFF, 0xFF, 0xFF, 0xFF, 0xFF, 0xFF, 0xFF, 0xFF, 0xFF, 0xFF, 0xFF, 0xFF, 0xFF,
    0xFF, 0xFF, 0xFF, 0xFF, 0xFF, 0xFF, 0xFF, 0xFF, 0xFF, 0xFF, 0xFF, 0xFF, 0xFF, 0xFF, 0xFF, 0xFF,
    0xFF, 0xFF, 0xFF, 0xFF, 0xFF, 0xFF, 0xFF, 0xFF, 0xFF, 0xFF, 0xFF, 0xFF, 0xFF, 0xFF, 0xFF, 0xFF,
    0xFF, 0xFF, 0xFF, 0xFF, 0xFF, 0xFF, 0xFF, 0xFF, 0xFF, 0xFF, 0xFF, 0xFF, 0xFF, 0xFF, 0xFF, 0xFF,
    0xFF, 0xFF, 0xFF, 0xFF, 0xFF, 0xFF, 0xFF, 0xFF, 0xFF, 0xFF, 0xFF, 0xFF, 0xFF, 0xFF, 0xFF, 0xFF,
    0xFF, 0xFF, 0xFF, 0xFF, 0xFF, 0xFF, 0xFF, 0xFF, 0xFF, 0xFF, 0xFF, 0xFF, 0xFF, 0xFF, 0xFF, 0xFF,
    0xFF, 0xFF, 0xFF, 0xFF, 0xFF, 0xFF, 0xFF, 0xFF, 0xFF, 0xFF, 0xFF, 0xFF, 0xFF, 0xFF, 0xFF, 0xFF,
    0xFF, 0xFF, 0xFF, 0xFF, 0xFF, 0xFF, 0xFF, 0xFF, 0xFF, 0xFF, 0xFF, 0xFF, 0xFF, 0xFF, 0xFF, 0xFF,
    0xFF, 0xFF, 0xFF, 0xFF, 0xFF, 0xFF, 0xFF, 0xFF, 0xFF, 0xFF, 0xFF, 0xFF, 0xFF, 0xFF, 0xFF, 0xFF,
    0xFF, 0xFF, 0xFF, 0xFF, 0xFF, 0xFF, 0xFF, 0xFF, 0xFF, 0xFF, 0xFF, 0xFF, 0xFF, 0xFF, 0xFF, 0xFF,
    0xFF, 0xFF, 0xFF, 0xFF, 0xFF, 0xFF, 0xFF, 0xFF, 0xFF, 0xFF, 0xFF, 0xFF, 0xFF, 0xFF, 0xFF, 0xFF,
    0xFF, 0xFF, 0xFF, 0xFF, 0xFF, 0xFF, 0xFF, 0xFF, 0xFF, 0xFF, 0xFF, 0xFF, 0xFF, 0xFF, 0xFF, 0xFF,
    0xFF, 0xFF, 0xFF, 0xFF, 0xFF, 0xFF, 0xFF, 0xFF, 0xFF, 0xFF, 0xFF, 0xFF, 0xFF, 0xFF, 0xFF, 0xFF,
    0xFF, 0xFF, 0xFF, 0xFF, 0xFF, 0xFF, 0xFF, 0xFF, 0xFF, 0xFF, 0xFF, 0xFF, 0xFF, 0xFF, 0xFF, 0xFF,
    0xFF, 0xFF, 0xFF, 0xFF, 0xFF, 0xFF, 0xFF, 0xFF, 0xFF, 0xFF, 0xFF, 0xFF, 0xFF, 0xFF, 0xFF, 0xFF,
    0xFF, 0xFF, 0xFF, 0xFF, 0xFF, 0xFF, 0xFF, 0xFF, 0xFF, 0xFF, 0xFF, 0xFF, 0xFF, 0xFF, 0xFF, 0xFF,
    0xFF, 0xFF, 0xFF, 0xFF, 0xFF, 0xFF, 0xFF, 0xFF, 0xFF, 0xFF, 0xFF, 0xFF, 0xFF, 0xFF, 0xFF, 0xFF,
    0xFF, 0xFF, 0xFF, 0xFF, 0xFF, 0xFF, 0xFF, 0xFF, 0xFF, 0xFF, 0xFF, 0xFF, 0xFF, 0xFF, 0xFF, 0xFF,
    0xFF, 0xFF, 0xFF, 0xFF, 0xFF, 0xFF, 0xFF, 0xFF, 0xFF, 0xFF, 0xFF, 0xFF, 0xFF, 0xFF, 0xFF, 0xFF,
    0xFF, 0xFF, 0xFF, 0xFF, 0xFF, 0xFF, 0xFF, 0xFF, 0xFF, 0xFF, 0xFF, 0xFF, 0xFF, 0xFF, 0xFF, 0xFF,
    0xFF, 0xFF, 0xFF, 0xFF, 0xFF, 0xFF, 0xFF, 0xFF, 0xFF, 0xFF, 0xFF, 0xFF, 0xFF, 0xFF, 0xFF, 0xFF,
    0xFF, 0xFF, 0xFF, 0xFF, 0xFF, 0xFF, 0xFF, 0xFF, 0xFF, 0xFF, 0xFF, 0xFF, 0xFF, 0xFF, 0xFF, 0xFF,
    0xFF, 0xFF, 0xFF, 0xFF, 0xFF, 0xFF, 0xFF, 0xFF, 0xFF, 0xFF, 0xFF, 0xFF, 0xFF, 0xFF, 0xFF, 0xFF,
    0xFF, 0xFF, 0xFF, 0xFF, 0xFF, 0xFF, 0xFF, 0xFF, 0xFF, 0xFF, 0xFF, 0xFF, 0xFF, 0xFF, 0xFF, 0xFF,
    0xFF, 0xFF, 0xFF, 0xFF, 0xFF, 0xFF, 0xFF, 0xFF, 0xFF, 0xFF, 0xFF, 0xFF, 0xFF, 0xFF, 0xFF, 0xFF,
    0xFF, 0xFF, 0xFF, 0xFF, 0xFF, 0xFF, 0xFF, 0xFF, 0xFF, 0xFF, 0xFF, 0xFF, 0xFF, 0xFF, 0xFF, 0xFF,
    0xFF, 0xFF, 0xFF, 0xFF, 0xFF, 0xFF, 0xFF, 0xFF, 0xFF, 0xFF, 0xFF, 0xFF, 0xFF, 0xFF, 0xFF, 0xFF,
    0xFF, 0xFF, 0xFF, 0xFF, 0xFF, 0xFF, 0xFF, 0xFF, 0xFF, 0xFF, 0xFF, 0xFF, 0xFF, 0xFF, 0xFF, 0xFF,
    0xFF, 0xFF, 0xFF, 0xFF, 0xFF, 0xFF, 0xFF, 0xFF, 0xFF, 0xFF, 0xFF, 0xFF, 0xFF, 0xFF, 0xFF, 0xFF,
    0xFF, 0xFF, 0xFF, 0xFF, 0xFF, 0xFF, 0xFF, 0xFF, 0xFF, 0xFF, 0xFF, 0xFF, 0xFF, 0xFF, 0xFF, 0xFF,
    0xFF, 0xFF, 0xFF, 0xFF, 0xFF, 0xFF, 0xFF, 0xFF, 0xFF, 0xFF, 0xFF, 0xFF, 0xFF, 0xFF, 0xFF, 0xFF,
    0xFF, 0xFF, 0xFF, 0xFF, 0xFF, 0xFF, 0xFF, 0xFF, 0xFF, 0xFF, 0xFF, 0xFF, 0xFF, 0xFF, 0xFF, 0xFF,
    0xFF, 0xFF, 0xFF, 0xFF, 0xFF, 0xFF, 0xFF, 0xFF, 0xFF, 0xFF, 0xFF, 0xFF, 0xFF, 0xFF, 0xFF, 0xFF,
    0xFF, 0xFF, 0xFF, 0xFF, 0xFF, 0xFF, 0xFF, 0xFF, 0xFF, 0xFF, 0xFF, 0xFF, 0xFF, 0xFF, 0xFF, 0xFF,
    0xFF, 0xFF, 0xFF, 0xFF, 0xFF, 0xFF, 0xFF, 0xFF, 0xFF, 0xFF, 0xFF, 0xFF, 0xFF, 0xFF, 0xFF, 0xFF,
    0xFF, 0xFF, 0xFF, 0xFF, 0xFF, 0xFF, 0xFF, 0xFF, 0xFF, 0xFF, 0xFF, 0xFF, 0xFF, 0xFF, 0xFF, 0xFF,
    0xFF, 0xFF, 0xFF, 0xFF, 0xFF, 0xFF, 0xFF, 0xFF, 0xFF, 0xFF, 0xFF, 0xFF, 0xFF, 0xFF, 0xFF, 0xFF,
    0xFF, 0xFF, 0xFF, 0xFF, 0xFF, 0xFF, 0xFF, 0xFF, 0xFF, 0xFF, 0xFF, 0xFF, 0xFF, 0xFF, 0xFF, 0xFF,
    0xFF, 0xFF, 0xFF, 0xFF, 0xFF, 0xFF, 0xFF, 0xFF, 0xFF, 0xFF, 0xFF, 0xFF, 0xFF, 0xFF, 0xFF, 0xFF,
    0xFF, 0xFF, 0xFF, 0xFF, 0xFF, 0xFF, 0xFF, 0xFF, 0xFF, 0xFF, 0xFF, 0xFF, 0xFF, 0xFF, 0xFF, 0xFF,
    0xFF, 0xFF, 0xFF, 0xFF, 0xFF, 0xFF, 0xFF, 0xFF, 0xFF, 0xFF, 0xFF, 0xFF, 0xFF, 0xFF, 0xFF, 0xFF,
    0xFF, 0xFF, 0xFF, 0xFF, 0xFF, 0xFF, 0xFF, 0xFF, 0xFF, 0xFF, 0xFF, 0xFF, 0xFF, 0xFF, 0xFF, 0xFF,
    0xFF, 0xFF, 0xFF, 0xFF, 0xFF, 0xFF, 0xFF, 0xFF, 0xFF, 0xFF, 0xFF, 0xFF, 0xFF, 0xFF, 0xFF, 0xFF,
    0xFF, 0xFF, 0xFF, 0xFF, 0xFF, 0xFF, 0xFF, 0xFF, 0xFF, 0xFF, 0xFF, 0xFF, 0xFF, 0xFF, 0xFF, 0xFF,
    0xFF, 0xFF, 0xFF, 0xFF, 0xFF, 0xFF, 0xFF, 0xFF, 0xFF, 0xFF, 0xFF, 0xFF, 0xFF, 0xFF, 0xFF, 0xFF,
    0xFF, 0xFF, 0xFF, 0xFF, 0xFF, 0xFF, 0xFF, 0xFF, 0xFF, 0xFF, 0xFF, 0xFF, 0xFF, 0xFF, 0xFF, 0xFF,
    0xFF, 0xFF, 0xFF, 0xFF, 0xFF, 0xFF, 0xFF, 0xFF, 0xFF, 0xFF, 0xFF, 0xFF, 0xFF, 0xFF, 0xFF, 0xFF,
    0xFF, 0xFF, 0xFF, 0xFF, 0xFF, 0xFF, 0xFF, 0xFF, 0xFF, 0xFF, 0xFF, 0xFF, 0xFF, 0xFF, 0xFF, 0xFF,
    0xFF, 0xFF, 0xFF, 0xFF, 0xFF, 0xFF, 0xFF, 0xFF, 0xFF, 0xFF, 0xFF, 0xFF, 0xFF, 0xFF, 0xFF, 0xFF,
    0xFF, 0xFF, 0xFF, 0xFF, 0xFF, 0xFF, 0xFF, 0xFF, 0xFF, 0xFF, 0xFF, 0xFF, 0xFF, 0xFF, 0xFF, 0xFF,
    0xFF, 0xFF, 0xFF, 0xFF, 0xFF, 0xFF, 0xFF, 0xFF, 0xFF, 0xFF, 0xFF, 0xFF, 0xFF, 0xFF, 0xFF, 0xFF,
    0xFF, 0xFF, 0xFF, 0xFF, 0xFF, 0xFF, 0xFF, 0xFF, 0xFF, 0xFF, 0xFF, 0xFF, 0xFF, 0xFF, 0xFF, 0xFF,
    0xFF, 0xFF, 0xFF, 0xFF, 0xFF, 0xFF, 0xFF, 0xFF, 0xFF, 0xFF, 0xFF, 0xFF, 0xFF, 0xFF, 0xFF, 0xFF,
    0xFF, 0xFF, 0xFF, 0xFF, 0xFF, 0xFF, 0xFF, 0xFF, 0xFF, 0xFF, 0xFF, 0xFF, 0xFF, 0xFF, 0xFF, 0xFF,
    0xFF, 0xFF, 0xFF, 0xFF, 0xFF, 0xFF, 0xFF, 0xFF, 0xFF, 0xFF, 0xFF, 0xFF, 0xFF, 0xFF, 0xFF, 0xFF,
    0xFF, 0xFF, 0xFF, 0xFF, 0xFF, 0xFF, 0xFF, 0xFF, 0xFF, 0xFF, 0xFF, 0xFF, 0xFF, 0xFF, 0xFF, 0xFF,
    0xFF, 0xFF, 0xFF, 0xFF, 0xFF, 0xFF, 0xFF, 0xFF, 0xFF, 0xFF, 0xFF, 0xFF, 0xFF, 0xFF, 0xFF, 0xFF,
    0xFF, 0xFF, 0xFF, 0xFF, 0xFF, 0xFF, 0xFF, 0xFF, 0xFF, 0xFF, 0xFF, 0xFF, 0xFF, 0xFF, 0xFF, 0xFF,
    0xFF, 0xFF, 0xFF, 0xFF, 0xFF, 0xFF, 0xFF, 0xFF, 0xFF, 0xFF, 0xFF, 0xFF, 0xFF, 0xFF, 0xFF, 0xFF,
    0xFF, 0xFF, 0xFF, 0xFF, 0xFF, 0xFF, 0xFF, 0xFF, 0xFF, 0xFF, 0xFF, 0xFF, 0xFF, 0xFF, 0xFF, 0xFF,
    0xFF, 0xFF, 0xFF, 0xFF, 0xFF, 0xFF, 0xFF, 0xFF, 0xFF, 0xFF, 0xFF, 0xFF, 0xFF, 0xFF, 0xFF, 0xFF,
    0xFF, 0xFF, 0xFF, 0xFF, 0xFF, 0xFF, 0xFF, 0xFF, 0xFF, 0xFF, 0xFF, 0xFF, 0xFF, 0xFF, 0xFF, 0xFF,
    0xFF, 0xFF, 0xFF, 0xFF, 0xFF, 0xFF, 0xFF, 0xFF, 0xFF, 0xFF, 0xFF, 0xFF, 0xFF, 0xFF, 0xFF, 0xFF,
    0xFF, 0xFF, 0xFF, 0xFF, 0xFF, 0xFF, 0xFF, 0xFF, 0xFF, 0xFF, 0xFF, 0xFF, 0xFF, 0xFF, 0xFF, 0xFF,
    0xFF, 0xFF, 0xFF, 0xFF, 0xFF, 0xFF, 0xFF, 0xFF, 0xFF, 0xFF, 0xFF, 0xFF, 0xFF, 0xFF, 0xFF, 0xFF,
    0xFF, 0xFF, 0xFF, 0xFF, 0xFF, 0xFF, 0xFF, 0xFF, 0xFF, 0xFF, 0xFF, 0xFF, 0xFF, 0xFF, 0xFF, 0xFF,
    0xFF, 0xFF, 0xFF, 0xFF, 0xFF, 0xFF, 0xFF, 0xFF, 0xFF, 0xFF, 0xFF, 0xFF, 0xFF, 0xFF, 0xFF, 0xFF,
    0xFF, 0xFF, 0xFF, 0xFF, 0xFF, 0xFF, 0xFF, 0xFF, 0xFF, 0xFF, 0xFF, 0xFF, 0xFF, 0xFF, 0xFF, 0xFF,
    0xFF, 0xFF, 0xFF, 0xFF, 0xFF, 0xFF, 0xFF, 0xFF, 0xFF, 0xFF, 0xFF, 0xFF, 0xFF, 0xFF, 0xFF, 0xFF,
    0xFF, 0xFF, 0xFF, 0xFF, 0xFF, 0xFF, 0xFF, 0xFF, 0xFF, 0xFF, 0xFF, 0xFF, 0xFF, 0xFF, 0xFF, 0xFF,
    0xFF, 0xFF, 0xFF, 0xFF, 0xFF, 0xFF, 0xFF, 0xFF, 0xFF, 0xFF, 0xFF, 0xFF, 0xFF, 0xFF, 0xFF, 0xFF,
    0xFF, 0xFF, 0xFF, 0xFF, 0xFF, 0xFF, 0xFF, 0xFF, 0xFF, 0xFF, 0xFF, 0xFF, 0xFF, 0xFF, 0xFF, 0xFF,
    0xFF, 0xFF, 0xFF, 0xFF, 0xFF, 0xFF, 0xFF, 0xFF, 0xFF, 0xFF, 0xFF, 0xFF, 0xFF, 0xFF, 0xFF, 0xFF,
    0xFF, 0xFF, 0xFF, 0xFF, 0xFF, 0xFF, 0xFF, 0xFF, 0xFF, 0xFF, 0xFF, 0xFF, 0xFF, 0xFF, 0xFF, 0xFF,
    0xFF, 0xFF, 0xFF, 0xFF, 0xFF, 0xFF, 0xFF, 0xFF, 0xFF, 0xFF, 0xFF, 0xFF, 0xFF, 0xFF, 0xFF, 0xFF,
    0xFF, 0xFF, 0xFF, 0xFF, 0xFF, 0xFF, 0xFF, 0xFF, 0x07, 0x0F, 0xF8, 0xF0, 0x59, 0xE8, 0xA6, 0x17,
};
// Generated from: doc/p8000/eproms/WDC/WDC_1_3.4_05
// Size: 4096 bytes
static constexpr uint8_t P8K_WDC_3_4_05[4096] = {
    0x18, 0x0C, 0x57, 0x44, 0x43, 0x5F, 0x56, 0x2E, 0x33, 0x2E, 0x34, 0x2E, 0x30, 0x35, 0x31, 0x80,
    0x30, 0x2A, 0xF8, 0x0F, 0xED, 0x5B, 0xFA, 0x0F, 0x19, 0x23, 0x7C, 0xB5, 0xC2, 0x57, 0x00, 0xC3,
    0x2D, 0x00, 0xED, 0x5B, 0xFE, 0x1F, 0x19, 0x23, 0x7C, 0xB5, 0xC2, 0x57, 0x00, 0x21, 0x00, 0x00,
    0x01, 0xF8, 0x0F, 0xCD, 0xFA, 0x0E, 0x2A, 0xF8, 0x0F, 0x7A, 0x53, 0x5F, 0xAF, 0xED, 0x52, 0xC2,
    0x57, 0x00, 0xC3, 0x5C, 0x00, 0x01, 0xF8, 0x0F, 0xCD, 0xFA, 0x0E, 0x2A, 0xFC, 0x1F, 0x7A, 0x53,
    0x5F, 0xAF, 0xED, 0x52, 0xCA, 0x5C, 0x00, 0x3E, 0x06, 0xD3, 0x18, 0x76, 0x21, 0xE0, 0x37, 0x7C,
    0xED, 0x47, 0xED, 0x5E, 0xFB, 0x3E, 0x03, 0xD3, 0x70, 0xD3, 0x71, 0xD3, 0x72, 0xD3, 0x73, 0x7D,
    0xD3, 0x70, 0x21, 0x0E, 0x07, 0x22, 0xE0, 0x37, 0x21, 0x2F, 0x07, 0x22, 0xE2, 0x37, 0x21, 0x2A,
    0x0E, 0x22, 0xE4, 0x37, 0x21, 0x2F, 0x07, 0x22, 0xE6, 0x37, 0x06, 0x0A, 0x21, 0x3C, 0x34, 0x36,
    0x00, 0x23, 0x10, 0xFB, 0x21, 0x4A, 0x31, 0x36, 0x00, 0x21, 0x0A, 0x34, 0x06, 0x50, 0xAF, 0x77,
    0x23, 0x10, 0xFC, 0x3E, 0x00, 0x32, 0x2B, 0x31, 0x3E, 0x92, 0xD3, 0x58, 0x3E, 0x12, 0x32, 0x2D,
    0x31, 0xD3, 0x58, 0x3E, 0x00, 0x32, 0x2C, 0x31, 0xD3, 0x48, 0x3A, 0x2D, 0x31, 0xE6, 0xF0, 0x47,
    0xF6, 0x07, 0x32, 0x3A, 0x31, 0x78, 0xF6, 0x02, 0x32, 0x3B, 0x31, 0x78, 0xF6, 0x05, 0x32, 0x3C,
    0x31, 0x78, 0xF6, 0x07, 0x32, 0x3D, 0x31, 0x78, 0xF6, 0x03, 0x32, 0x3F, 0x31, 0x78, 0xF6, 0x04,
    0x32, 0x3E, 0x31, 0xCB, 0xD8, 0x78, 0xF6, 0x0D, 0x32, 0x40, 0x31, 0x78, 0xF6, 0x0B, 0x32, 0x41,
    0x31, 0x78, 0xF6, 0x0F, 0x32, 0x42, 0x31, 0x21, 0x00, 0x04, 0x22, 0x13, 0x31, 0xCD, 0xB4, 0x01,
    0x21, 0x00, 0x00, 0x3E, 0x00, 0x06, 0x05, 0x16, 0x00, 0x1E, 0x12, 0x19, 0x30, 0x01, 0x3C, 0x10,
    0xFA, 0x22, 0x19, 0x31, 0x32, 0x1B, 0x31, 0x21, 0x00, 0x00, 0x22, 0x15, 0x31, 0x22, 0x17, 0x31,
    0x16, 0x00, 0x1E, 0x12, 0x21, 0xFF, 0x03, 0xE5, 0x06, 0x05, 0x2A, 0x15, 0x31, 0x19, 0x22, 0x15,
    0x31, 0x30, 0x08, 0xAF, 0x2A, 0x17, 0x31, 0x23, 0x22, 0x17, 0x31, 0x10, 0xED, 0xE1, 0x2B, 0x7C,
    0xB5, 0xC2, 0x27, 0x01, 0x21, 0x15, 0x31, 0x06, 0x04, 0x35, 0x7E, 0xFE, 0xFF, 0x20, 0x03, 0x23,
    0x10, 0xF7, 0x06, 0x0F, 0x04, 0x04, 0x11, 0x64, 0x00, 0xCD, 0xEA, 0x0E, 0xDB, 0x88, 0xCB, 0x57,
    0x28, 0x0A, 0x10, 0xF2, 0x3E, 0x08, 0x32, 0x4A, 0x31, 0xC3, 0xCE, 0x01, 0x3A, 0x2C, 0x31, 0xCB,
    0x9F, 0x32, 0x2C, 0x31, 0xD3, 0x48, 0x21, 0x01, 0x04, 0xDB, 0x88, 0xCB, 0x5F, 0x20, 0xFA, 0xDB,
    0x88, 0xCB, 0x77, 0x28, 0x18, 0x3A, 0x2C, 0x31, 0xCB, 0xC7, 0xD3, 0x48, 0xCB, 0x87, 0xD3, 0x48,
    0x2B, 0x7C, 0xB5, 0x20, 0xE4, 0x3E, 0x07, 0x32, 0x4A, 0x31, 0xC3, 0xCE, 0x01, 0x21, 0x00, 0x00,
    0x22, 0x2E, 0x31, 0x11, 0x24, 0x31, 0x21, 0x24, 0x0F, 0x01, 0x05, 0x00, 0xED, 0xB0, 0xCD, 0x71,
    0x03, 0xC3, 0xCE, 0x01, 0x21, 0xF5, 0x25, 0x06, 0x0B, 0x36, 0xFF, 0x23, 0x10, 0xFB, 0x36, 0xA1,
    0x23, 0x36, 0xFB, 0x06, 0x0C, 0x21, 0x02, 0x28, 0x36, 0xFF, 0x23, 0x10, 0xFB, 0xC9, 0x01, 0x09,
    0x00, 0x21, 0xFF, 0x31, 0x3E, 0x01, 0xCD, 0x2A, 0x0D, 0x06, 0x0A, 0x21, 0x3C, 0x34, 0x34, 0x20,
    0x03, 0x23, 0x10, 0xFA, 0x3A, 0x4A, 0x31, 0xFE, 0x00, 0xC2, 0x81, 0x0E, 0x21, 0xF7, 0x31, 0x7E,
    0xCB, 0x4F, 0xCA, 0x07, 0x02, 0xFE, 0xC2, 0x28, 0x0E, 0xED, 0x4B, 0xFD, 0x31, 0x21, 0x02, 0x26,
    0x09, 0x2B, 0x3E, 0x02, 0xCD, 0x2A, 0x0D, 0x21, 0xF7, 0x31, 0x7E, 0xCB, 0x57, 0xC2, 0x63, 0x02,
    0xCB, 0x47, 0xC2, 0x1A, 0x02, 0xCB, 0x4F, 0xCA, 0xF3, 0x02, 0xCB, 0x6F, 0x28, 0x23, 0x21, 0xFC,
    0x31, 0x11, 0x18, 0x31, 0x06, 0x04, 0x1A, 0xBE, 0x38, 0x0F, 0x20, 0x04, 0x2B, 0x1B, 0x10, 0xF6,
    0xCD, 0xFB, 0x07, 0xCD, 0x9A, 0x07, 0xC3, 0x6C, 0x02, 0x3E, 0x15, 0x32, 0x4A, 0x31, 0xC3, 0x81,
    0x0E, 0xCB, 0x67, 0x28, 0x0C, 0x21, 0xF9, 0x31, 0xCD, 0x8D, 0x07, 0xCD, 0x9A, 0x07, 0xC3, 0x6C,
    0x02, 0xCB, 0x77, 0x28, 0x0E, 0x11, 0x24, 0x31, 0x21, 0x24, 0x0F, 0x01, 0x05, 0x00, 0xED, 0xB0,
    0xC3, 0x6C, 0x02, 0x21, 0xF9, 0x31, 0xCD, 0x8D, 0x07, 0xC3, 0x6C, 0x02, 0x2A, 0x25, 0x31, 0x22,
    0x30, 0x31, 0x01, 0x00, 0x04, 0xAF, 0xED, 0x42, 0xD2, 0x50, 0x0E, 0x2A, 0x30, 0x31, 0xED, 0x4B,
    0x2E, 0x31, 0xAF, 0xED, 0x42, 0xCA, 0xDB, 0x02, 0xDA, 0x97, 0x02, 0x3A, 0x2C, 0x31, 0xCB, 0xDF,
    0x32, 0x2C, 0x31, 0xD3, 0x48, 0x18, 0x12, 0x3A, 0x2C, 0x31, 0xCB, 0x9F, 0x32, 0x2C, 0x31, 0xD3,
    0x48, 0xE5, 0xC1, 0x21, 0x00, 0x00, 0xAF, 0xED, 0x42, 0xE5, 0x01, 0x0C, 0x00, 0xED, 0x42, 0xE1,
    0x00, 0x00, 0xCD, 0xB8, 0x0E, 0x18, 0x03, 0xCD, 0xC9, 0x0E, 0xDB, 0x88, 0xCB, 0x5F, 0x20, 0xFA,
    0x2A, 0x30, 0x31, 0x7C, 0xB5, 0x20, 0x0E, 0xDB, 0x88, 0xCB, 0x77, 0x28, 0x08, 0x3E, 0x11, 0x32,
    0x4A, 0x31, 0xC3, 0x81, 0x0E, 0x2A, 0x30, 0x31, 0x22, 0x2E, 0x31, 0x3A, 0x27, 0x31, 0xFE, 0x05,
    0xD2, 0x3D, 0x0E, 0x0F, 0x0F, 0x0F, 0x0F, 0x47, 0x3A, 0x2C, 0x31, 0xE6, 0x0F, 0xB0, 0x32, 0x2C,
    0x31, 0xD3, 0x48, 0x21, 0xF7, 0x31, 0x7E, 0xFE, 0x00, 0xCA, 0x13, 0x03, 0xCB, 0x47, 0xC2, 0x16,
    0x03, 0xCB, 0x4F, 0xC2, 0x59, 0x08, 0xCB, 0x57, 0xC2, 0x34, 0x0A, 0xCB, 0x5F, 0xC2, 0x8F, 0x0C,
    0xC3, 0x36, 0x0E, 0xC3, 0xCE, 0x01, 0x3A, 0xF7, 0x31, 0xFE, 0x01, 0xCA, 0x35, 0x03, 0xFE, 0x11,
    0xCA, 0x35, 0x03, 0xFE, 0x21, 0xCA, 0x35, 0x03, 0xFE, 0x41, 0xCA, 0x68, 0x03, 0xFE, 0x81, 0xCA,
    0xD0, 0x03, 0xC3, 0x36, 0x0E, 0x21, 0x4B, 0x31, 0x36, 0x0A, 0x23, 0x36, 0x14, 0x23, 0x36, 0x0A,
    0x23, 0x36, 0x0A, 0x23, 0x36, 0x0A, 0x23, 0x36, 0x0A, 0x23, 0x36, 0x0A, 0x3E, 0x00, 0x32, 0x32,
    0x31, 0xCD, 0x89, 0x04, 0xC2, 0x81, 0x0E, 0xED, 0x4B, 0xFD, 0x31, 0x21, 0xFD, 0x20, 0x09, 0x2B,
    0x3E, 0x03, 0xCD, 0x8E, 0x0D, 0xC3, 0xCE, 0x01, 0xCD, 0x71, 0x03, 0xC2, 0x81, 0x0E, 0xC3, 0xCE,
    0x01, 0x21, 0x4B, 0x31, 0x36, 0x0A, 0x23, 0x36, 0x14, 0x23, 0x36, 0x0A, 0x23, 0x36, 0x0A, 0x23,
    0x36, 0x0A, 0x23, 0x36, 0x0A, 0x23, 0x36, 0x0A, 0x3E, 0x00, 0x32, 0x32, 0x31, 0xCD, 0x89, 0x04,
    0xC2, 0xC4, 0x03, 0x21, 0x29, 0x0F, 0x11, 0xFD, 0x20, 0x06, 0x06, 0x1A, 0xBE, 0x20, 0x29, 0x23,
    0x13, 0x10, 0xF8, 0x2A, 0x03, 0x21, 0x11, 0x05, 0x21, 0x19, 0x7E, 0xFE, 0xFF, 0x20, 0x19, 0x23,
    0xBE, 0x20, 0x15, 0x23, 0xBE, 0x20, 0x11, 0x21, 0x03, 0x21, 0x11, 0x00, 0x36, 0x01, 0x7A, 0x00,
    0xED, 0xB0, 0xAF, 0xC9, 0x3E, 0x05, 0x18, 0x02, 0x3E, 0x06, 0x32, 0x4A, 0x31, 0xFE, 0x00, 0xC9,
    0x21, 0x00, 0x37, 0x06, 0x08, 0x36, 0x00, 0x23, 0x10, 0xFB, 0x21, 0x4B, 0x31, 0x36, 0x01, 0x23,
    0x36, 0x01, 0x23, 0x36, 0x01, 0x23, 0x36, 0x01, 0x23, 0x36, 0x01, 0x23, 0x36, 0x01, 0x23, 0x36,
    0x01, 0x3E, 0x00, 0x32, 0x32, 0x31, 0xCD, 0x89, 0x04, 0x20, 0x07, 0x21, 0x01, 0x37, 0x34, 0xC3,
    0x5A, 0x04, 0x3A, 0x4A, 0x31, 0xFE, 0x0F, 0xCA, 0x11, 0x04, 0x21, 0x06, 0x37, 0x34, 0xC3, 0x5A,
    0x04, 0x21, 0x02, 0x37, 0x34, 0x21, 0xFD, 0x20, 0x01, 0x00, 0x02, 0x7E, 0xFE, 0xE5, 0x20, 0x15,
    0x23, 0x0B, 0x79, 0xB0, 0x20, 0xF5, 0x3A, 0x07, 0x37, 0xFE, 0x01, 0xCA, 0x5A, 0x04, 0x21, 0x05,
    0x37, 0x34, 0xC3, 0x5A, 0x04, 0x57, 0x23, 0x0B, 0x78, 0xB1, 0x20, 0x08, 0x21, 0x07, 0x37, 0x36,
    0x01, 0xC3, 0x5A, 0x04, 0x7E, 0xFE, 0xE5, 0x20, 0x0A, 0xE5, 0x21, 0x07, 0x37, 0x36, 0x01, 0xE1,
    0xC3, 0x1B, 0x04, 0x21, 0x04, 0x37, 0x34, 0xC3, 0x5A, 0x04, 0x3A, 0x07, 0x37, 0xFE, 0x01, 0x20,
    0x04, 0x21, 0x03, 0x37, 0x34, 0x3A, 0x00, 0x37, 0x3C, 0x32, 0x00, 0x37, 0xFE, 0xFF, 0xCA, 0x78,
    0x04, 0xAF, 0x32, 0x07, 0x37, 0xC3, 0xDA, 0x03, 0xED, 0x4B, 0xFD, 0x31, 0x21, 0x00, 0x37, 0x09,
    0x2B, 0x3E, 0x03, 0xCD, 0x8E, 0x0D, 0xC3, 0xCE, 0x01, 0xAF, 0x32, 0x4A, 0x31, 0x21, 0x0C, 0x34,
    0xCD, 0x5D, 0x07, 0x21, 0x11, 0x34, 0xCD, 0x5D, 0x07, 0x21, 0x16, 0x34, 0xCD, 0x5D, 0x07, 0x21,
    0x1B, 0x34, 0xCD, 0x5D, 0x07, 0x21, 0x20, 0x34, 0xCD, 0x5D, 0x07, 0x21, 0x25, 0x34, 0xCD, 0x5D,
    0x07, 0x21, 0x2A, 0x34, 0xCD, 0x5D, 0x07, 0x21, 0x2F, 0x34, 0xCD, 0x5D, 0x07, 0x3E, 0xA1, 0xD3,
    0x38, 0x3E, 0x0A, 0xD3, 0x28, 0x21, 0xFB, 0x20, 0xCD, 0x9A, 0x0E, 0x22, 0x48, 0x31, 0x21, 0xEB,
    0x20, 0xCD, 0x9A, 0x0E, 0x22, 0x46, 0x31, 0x3A, 0x2B, 0x31, 0xCB, 0xBF, 0xCB, 0xB7, 0x32, 0x2B,
    0x31, 0xD3, 0x18, 0xD9, 0x3A, 0x3B, 0x31, 0x47, 0x3A, 0x3C, 0x31, 0x4F, 0x3E, 0x03, 0x57, 0x3E,
    0xD0, 0x5F, 0xD9, 0xAF, 0x32, 0x33, 0x31, 0x3A, 0x4B, 0x31, 0x32, 0x0E, 0x34, 0x3A, 0x4C, 0x31,
    0x32, 0x2C, 0x34, 0x3A, 0x4D, 0x31, 0x32, 0x1D, 0x34, 0x3A, 0x50, 0x31, 0x32, 0x27, 0x34, 0x3A,
    0x4E, 0x31, 0x32, 0x13, 0x34, 0x3A, 0x4F, 0x31, 0x32, 0x18, 0x34, 0x3A, 0x51, 0x31, 0x32, 0x22,
    0x34, 0xDB, 0x88, 0xD9, 0x2A, 0x48, 0x31, 0xD9, 0x3A, 0x3B, 0x31, 0xD3, 0x58, 0xD3, 0x68, 0x3A,
    0x3D, 0x31, 0x47, 0x21, 0x32, 0x07, 0x3A, 0x32, 0x31, 0xFE, 0x01, 0x28, 0x03, 0x21, 0x0E, 0x07,
    0x22, 0xE0, 0x37, 0x21, 0x2F, 0x07, 0x22, 0xE6, 0x37, 0x2A, 0x46, 0x31, 0x77, 0x21, 0xF2, 0x20,
    0x7D, 0xD3, 0x08, 0x3A, 0x3C, 0x31, 0x5F, 0x3E, 0xA7, 0x4F, 0x3E, 0x20, 0x57, 0x3E, 0xC7, 0xD3,
    0x70, 0x3E, 0x01, 0xD3, 0x70, 0x3A, 0x3A, 0x31, 0xD3, 0x58, 0x21, 0x33, 0x31, 0xCB, 0x4E, 0xCA,
    0x80, 0x05, 0x3E, 0xA7, 0xD3, 0x71, 0x3A, 0x37, 0x31, 0xD3, 0x71, 0x76, 0x3E, 0x03, 0xD3, 0x71,
    0x21, 0x4F, 0x07, 0x22, 0xE6, 0x37, 0x79, 0xD3, 0x73, 0x7A, 0xD3, 0x73, 0x7B, 0xD3, 0x58, 0x78,
    0x76, 0x76, 0xF3, 0x3E, 0x03, 0xD3, 0x70, 0xD3, 0x73, 0xFB, 0x06, 0x04, 0x21, 0xEC, 0x20, 0x11,
    0x24, 0x31, 0x1A, 0xBE, 0xC2, 0xC9, 0x06, 0x23, 0x13, 0x10, 0xF7, 0xDB, 0x88, 0xCB, 0x7F, 0xCA,
    0xA0, 0x06, 0x4E, 0x21, 0x33, 0x31, 0xCB, 0xC6, 0x1A, 0xB9, 0xCA, 0x1C, 0x06, 0xF5, 0x3A, 0x3B,
    0x31, 0xD3, 0x58, 0xD3, 0x68, 0x21, 0x33, 0x31, 0xCB, 0x4E, 0xC2, 0x79, 0x06, 0xCB, 0xCE, 0xF1,
    0x30, 0x20, 0x1A, 0xC6, 0x12, 0x21, 0x00, 0x00, 0x3D, 0x91, 0x28, 0x0C, 0x21, 0x8E, 0x03, 0x01,
    0x8E, 0x03, 0x3D, 0x28, 0x03, 0x09, 0x18, 0xFA, 0x01, 0x90, 0x01, 0x09, 0x01, 0x00, 0x00, 0x09,
    0x18, 0x18, 0x1A, 0x91, 0x21, 0x00, 0x00, 0x3D, 0x28, 0x0C, 0x21, 0x8E, 0x03, 0x01, 0x8E, 0x03,
    0x3D, 0x28, 0x03, 0x09, 0x18, 0xFA, 0x01, 0x90, 0x01, 0x09, 0x06, 0x06, 0xCB, 0x3D, 0x10, 0xFC,
    0xCB, 0x24, 0xCB, 0x24, 0x7C, 0xB5, 0x32, 0x37, 0x31, 0xC3, 0x21, 0x05, 0x3A, 0x32, 0x31, 0xFE,
    0x00, 0x28, 0x09, 0x3A, 0x3B, 0x31, 0xD3, 0x58, 0xD3, 0x68, 0xAF, 0xC9, 0x3A, 0x3F, 0x31, 0xD3,
    0x58, 0x21, 0x6B, 0x21, 0x7D, 0xD3, 0x08, 0x3E, 0xD5, 0xD3, 0x71, 0x3E, 0x02, 0xD3, 0x71, 0x76,
    0x21, 0xFE, 0x22, 0x7D, 0xD3, 0x08, 0x3A, 0x3D, 0x31, 0xD3, 0x58, 0x3A, 0x3B, 0x31, 0x4F, 0x3E,
    0x03, 0xD3, 0x71, 0x3E, 0xD5, 0xD3, 0x71, 0x3E, 0x01, 0xD3, 0x71, 0x76, 0x79, 0xD3, 0x58, 0xD3,
    0x68, 0x3E, 0x03, 0xD3, 0x71, 0xD3, 0x70, 0x21, 0xFC, 0x20, 0x3E, 0xFB, 0xBE, 0xC2, 0xDC, 0x06,
    0xDB, 0x88, 0xCB, 0x7F, 0xCA, 0xF2, 0x06, 0xAF, 0xC9, 0xF1, 0x21, 0x33, 0x31, 0xCB, 0x8E, 0x21,
    0x19, 0x34, 0x3E, 0x09, 0xCD, 0x67, 0x07, 0xCA, 0x08, 0x07, 0xC3, 0x09, 0x05, 0x21, 0x33, 0x31,
    0xCB, 0x8E, 0x21, 0x0A, 0x34, 0x3E, 0x0B, 0xCD, 0x67, 0x07, 0xCA, 0x08, 0x07, 0xC3, 0x21, 0x05,
    0x21, 0x33, 0x31, 0xCB, 0x8E, 0xCB, 0x46, 0xCA, 0xBB, 0x06, 0x21, 0x0F, 0x34, 0x3E, 0x0E, 0xCD,
    0x67, 0x07, 0xCA, 0x08, 0x07, 0xCD, 0x7F, 0x07, 0xC3, 0x1B, 0x05, 0x21, 0x14, 0x34, 0x3E, 0x0D,
    0xCD, 0x67, 0x07, 0xCA, 0x08, 0x07, 0xC3, 0x1B, 0x05, 0x21, 0x33, 0x31, 0xCB, 0x8E, 0x21, 0x1E,
    0x34, 0x3E, 0x0C, 0xCD, 0x67, 0x07, 0xCA, 0x08, 0x07, 0xC3, 0x21, 0x05, 0x21, 0x33, 0x31, 0xCB,
    0x8E, 0x21, 0x23, 0x34, 0x3E, 0x0A, 0xCD, 0x67, 0x07, 0xCA, 0x08, 0x07, 0xCD, 0x7F, 0x07, 0xC3,
    0x0F, 0x05, 0x21, 0x33, 0x31, 0xCB, 0x8E, 0x21, 0x28, 0x34, 0x3E, 0x0F, 0xCD, 0x67, 0x07, 0xCA,
    0x08, 0x07, 0xCD, 0x7F, 0x07, 0xC3, 0x0F, 0x05, 0x32, 0x4A, 0x31, 0xFE, 0x00, 0xC9, 0xD3, 0x58,
    0xD9, 0x78, 0xD3, 0x58, 0xD3, 0x68, 0x77, 0x21, 0x48, 0x07, 0x22, 0xE0, 0x37, 0x7B, 0xD3, 0x08,
    0x00, 0x00, 0x00, 0x00, 0x00, 0x00, 0x00, 0x00, 0x00, 0x00, 0x00, 0x79, 0xD3, 0x58, 0xD9, 0xFB,
    0xED, 0x4D, 0xD3, 0x58, 0x00, 0x3A, 0x3B, 0x31, 0xD3, 0x58, 0xD3, 0x68, 0x3E, 0x03, 0xD3, 0x70,
    0xE1, 0x21, 0x92, 0x05, 0xE5, 0xFB, 0xED, 0x4D, 0x3E, 0x03, 0xD3, 0x70, 0xFB, 0xED, 0x4D, 0x3E,
    0x03, 0xD3, 0x70, 0xD3, 0x73, 0xE1, 0x21, 0x8D, 0x06, 0xE5, 0xFB, 0xED, 0x4D, 0x7E, 0x23, 0xBE,
    0x38, 0x01, 0x77, 0xAF, 0x2B, 0x77, 0xC9, 0x47, 0x3A, 0x3B, 0x31, 0xD3, 0x58, 0xD3, 0x68, 0x34,
    0xF5, 0x23, 0xF1, 0x20, 0x01, 0x34, 0x23, 0x34, 0x23, 0x23, 0x35, 0xC0, 0xAF, 0x78, 0xC9, 0x3E,
    0xA7, 0xD3, 0x71, 0x3E, 0xEA, 0xD3, 0x71, 0x76, 0x3E, 0x03, 0xD3, 0x71, 0xC9, 0x11, 0x24, 0x31,
    0x3E, 0xFE, 0x12, 0x13, 0x01, 0x04, 0x00, 0xED, 0xB0, 0xC9, 0x2A, 0x00, 0x36, 0x7C, 0xB5, 0xC8,
    0x08, 0xAF, 0x08, 0x11, 0x01, 0x36, 0x13, 0x1A, 0x67, 0x13, 0x1A, 0x6F, 0x13, 0xE5, 0x01, 0xFF,
    0xFF, 0xAF, 0xED, 0x42, 0xE1, 0xCA, 0xD4, 0x07, 0xED, 0x4B, 0x25, 0x31, 0xAF, 0xED, 0x42, 0xDA,
    0xCE, 0x07, 0xC2, 0xD4, 0x07, 0x1A, 0x47, 0x3A, 0x27, 0x31, 0x90, 0xDA, 0xD4, 0x07, 0x08, 0x3C,
    0x08, 0xC3, 0xA6, 0x07, 0x08, 0x47, 0xAF, 0x08, 0x78, 0xFE, 0x00, 0xC8, 0x47, 0x3A, 0x27, 0x31,
    0x3C, 0x32, 0x27, 0x31, 0xFE, 0x05, 0x20, 0x0B, 0xAF, 0x32, 0x27, 0x31, 0x2A, 0x25, 0x31, 0x23,
    0x22, 0x25, 0x31, 0x10, 0xE8, 0x1B, 0x1B, 0x1B, 0xC3, 0xA6, 0x07, 0x21, 0x00, 0x00, 0x22, 0x25,
    0x31, 0x3E, 0x00, 0x32, 0x27, 0x31, 0x06, 0x05, 0x16, 0x00, 0x1E, 0x12, 0x19, 0x10, 0xFD, 0xE5,
    0xD1, 0xED, 0x4B, 0xF9, 0x31, 0x2A, 0xFB, 0x31, 0x3E, 0x11, 0xB7, 0xED, 0x52, 0x30, 0x01, 0x19,
    0x3F, 0xCB, 0x11, 0xCB, 0x10, 0xED, 0x6A, 0x3D, 0x20, 0xF1, 0xCB, 0x1D, 0xCB, 0x1C, 0x03, 0xED,
    0x43, 0x25, 0x31, 0x3E, 0xFF, 0x32, 0x27, 0x31, 0x00, 0x01, 0x12, 0x00, 0x3A, 0x27, 0x31, 0x3C,
    0x32, 0x27, 0x31, 0xAF, 0xED, 0x42, 0xD2, 0x3C, 0x08, 0x09, 0x01, 0x42, 0x0F, 0xAF, 0x09, 0x7E,
    0x32, 0x28, 0x31, 0x3E, 0xFE, 0x32, 0x24, 0x31, 0xC9, 0x3A, 0xF7, 0x31, 0xFE, 0xC2, 0xC2, 0x74,
    0x08, 0x11, 0x02, 0x26, 0x21, 0x29, 0x0F, 0x01, 0x06, 0x00, 0xED, 0xB0, 0x21, 0x00, 0x36, 0x01,
    0x7A, 0x00, 0xED, 0xB0, 0x21, 0x34, 0x34, 0xCD, 0x5D, 0x07, 0x21, 0x39, 0x34, 0xCD, 0x5D, 0x07,
    0x21, 0x2F, 0x34, 0xCD, 0x5D, 0x07, 0x3E, 0x04, 0x32, 0x31, 0x34, 0xCD, 0xD5, 0x08, 0xC2, 0x81,
    0x0E, 0x3A, 0xF7, 0x31, 0xCB, 0x7F, 0xCA, 0xCE, 0x01, 0x21, 0x4B, 0x31, 0x36, 0x0A, 0x23, 0x36,
    0x0A, 0x23, 0x36, 0x0A, 0x23, 0x36, 0x0A, 0x23, 0x36, 0x0A, 0x23, 0x36, 0x0A, 0x23, 0x36, 0x0A,
    0x3E, 0x00, 0x32, 0x32, 0x31, 0xCD, 0x89, 0x04, 0xCA, 0xCE, 0x01, 0x2A, 0x2D, 0x34, 0x23, 0x22,
    0x2D, 0x34, 0x21, 0x2F, 0x34, 0x34, 0x21, 0x31, 0x34, 0x35, 0xC2, 0x8B, 0x08, 0x3E, 0x14, 0x32,
    0x4A, 0x31, 0xC3, 0x81, 0x0E, 0x06, 0x00, 0x0E, 0x01, 0x21, 0x30, 0x0F, 0x3A, 0x28, 0x31, 0x32,
    0x34, 0x31, 0xBE, 0x28, 0x04, 0x23, 0x0C, 0x18, 0xF9, 0x0D, 0x21, 0x2F, 0x0F, 0x09, 0x7E, 0x32,
    0x28, 0x31, 0x3E, 0x0A, 0x32, 0x3B, 0x34, 0x3E, 0x05, 0x32, 0x36, 0x34, 0x3E, 0x01, 0x32, 0x32,
    0x31, 0xCD, 0x89, 0x04, 0xC0, 0x21, 0x72, 0x00, 0x7D, 0xD3, 0x08, 0x21, 0xEB, 0x20, 0xCD, 0x9A,
    0x0E, 0x77, 0x21, 0x09, 0x0A, 0x22, 0xE0, 0x37, 0x21, 0xF5, 0x25, 0xCD, 0x9A, 0x0E, 0xE5, 0xD9,
    0x08, 0x21, 0x00, 0x26, 0x5D, 0xE1, 0x3A, 0x40, 0x31, 0x4F, 0xCB, 0x9F, 0x47, 0x3E, 0x04, 0x57,
    0xE5, 0xC5, 0x2A, 0x2E, 0x31, 0xED, 0x4B, 0x13, 0x31, 0xAF, 0xED, 0x42, 0xC1, 0xE1, 0x38, 0x03,
    0x3E, 0x0C, 0x57, 0x3A, 0x2B, 0x31, 0xCB, 0xFF, 0xCB, 0xB7, 0x32, 0x2B, 0x31, 0x08, 0xD9, 0x3E,
    0xC5, 0xD3, 0x70, 0x3E, 0x01, 0xD3, 0x70, 0x21, 0x2F, 0x07, 0x22, 0xE6, 0x37, 0x21, 0xF0, 0x20,
    0x3A, 0x34, 0x31, 0x47, 0x3E, 0x87, 0xD3, 0x73, 0x3E, 0x7C, 0xD3, 0x73, 0x76, 0x3E, 0x03, 0xD3,
    0x73, 0x3A, 0x3D, 0x31, 0xD3, 0x58, 0x3A, 0x3E, 0x31, 0xD3, 0x58, 0x3E, 0x03, 0x76, 0x21, 0xF0,
    0x20, 0x3A, 0x34, 0x31, 0x47, 0x7E, 0xB8, 0xC2, 0xCC, 0x09, 0x21, 0x52, 0x26, 0x7D, 0xD3, 0x08,
    0x3E, 0xD5, 0xD3, 0x71, 0x3E, 0x02, 0xD3, 0x71, 0xDB, 0x88, 0xCB, 0x6F, 0xCA, 0xE7, 0x09, 0x76,
    0x21, 0x02, 0x28, 0x7D, 0xD3, 0x08, 0x3A, 0x42, 0x31, 0xD3, 0x58, 0x3E, 0x03, 0xD3, 0x71, 0x3E,
    0xD5, 0xD3, 0x71, 0x3E, 0x01, 0xD3, 0x71, 0x3A, 0x3B, 0x31, 0x76, 0xD3, 0x58, 0xD3, 0x68, 0x3E,
    0x03, 0xD3, 0x71, 0xDB, 0x88, 0xCB, 0x6F, 0xCA, 0xE7, 0x09, 0xAF, 0xC9, 0x3A, 0x2B, 0x31, 0xCB,
    0xBF, 0x32, 0x2B, 0x31, 0xD3, 0x18, 0x21, 0x32, 0x34, 0x3E, 0x12, 0xCD, 0x67, 0x07, 0xC2, 0xFC,
    0x08, 0x32, 0x4A, 0x31, 0xFE, 0x00, 0xC9, 0x3E, 0x03, 0xD3, 0x71, 0x3A, 0x3B, 0x31, 0xCB, 0xFF,
    0xD3, 0x58, 0xD3, 0x68, 0xCB, 0xBF, 0xD3, 0x58, 0x21, 0x37, 0x34, 0x3E, 0x13, 0xCD, 0x67, 0x07,
    0xC2, 0xFC, 0x08, 0x32, 0x4A, 0x31, 0xFE, 0x00, 0xC9, 0xD3, 0x70, 0xD3, 0x68, 0x7E, 0xB8, 0x20,
    0x20, 0xD9, 0x08, 0xD3, 0x18, 0x77, 0x7B, 0xD3, 0x08, 0x7A, 0xD3, 0x38, 0x78, 0xD3, 0x58, 0x79,
    0xD3, 0x58, 0x08, 0xD9, 0x00, 0x00, 0x00, 0x00, 0x00, 0x00, 0x00, 0x00, 0x3A, 0x41, 0x31, 0xD3,
    0x58, 0xFB, 0xED, 0x4D, 0x3A, 0xF7, 0x31, 0xFE, 0x04, 0xCA, 0x4E, 0x0A, 0xFE, 0x14, 0xCA, 0x57,
    0x0A, 0xFE, 0x24, 0xCA, 0x82, 0x0A, 0xFE, 0x44, 0xCA, 0x5D, 0x0A, 0xC3, 0x36, 0x0E, 0xCD, 0x44,
    0x0B, 0xC2, 0x81, 0x0E, 0xC3, 0xCE, 0x01, 0xCD, 0x44, 0x0B, 0xC2, 0x81, 0x0E, 0x3E, 0xFF, 0x32,
    0x28, 0x31, 0x21, 0x28, 0x31, 0x34, 0x34, 0x7E, 0xFE, 0x13, 0xDA, 0x74, 0x0A, 0x36, 0x02, 0xFE,
    0x14, 0xD2, 0xCE, 0x01, 0x3E, 0x00, 0x32, 0x32, 0x31, 0xCD, 0x89, 0x04, 0xC2, 0x81, 0x0E, 0xC3,
    0x62, 0x0A, 0x3E, 0x03, 0x32, 0x52, 0x31, 0x21, 0x52, 0x31, 0x35, 0xCA, 0xC5, 0x0A, 0xCD, 0x44,
    0x0B, 0xC2, 0x87, 0x0A, 0x3E, 0x02, 0x32, 0x53, 0x31, 0x21, 0x53, 0x31, 0x35, 0xCA, 0xCE, 0x01,
    0x21, 0x28, 0x31, 0x36, 0xFF, 0x21, 0x28, 0x31, 0x34, 0x34, 0x7E, 0xFE, 0x13, 0xDA, 0xB7, 0x0A,
    0x36, 0x02, 0xFE, 0x14, 0xD2, 0x99, 0x0A, 0x3E, 0x00, 0x32, 0x32, 0x31, 0xCD, 0x89, 0x04, 0xCA,
    0xA5, 0x0A, 0xC3, 0x87, 0x0A, 0xAF, 0x32, 0x4A, 0x31, 0x21, 0x02, 0x36, 0x3A, 0x26, 0x31, 0x47,
    0x7E, 0xB8, 0xDA, 0x38, 0x0B, 0xC2, 0xF4, 0x0A, 0x23, 0x3A, 0x25, 0x31, 0x47, 0x7E, 0xB8, 0xDA,
    0x39, 0x0B, 0xC2, 0xF3, 0x0A, 0x23, 0x3A, 0x27, 0x31, 0x47, 0x7E, 0xB8, 0xDA, 0x3A, 0x0B, 0xCA,
    0xCE, 0x01, 0x2B, 0x2B, 0xEB, 0xD5, 0x2A, 0x00, 0x36, 0x01, 0x02, 0x36, 0x09, 0x23, 0x23, 0x23,
    0xE5, 0xAF, 0xED, 0x52, 0xE5, 0xC1, 0xE1, 0x2B, 0xE5, 0xD1, 0x13, 0x13, 0x13, 0xED, 0xB8, 0xD1,
    0xEB, 0x3A, 0x26, 0x31, 0x77, 0x23, 0x3A, 0x25, 0x31, 0x77, 0x23, 0x3A, 0x27, 0x31, 0x77, 0x2A,
    0x00, 0x36, 0x01, 0x03, 0x00, 0x09, 0x22, 0x00, 0x36, 0xED, 0x4B, 0xFD, 0x31, 0x21, 0x27, 0x31,
    0x3E, 0x03, 0xCD, 0x8E, 0x0D, 0xC3, 0xCE, 0x01, 0x23, 0x23, 0x23, 0x7E, 0xFE, 0xFF, 0xC2, 0xCC,
    0x0A, 0xC3, 0xF4, 0x0A, 0x3A, 0x3B, 0x31, 0xD3, 0x58, 0xD3, 0x68, 0x21, 0x00, 0x20, 0x01, 0xFF,
    0x0F, 0x11, 0x01, 0x20, 0x36, 0x00, 0xED, 0xB0, 0x3A, 0x2B, 0x31, 0xCB, 0xFF, 0xCB, 0xB7, 0x32,
    0x2B, 0x31, 0xD3, 0x18, 0x21, 0x00, 0x20, 0xCD, 0x9A, 0x0E, 0x77, 0x3A, 0x41, 0x31, 0x47, 0xCB,
    0x9F, 0xD3, 0x58, 0x78, 0xD3, 0x58, 0x21, 0x2F, 0x07, 0x22, 0xE6, 0x37, 0x3E, 0xD5, 0xD3, 0x73,
    0x3E, 0x02, 0xD3, 0x73, 0x76, 0x3A, 0x3B, 0x31, 0xD3, 0x58, 0xD3, 0x68, 0x3E, 0x03, 0xD3, 0x73,
    0x21, 0x00, 0x20, 0x06, 0x12, 0x36, 0xFF, 0x23, 0x10, 0xFB, 0x06, 0x03, 0x36, 0xA1, 0x23, 0x10,
    0xFB, 0x36, 0xFE, 0x23, 0xEB, 0x01, 0x03, 0x00, 0x21, 0x25, 0x31, 0xED, 0xB0, 0xEB, 0x36, 0x01,
    0x23, 0x06, 0x0C, 0x36, 0xFF, 0x23, 0x10, 0xFB, 0x21, 0x00, 0x20, 0xCD, 0x9A, 0x0E, 0x22, 0x48,
    0x31, 0x77, 0x3E, 0x04, 0x57, 0x2A, 0x2E, 0x31, 0xED, 0x4B, 0x13, 0x31, 0xAF, 0xED, 0x42, 0x38,
    0x03, 0x3E, 0x0C, 0x57, 0x7A, 0xD3, 0x38, 0x3E, 0x0A, 0xD3, 0x28, 0x21, 0x2F, 0x07, 0x22, 0xE6,
    0x37, 0x21, 0xFF, 0x20, 0x7D, 0xD3, 0x08, 0x3E, 0xD5, 0xD3, 0x73, 0x3E, 0x01, 0xD3, 0x73, 0x76,
    0x3E, 0x03, 0xD3, 0x73, 0x3A, 0x40, 0x31, 0x47, 0xCB, 0x9F, 0xD3, 0x58, 0x78, 0xD3, 0x58, 0x3E,
    0x12, 0xD3, 0x08, 0x00, 0x00, 0x00, 0x00, 0x00, 0x00, 0x00, 0x00, 0x00, 0x00, 0x00, 0x3A, 0x42,
    0x31, 0xD3, 0x58, 0x3E, 0x1A, 0xD3, 0x08, 0x00, 0x00, 0x00, 0x00, 0x00, 0x3A, 0x3B, 0x31, 0xD3,
    0x58, 0xD3, 0x68, 0x21, 0x19, 0x20, 0x34, 0x7E, 0xFE, 0x13, 0xCA, 0x3D, 0x0C, 0x2A, 0x48, 0x31,
    0x77, 0x3E, 0x87, 0xD3, 0x73, 0x3E, 0xCA, 0xD3, 0x73, 0x76, 0xC3, 0xF0, 0x0B, 0xCD, 0xB4, 0x01,
    0x21, 0x02, 0x26, 0x06, 0x00, 0x36, 0xE5, 0x23, 0x10, 0xFB, 0x06, 0x00, 0x36, 0xE5, 0x23, 0x10,
    0xFB, 0x3E, 0x01, 0x32, 0x28, 0x31, 0x21, 0x34, 0x34, 0xCD, 0x5D, 0x07, 0x21, 0x39, 0x34, 0xCD,
    0x5D, 0x07, 0x21, 0x2F, 0x34, 0xCD, 0x5D, 0x07, 0x3E, 0x04, 0x32, 0x31, 0x34, 0xCD, 0xD5, 0x08,
    0xC0, 0x3A, 0x34, 0x31, 0x3C, 0x3C, 0x3C, 0x21, 0x28, 0x31, 0x77, 0xFE, 0x13, 0xDA, 0x56, 0x0C,
    0x36, 0x02, 0xFE, 0x14, 0xDA, 0x56, 0x0C, 0x36, 0x03, 0xFE, 0x15, 0xD0, 0xC3, 0x56, 0x0C, 0x21,
    0xF8, 0x31, 0x7E, 0x5F, 0x23, 0x7E, 0x57, 0x21, 0xFD, 0x31, 0x7E, 0x4F, 0x23, 0x7E, 0x47, 0xEB,
    0x09, 0x2B, 0x3A, 0xF7, 0x31, 0xFE, 0x08, 0xCA, 0xD6, 0x0C, 0xFE, 0x18, 0xCA, 0xDE, 0x0C, 0xFE,
    0x28, 0xCA, 0xE6, 0x0C, 0xFE, 0x38, 0xCA, 0x1D, 0x0D, 0xFE, 0x48, 0xC2, 0x36, 0x0E, 0x21, 0x00,
    0x36, 0x06, 0x7A, 0xAF, 0x77, 0x23, 0x10, 0xFC, 0x21, 0x02, 0x36, 0x36, 0xFF, 0x23, 0x36, 0xFF,
    0x23, 0x36, 0xFF, 0xC3, 0xCE, 0x01, 0x3E, 0x03, 0xCD, 0x8E, 0x0D, 0xC3, 0xCE, 0x01, 0x3E, 0x02,
    0xCD, 0x2A, 0x0D, 0xC3, 0xCE, 0x01, 0xC5, 0x21, 0x02, 0x00, 0x11, 0x00, 0x31, 0x01, 0x0C, 0x00,
    0xED, 0xB0, 0xC1, 0x3E, 0x01, 0x12, 0x13, 0x21, 0x00, 0x04, 0x7D, 0x12, 0x13, 0x7C, 0x12, 0x13,
    0x3E, 0x05, 0x12, 0x13, 0x3E, 0x12, 0x12, 0x13, 0x21, 0x00, 0x02, 0x7D, 0x12, 0x13, 0x7C, 0x12,
    0x21, 0x00, 0x31, 0x09, 0x2B, 0x3E, 0x03, 0xCD, 0x8E, 0x0D, 0xC3, 0xCE, 0x01, 0x21, 0x0A, 0x34,
    0x09, 0x2B, 0x3E, 0x03, 0xCD, 0x8E, 0x0D, 0xC3, 0xCE, 0x01, 0xE5, 0xC5, 0xF5, 0xAF, 0xED, 0x42,
    0x23, 0xF1, 0xE5, 0xF5, 0xCB, 0xAC, 0x3A, 0x2B, 0x31, 0xCB, 0xA7, 0xCB, 0xAF, 0xCB, 0x64, 0x28,
    0x02, 0xCB, 0xE7, 0x32, 0x2B, 0x31, 0xF1, 0xF5, 0x47, 0x3A, 0x2B, 0x31, 0xCB, 0xDF, 0xB0, 0x32,
    0x2B, 0x31, 0x7C, 0xE6, 0x0C, 0x07, 0x07, 0x07, 0x07, 0x47, 0x7C, 0xE6, 0x03, 0xB0, 0xF6, 0x38,
    0x67, 0xF1, 0xD1, 0xC1, 0x77, 0xE1, 0x3E, 0xC7, 0xCB, 0x45, 0x20, 0x02, 0x3E, 0xD7, 0x32, 0x39,
    0x31, 0x03, 0xAF, 0xCB, 0x18, 0xCB, 0x19, 0x3A, 0x39, 0x31, 0xD3, 0x72, 0x79, 0xD3, 0x72, 0x3A,
    0x2B, 0x31, 0x47, 0xCB, 0x98, 0xD3, 0x18, 0x78, 0xD3, 0x18, 0xE6, 0xD0, 0x76, 0xC9, 0x23, 0x03,
    0xE5, 0xC5, 0xF5, 0xAF, 0xED, 0x42, 0x23, 0xF1, 0xE5, 0xF5, 0xCB, 0xAC, 0x3A, 0x2B, 0x31, 0xCB,
    0xA7, 0xCB, 0xEF, 0xCB, 0x64, 0x28, 0x02, 0xCB, 0xE7, 0x32, 0x2B, 0x31, 0xF1, 0xF5, 0x47, 0x3A,
    0x2B, 0x31, 0xCB, 0xDF, 0xB0, 0x32, 0x2B, 0x31, 0x7C, 0xE6, 0x0C, 0x07, 0x07, 0x07, 0x07, 0x47,
    0x7C, 0xE6, 0x03, 0xB0, 0xF6, 0x38, 0x67, 0xF1, 0xD1, 0xC1, 0x77, 0xE1, 0x3E, 0xC7, 0xCB, 0x45,
    0x20, 0x02, 0x3E, 0xD7, 0x32, 0x39, 0x31, 0x03, 0xAF, 0xCB, 0x18, 0xCB, 0x19, 0x21, 0x00, 0x01,
    0xAF, 0xED, 0x42, 0x38, 0x17, 0x3A, 0x39, 0x31, 0xD3, 0x72, 0x79, 0xD3, 0x72, 0x3A, 0x2B, 0x31,
    0x47, 0xCB, 0x98, 0xD3, 0x18, 0x78, 0xD3, 0x18, 0xE6, 0xD8, 0x76, 0xC9, 0x21, 0x2F, 0x07, 0x22,
    0xE4, 0x37, 0x3A, 0x39, 0x31, 0xD3, 0x72, 0x3E, 0x01, 0xD3, 0x72, 0x3A, 0x39, 0x31, 0xCB, 0x8F,
    0xD3, 0x72, 0x3E, 0x00, 0xD3, 0x72, 0x3A, 0x2B, 0x31, 0xD3, 0x18, 0x76, 0x21, 0x2A, 0x0E, 0x22,
    0xE4, 0x37, 0xCB, 0x9F, 0xD3, 0x18, 0xE6, 0xD0, 0x76, 0xC9, 0xD3, 0x18, 0x32, 0x2B, 0x31, 0x3E,
    0x03, 0xD3, 0x72, 0xFB, 0xED, 0x4D, 0x3E, 0x01, 0x32, 0x4A, 0x31, 0x18, 0x44, 0x3E, 0x02, 0x32,
    0x4A, 0x31, 0x18, 0x3D, 0x3E, 0x03, 0x32, 0x4A, 0x31, 0x3E, 0xFF, 0x32, 0x30, 0x31, 0x18, 0x31,
    0x3E, 0x04, 0x32, 0x4A, 0x31, 0x18, 0x2A, 0x3E, 0x05, 0x32, 0x4A, 0x31, 0x18, 0xEB, 0x3E, 0x06,
    0x32, 0x4A, 0x31, 0x18, 0x1C, 0x3E, 0x08, 0x32, 0x4A, 0x31, 0x18, 0x15, 0x3E, 0x0B, 0x32, 0x4A,
    0x31, 0x18, 0x05, 0x3E, 0x0C, 0x32, 0x4A, 0x31, 0x3A, 0x2C, 0x31, 0xCB, 0xF7, 0xD3, 0x48, 0x18,
    0x00, 0x3A, 0x4A, 0x31, 0x32, 0xFF, 0x31, 0x01, 0x01, 0x00, 0x21, 0xFF, 0x31, 0x37, 0x3E, 0x07,
    0xCD, 0x8E, 0x0D, 0xAF, 0x32, 0x4A, 0x31, 0xC3, 0xCE, 0x01, 0xCB, 0xAC, 0x7C, 0xE6, 0x0C, 0x07,
    0x07, 0x07, 0x07, 0x47, 0x7C, 0xE6, 0x03, 0xB0, 0xF6, 0x3C, 0x67, 0xC9, 0x21, 0x2E, 0x31, 0x4F,
    0x06, 0x00, 0x09, 0x3A, 0x30, 0x31, 0x77, 0xC9, 0x3A, 0x2C, 0x31, 0xEE, 0x01, 0xD3, 0x48, 0xEE,
    0x01, 0xD3, 0x48, 0x2B, 0x7C, 0xB5, 0x20, 0xF0, 0xC9, 0x3A, 0x2C, 0x31, 0xEE, 0x01, 0xD3, 0x48,
    0xEE, 0x01, 0xD3, 0x48, 0x2B, 0x7C, 0xB5, 0xC8, 0x11, 0x96, 0x00, 0xCD, 0xE0, 0x0E, 0x18, 0xE9,
    0x3E, 0x01, 0x3E, 0x01, 0x1B, 0xCB, 0x7A, 0x28, 0xF7, 0xC9, 0xD5, 0x11, 0x83, 0x06, 0x1B, 0xCB,
    0x7A, 0x28, 0xFB, 0xD1, 0x1B, 0x7A, 0xB3, 0x20, 0xF1, 0xC9, 0x11, 0xFF, 0xFF, 0x7E, 0xAA, 0x57,
    0x0F, 0x0F, 0x0F, 0x0F, 0xE6, 0x0F, 0xAA, 0x57, 0x0F, 0x0F, 0x0F, 0xF5, 0xE6, 0x1F, 0xAB, 0x5F,
    0xF1, 0xF5, 0x0F, 0xE6, 0xF0, 0xAB, 0x5F, 0xF1, 0xE6, 0xE0, 0xAA, 0x53, 0x5F, 0x23, 0x0B, 0x78,
    0xB1, 0x20, 0xDA, 0xC9, 0xFE, 0x00, 0x00, 0x00, 0x01, 0x44, 0x45, 0x46, 0x45, 0x4B, 0x54, 0x12,
    0x01, 0x02, 0x03, 0x04, 0x05, 0x06, 0x07, 0x08, 0x09, 0x0A, 0x0B, 0x0C, 0x0D, 0x0E, 0x0F, 0x10,
    0x11, 0x12, 0x01, 0x09, 0x11, 0x07, 0x0F, 0x05, 0x0D, 0x03, 0x0B, 0x02, 0x0A, 0x12, 0x08, 0x10,
    0x06, 0x0E, 0x04, 0x0C, 0xFF, 0xFF, 0xFF, 0xFF, 0xFF, 0xFF, 0xFF, 0xFF, 0xFF, 0xFF, 0xFF, 0xFF,
    0xFF, 0xFF, 0xFF, 0xFF, 0xFF, 0xFF, 0xFF, 0xFF, 0xFF, 0xFF, 0xFF, 0xFF, 0xFF, 0xFF, 0xFF, 0xFF,
    0xFF, 0xFF, 0xFF, 0xFF, 0xFF, 0xFF, 0xFF, 0xFF, 0xFF, 0xFF, 0xFF, 0xFF, 0xFF, 0xFF, 0xFF, 0xFF,
    0xFF, 0xFF, 0xFF, 0xFF, 0xFF, 0xFF, 0xFF, 0xFF, 0xFF, 0xFF, 0xFF, 0xFF, 0xFF, 0xFF, 0xFF, 0xFF,
    0xFF, 0xFF, 0xFF, 0xFF, 0xFF, 0xFF, 0xFF, 0xFF, 0xFF, 0xFF, 0xFF, 0xFF, 0xFF, 0xFF, 0xFF, 0xFF,
    0xFF, 0xFF, 0xFF, 0xFF, 0xFF, 0xFF, 0xFF, 0xFF, 0xFF, 0xFF, 0xFF, 0xFF, 0xFF, 0xFF, 0xFF, 0xFF,
    0xFF, 0xFF, 0xFF, 0xFF, 0xFF, 0xFF, 0xFF, 0xFF, 0xFF, 0xFF, 0xFF, 0xFF, 0xFF, 0xFF, 0xFF, 0xFF,
    0xFF, 0xFF, 0xFF, 0xFF, 0xFF, 0xFF, 0xFF, 0xFF, 0xFF, 0xFF, 0xFF, 0xFF, 0xFF, 0xFF, 0xFF, 0xFF,
    0xFF, 0xFF, 0xFF, 0xFF, 0xFF, 0xFF, 0xFF, 0xFF, 0xFF, 0xFF, 0xFF, 0xFF, 0xFF, 0xFF, 0xFF, 0xFF,
    0xFF, 0xFF, 0xFF, 0xFF, 0xFF, 0xFF, 0xFF, 0xFF, 0xFF, 0xFF, 0xFF, 0xFF, 0xFF, 0xFF, 0xFF, 0xFF,
    0xFF, 0xFF, 0xFF, 0xFF, 0xFF, 0xFF, 0xFF, 0xFF, 0xDB, 0xAE, 0x24, 0x51, 0xFF, 0xFF, 0xFF, 0xFF,
};
