// Generated from: doc/p8000/eproms/16BIT/MON16_{1H,1L,2H,2L}_3.0 — Byte-Verschränkung wie make_full.sh
// (gerade Adresse = nH = D8–15, ungerade = nL = D0–7; n = 1: 0000–1FFF, n = 2: 2000–3FFF).
// NICHT aus full/: full/MON16_3.3 ist in 2L ab 3001H falsch (MON16-Prüfsumme stimmt nur für die Einzelabzüge).
// Size: 16384 bytes
#pragma once
#include <cstdint>
static constexpr uint8_t P8K_MON16_3_0[16384] = {
    0x00, 0x00, 0xC0, 0x00, 0x80, 0x00, 0x01, 0xAE, 0x28, 0x43, 0x29, 0x20, 0x5A, 0x46, 0x54, 0x2F,
    0x4B, 0x45, 0x41, 0x57, 0x20, 0x42, 0x65, 0x72, 0x6C, 0x69, 0x6E, 0x2C, 0x20, 0x44, 0x41, 0x54,
    0x45, 0x20, 0x32, 0x32, 0x2E, 0x30, 0x31, 0x2E, 0x31, 0x39, 0x38, 0x38, 0x00, 0x2E, 0x55, 0x38,
    0x30, 0x30, 0x30, 0x2D, 0x53, 0x6F, 0x66, 0x74, 0x77, 0x61, 0x72, 0x65, 0x6D, 0x6F, 0x6E, 0x69,
    0x74, 0x6F, 0x72, 0x20, 0x56, 0x65, 0x72, 0x73, 0x69, 0x6F, 0x6E, 0x20, 0x33, 0x2E, 0x30, 0x20,
    0x2D, 0x20, 0x50, 0x72, 0x65, 0x73, 0x73, 0x20, 0x4E, 0x4D, 0x49, 0x0D, 0x00, 0x01, 0x44, 0x00,
    0x0C, 0x62, 0x00, 0x01, 0x43, 0x00, 0x0D, 0xB0, 0x00, 0x01, 0x46, 0x00, 0x0E, 0x0E, 0x00, 0x01,
    0x4D, 0x00, 0x0E, 0x32, 0x00, 0x02, 0x50, 0x52, 0x0E, 0x5E, 0x00, 0x03, 0x50, 0x52, 0x53, 0x00,
    0x0E, 0x6A, 0x00, 0x03, 0x50, 0x53, 0x52, 0x00, 0x0E, 0x6A, 0x00, 0x02, 0x50, 0x57, 0x0E, 0x64,
    0x00, 0x03, 0x50, 0x57, 0x53, 0x00, 0x0E, 0x70, 0x00, 0x03, 0x50, 0x53, 0x57, 0x00, 0x0E, 0x70,
    0x00, 0x02, 0x48, 0x52, 0x0F, 0x44, 0x00, 0x02, 0x48, 0x57, 0x0F, 0x4A, 0x00, 0x02, 0x46, 0x46,
    0x0F, 0xAA, 0x00, 0x02, 0x46, 0x52, 0x0F, 0xB8, 0x00, 0x02, 0x46, 0x57, 0x0F, 0xBE, 0x00, 0x01,
    0x52, 0x00, 0x10, 0x24, 0x00, 0x01, 0x42, 0x00, 0x12, 0xF2, 0x00, 0x01, 0x47, 0x00, 0x13, 0x62,
    0x00, 0x01, 0x4E, 0x00, 0x14, 0x0C, 0x00, 0x01, 0x54, 0x00, 0x15, 0x9A, 0x00, 0x02, 0x47, 0x45,
    0x26, 0x36, 0x00, 0x01, 0x53, 0x00, 0x27, 0xD8, 0x00, 0x01, 0x51, 0x00, 0x2A, 0x46, 0x00, 0x04,
    0x51, 0x52, 0x45, 0x53, 0x2A, 0x5A, 0x00, 0x03, 0x52, 0x47, 0x45, 0x00, 0x2B, 0x42, 0x00, 0x02,
    0x52, 0x53, 0x2C, 0xDE, 0x00, 0x02, 0x52, 0x51, 0x2F, 0x46, 0x00, 0x01, 0x4F, 0x00, 0x2F, 0xEE,
    0xFF, 0xFF, 0xCF, 0x60, 0x08, 0xCF, 0xFF, 0xB7, 0xFE, 0x18, 0x14, 0x8C, 0x03, 0xC1, 0x05, 0xEA,
    0x11, 0x1C, 0x02, 0x10, 0x08, 0x7F, 0x11, 0x13, 0x00, 0x00, 0x7F, 0x00, 0x00, 0x04, 0x00, 0x01,
    0x20, 0x00, 0x00, 0x00, 0x00, 0x00, 0x00, 0x00, 0x00, 0x00, 0x00, 0x00, 0x40, 0x00, 0x80, 0x00,
    0x04, 0x62, 0x00, 0x00, 0x40, 0x00, 0x80, 0x00, 0x04, 0x90, 0x00, 0x00, 0xC0, 0x00, 0x80, 0x00,
    0x04, 0xBA, 0x00, 0x00, 0x40, 0x00, 0x80, 0x00, 0x05, 0x7C, 0x00, 0x00, 0x40, 0x00, 0x80, 0x00,
    0x2F, 0xD2, 0x00, 0x00, 0x40, 0x00, 0x80, 0x00, 0x06, 0x0E, 0x00, 0x00, 0x40, 0x00, 0x80, 0x00,
    0x06, 0x46, 0x80, 0x00, 0x06, 0x46, 0x80, 0x00, 0x06, 0x46, 0x80, 0x00, 0x06, 0x46, 0x80, 0x00,
    0x07, 0x8E, 0x80, 0x00, 0x06, 0x46, 0x80, 0x00, 0x06, 0x46, 0x80, 0x00, 0x06, 0x46, 0x80, 0x00,
    0x06, 0x46, 0x80, 0x00, 0x06, 0x46, 0x80, 0x00, 0x07, 0x00, 0x80, 0x00, 0x07, 0x7A, 0x80, 0x00,
    0x06, 0x46, 0x80, 0x00, 0x06, 0x46, 0x80, 0x00, 0x06, 0x46, 0x80, 0x00, 0x06, 0x46, 0x8D, 0xE8,
    0x7D, 0xEC, 0x21, 0x01, 0x40, 0x00, 0x7D, 0x1A, 0x8D, 0x38, 0x3B, 0x37, 0x00, 0xF0, 0x21, 0x04,
    0x40, 0x00, 0x21, 0x02, 0x40, 0x02, 0x0D, 0x45, 0x00, 0x00, 0x21, 0x01, 0x04, 0x00, 0xBB, 0x41,
    0x01, 0x20, 0x21, 0x01, 0x9E, 0x00, 0x7D, 0x1B, 0x6F, 0x01, 0x43, 0xE4, 0x4D, 0x05, 0x40, 0xB0,
    0x20, 0x20, 0x21, 0x04, 0x40, 0xB0, 0x21, 0x02, 0x40, 0xB2, 0x21, 0x01, 0x00, 0x80, 0xBB, 0x41,
    0x01, 0x20, 0x21, 0x04, 0x01, 0x24, 0x21, 0x02, 0x43, 0xF2, 0xBD, 0x17, 0xBB, 0x41, 0x01, 0x20,
    0x21, 0x04, 0x01, 0x32, 0x21, 0x02, 0x44, 0x00, 0x21, 0x01, 0x00, 0x3E, 0xBB, 0x41, 0x01, 0x20,
    0x21, 0x06, 0x80, 0x00, 0x21, 0x07, 0x06, 0x46, 0x21, 0x03, 0x00, 0x70, 0x21, 0x02, 0x44, 0x7C,
    0x1D, 0x26, 0xA9, 0x23, 0xF3, 0x83, 0x21, 0x0E, 0x80, 0x00, 0x21, 0x0F, 0x40, 0x20, 0x5D, 0x0E,
    0x43, 0xDA, 0x21, 0x0F, 0x40, 0xA0, 0x21, 0x01, 0x44, 0x00, 0x7D, 0x1D, 0x6F, 0x0E, 0x43, 0xEA,
    0x6F, 0x0E, 0x43, 0xDE, 0x6F, 0x01, 0x43, 0xEC, 0x4D, 0x05, 0x43, 0xE0, 0x80, 0x00, 0x4D, 0x05,
    0x43, 0xE2, 0xC0, 0x00, 0x64, 0x03, 0x43, 0xF1, 0x62, 0x04, 0x43, 0xF1, 0x7C, 0x01, 0xC8, 0x0F,
    0x3A, 0x86, 0xFF, 0x95, 0x21, 0x02, 0x01, 0x12, 0x21, 0x00, 0x00, 0x02, 0x21, 0x01, 0xFF, 0x97,
    0x3A, 0x22, 0x00, 0x10, 0xC8, 0x4F, 0x3A, 0x86, 0xFF, 0x9D, 0x3A, 0x84, 0xFF, 0x99, 0x21, 0x02,
    0x01, 0x15, 0x21, 0x00, 0x00, 0x02, 0x21, 0x01, 0xFF, 0x9F, 0x3A, 0x22, 0x00, 0x10, 0x21, 0x02,
    0xFF, 0xFF, 0x3A, 0x94, 0xFF, 0x93, 0xA6, 0x95, 0xE6, 0x02, 0xF2, 0x85, 0xE8, 0x63, 0x3A, 0x84,
    0xFF, 0x9B, 0x06, 0x08, 0x7F, 0x7F, 0x3A, 0x04, 0xFF, 0x99, 0x21, 0x02, 0xFF, 0xFF, 0x3A, 0x94,
    0xFF, 0x93, 0xA6, 0x96, 0xE6, 0x02, 0xF2, 0x85, 0xE8, 0x55, 0x3A, 0x86, 0xFF, 0x93, 0x3A, 0x06,
    0xFF, 0x91, 0x0A, 0x08, 0x2A, 0x2A, 0xEE, 0x4E, 0x0A, 0x00, 0xAA, 0xAA, 0xEE, 0x4B, 0x21, 0x02,
    0xFF, 0xFF, 0x3A, 0x94, 0xFF, 0x93, 0xA6, 0x95, 0xE6, 0x02, 0xF2, 0x85, 0xE8, 0x43, 0x3A, 0x84,
    0xFF, 0x9B, 0x06, 0x08, 0x7F, 0x7F, 0x3A, 0x04, 0xFF, 0x99, 0x21, 0x02, 0xFF, 0xFF, 0x3A, 0x94,
    0xFF, 0x93, 0xA6, 0x96, 0xE6, 0x02, 0xF2, 0x85, 0xE8, 0x35, 0x3A, 0x86, 0xFF, 0x93, 0x3A, 0x06,
    0xFF, 0x91, 0x0A, 0x08, 0x55, 0x55, 0xEE, 0x2E, 0x0A, 0x00, 0x55, 0x55, 0xEE, 0x2B, 0x21, 0x02,
    0xFF, 0xFF, 0x3A, 0x94, 0xFF, 0x93, 0xA6, 0x95, 0xE6, 0x02, 0xF2, 0x85, 0xE8, 0x23, 0x3A, 0x84,
    0xFF, 0x9B, 0x06, 0x08, 0x7F, 0x7F, 0x3A, 0x04, 0xFF, 0x99, 0x0A, 0x08, 0x00, 0x00, 0xEE, 0x1A,
    0x0A, 0x00, 0x01, 0x01, 0xE6, 0x03, 0x0A, 0x00, 0x02, 0x02, 0xEE, 0x14, 0x6E, 0x00, 0x40, 0xAC,
    0xC8, 0x08, 0x6F, 0x00, 0x40, 0xAA, 0xC8, 0x18, 0x3A, 0x86, 0xFF, 0x87, 0x21, 0x02, 0x01, 0x14,
    0x21, 0x00, 0x00, 0x05, 0x21, 0x01, 0xFF, 0x9F, 0x3A, 0x22, 0x00, 0x10, 0xC8, 0x00, 0x3A, 0x86,
    0xFF, 0xE1, 0xE8, 0x0B, 0xC0, 0x00, 0x6E, 0x00, 0x40, 0xAC, 0xC8, 0x04, 0x6F, 0x00, 0x40, 0xAA,
    0xC8, 0x07, 0x3A, 0x86, 0xFF, 0x9F, 0xDF, 0xB5, 0xDF, 0xAD, 0x7C, 0x05, 0x5F, 0x00, 0x0A, 0x22,
    0x21, 0x02, 0x00, 0x2C, 0x5F, 0x00, 0x0A, 0x42, 0x7C, 0x05, 0x21, 0x0F, 0x40, 0xA0, 0x0D, 0xF9,
    0x03, 0x88, 0x60, 0x09, 0x43, 0xF0, 0x07, 0x01, 0x00, 0x06, 0x6E, 0x09, 0x43, 0xF0, 0x60, 0x08,
    0x43, 0xFE, 0x5F, 0x00, 0x08, 0x88, 0x5F, 0x00, 0x09, 0xF6, 0xEE, 0x08, 0x66, 0x02, 0x43, 0xF1,
    0xE6, 0x05, 0xC8, 0x4E, 0x61, 0x01, 0x43, 0x9C, 0x6E, 0x18, 0x40, 0xB0, 0x62, 0x02, 0x43, 0xF1,
    0x61, 0x0B, 0x43, 0x9C, 0x21, 0x08, 0x00, 0x00, 0x5F, 0x00, 0x0B, 0x1A, 0xE6, 0x05, 0x0A, 0x08,
    0x20, 0x20, 0xE6, 0x02, 0xA9, 0x80, 0xE8, 0xF8, 0x21, 0x0A, 0x00, 0x5C, 0x6F, 0x0B, 0x43, 0x9C,
    0x21, 0xA9, 0x0B, 0x09, 0xFF, 0xFF, 0xE6, 0x33, 0xA9, 0xA1, 0x8B, 0x89, 0xE6, 0x05, 0x81, 0x9A,
    0xA9, 0xA2, 0x07, 0x0A, 0xFF, 0xFE, 0xE8, 0xF2, 0x5F, 0x00, 0x0B, 0x1A, 0x0A, 0xA8, 0xEE, 0xF7,
    0xA9, 0xA0, 0xF9, 0x86, 0xA9, 0xA0, 0x07, 0x0A, 0xFF, 0xFE, 0x21, 0xA2, 0x1E, 0x28, 0x93, 0xF0,
    0xC0, 0x57, 0xC8, 0x02, 0x3A, 0x06, 0xFF, 0xAB, 0x3A, 0x86, 0xFF, 0xAB, 0x97, 0xF0, 0x9E, 0x08,
    0x93, 0xF0, 0x93, 0xF1, 0x93, 0xF2, 0x21, 0x02, 0x01, 0x19, 0x21, 0x00, 0x00, 0x09, 0x21, 0x01,
    0xFF, 0x87, 0x3A, 0x22, 0x00, 0x10, 0x21, 0x02, 0x01, 0x22, 0x21, 0x00, 0x00, 0x02, 0x21, 0x01,
    0xFF, 0x87, 0x3A, 0x22, 0x00, 0x10, 0x97, 0xF2, 0x97, 0xF1, 0x97, 0xF0, 0x9E, 0x08, 0xC8, 0x3F,
    0x5F, 0x00, 0x08, 0x88, 0x4D, 0x05, 0x43, 0x9E, 0x00, 0x00, 0x21, 0x0F, 0x40, 0xA0, 0x5E, 0x08,
    0x03, 0x88, 0x21, 0x02, 0x04, 0x6A, 0x5E, 0x08, 0x05, 0x80, 0x00, 0x24, 0x55, 0x4E, 0x49, 0x4D,
    0x50, 0x4C, 0x45, 0x4D, 0x45, 0x4E, 0x54, 0x45, 0x44, 0x20, 0x49, 0x4E, 0x53, 0x54, 0x52, 0x55,
    0x43, 0x54, 0x49, 0x4F, 0x4E, 0x20, 0x54, 0x52, 0x41, 0x50, 0x20, 0x20, 0x49, 0x44, 0x3D, 0x20,
    0x21, 0x02, 0x04, 0x96, 0xE8, 0x75, 0x00, 0x21, 0x50, 0x52, 0x49, 0x56, 0x49, 0x4C, 0x45, 0x47,
    0x45, 0x44, 0x20, 0x49, 0x4E, 0x53, 0x54, 0x52, 0x55, 0x43, 0x54, 0x49, 0x4F, 0x4E, 0x20, 0x54,
    0x52, 0x41, 0x50, 0x20, 0x20, 0x49, 0x44, 0x3D, 0x20, 0x00, 0x93, 0xE0, 0x7D, 0x02, 0xA3, 0x0F,
    0x7D, 0x0A, 0x4C, 0xF1, 0x00, 0x03, 0x01, 0x01, 0xEE, 0x03, 0x65, 0xFF, 0x00, 0x04, 0xE8, 0x39,
    0x4C, 0xF1, 0x00, 0x03, 0x02, 0x02, 0xEE, 0x03, 0x63, 0xFF, 0x00, 0x04, 0xE8, 0x32, 0x97, 0xF0,
    0x4C, 0xF4, 0x00, 0x01, 0xEE, 0x22, 0x6F, 0x00, 0x43, 0xBE, 0x5D, 0x0E, 0x43, 0xDA, 0x21, 0x0F,
    0x40, 0xA0, 0x5F, 0x00, 0x12, 0x3E, 0x69, 0x07, 0x43, 0xDC, 0x6B, 0x01, 0x43, 0xE0, 0x6B, 0x00,
    0x43, 0xFC, 0x5E, 0x0E, 0x13, 0x88, 0x4D, 0x05, 0x43, 0xFC, 0x00, 0x01, 0x5F, 0x00, 0x14, 0x84,
    0x7C, 0x05, 0x21, 0x02, 0x05, 0x4C, 0x5F, 0x00, 0x0A, 0x42, 0x61, 0x05, 0x43, 0xE0, 0x5F, 0x00,
    0x0A, 0xD4, 0x5F, 0x00, 0x0A, 0x5C, 0x5E, 0x08, 0x03, 0x88, 0x93, 0xF0, 0x60, 0xF0, 0x00, 0x03,
    0xA0, 0x0B, 0x8C, 0x38, 0x03, 0x03, 0x00, 0x04, 0x61, 0x33, 0x05, 0x58, 0x7C, 0x05, 0x1F, 0x30,
    0xA1, 0x03, 0x7D, 0x02, 0xA5, 0x0F, 0x7D, 0x0A, 0x97, 0xE0, 0x7B, 0x00, 0x00, 0x09, 0x42, 0x52,
    0x45, 0x41, 0x4B, 0x20, 0x41, 0x54, 0x20, 0x20, 0x08, 0x6A, 0x08, 0x88, 0x09, 0x94, 0x0A, 0x22,
    0x0A, 0x42, 0x0A, 0xD4, 0x0A, 0x5C, 0x0A, 0xDC, 0x0C, 0x50, 0x0C, 0x1A, 0x00, 0x00, 0x00, 0x00,
    0x03, 0x88, 0x3E, 0x00, 0x08, 0xCA, 0x09, 0x08, 0x2A, 0x6E, 0x0A, 0x6E, 0x21, 0x02, 0x05, 0x92,
    0x21, 0xF5, 0x5F, 0x00, 0x0A, 0x42, 0x5F, 0x00, 0x0A, 0xD4, 0x5F, 0x00, 0x0A, 0x5C, 0x5E, 0x08,
    0x03, 0x88, 0x00, 0x0D, 0x4D, 0x4D, 0x55, 0x20, 0x54, 0x52, 0x41, 0x50, 0x20, 0x49, 0x44, 0x3D,
    0x20, 0x00, 0x93, 0xF0, 0xA9, 0xF1, 0x21, 0xF0, 0xAB, 0xF1, 0xA6, 0x80, 0xEE, 0x02, 0xA6, 0x82,
    0xEE, 0x1C, 0x97, 0xF0, 0x66, 0x00, 0x43, 0xF0, 0xEE, 0x0B, 0x5D, 0x0E, 0x43, 0xDA, 0x21, 0x0F,
    0x40, 0xA0, 0x6F, 0x00, 0x43, 0xBE, 0x5F, 0x00, 0x12, 0x3E, 0x69, 0x07, 0x43, 0xDC, 0xE8, 0x04,
    0x62, 0x00, 0x43, 0xF0, 0x21, 0x0F, 0x40, 0xA0, 0x7C, 0x05, 0x5F, 0x00, 0x0A, 0x22, 0x21, 0x02,
    0x06, 0x06, 0x5F, 0x00, 0x0A, 0x42, 0x5E, 0x08, 0x03, 0x88, 0x3A, 0x84, 0xFF, 0xC1, 0xA0, 0x80,
    0xA2, 0x83, 0x3A, 0x86, 0xFF, 0xC1, 0x3A, 0x06, 0xFF, 0xC1, 0x4D, 0x05, 0x46, 0x82, 0xFF, 0xFF,
    0x97, 0xF0, 0x7F, 0x01, 0x7B, 0x00, 0x00, 0x05, 0x4E, 0x4D, 0x49, 0x20, 0x0D, 0x00, 0x21, 0x02,
    0x06, 0x14, 0xE8, 0xB6, 0x00, 0x2F, 0x55, 0x4E, 0x49, 0x4E, 0x49, 0x54, 0x49, 0x41, 0x4C, 0x49,
    0x5A, 0x45, 0x44, 0x20, 0x4E, 0x4F, 0x4E, 0x56, 0x45, 0x43, 0x54, 0x4F, 0x52, 0x45, 0x44, 0x20,
    0x49, 0x4E, 0x54, 0x45, 0x52, 0x52, 0x55, 0x50, 0x54, 0x20, 0x45, 0x4E, 0x54, 0x52, 0x59, 0x20,
    0x20, 0x49, 0x44, 0x3D, 0x20, 0x00, 0x21, 0x02, 0x06, 0x4C, 0xE8, 0x9A, 0x00, 0x2C, 0x55, 0x4E,
    0x49, 0x4E, 0x49, 0x54, 0x49, 0x41, 0x4C, 0x49, 0x5A, 0x45, 0x44, 0x20, 0x56, 0x45, 0x43, 0x54,
    0x4F, 0x52, 0x45, 0x44, 0x20, 0x49, 0x4E, 0x54, 0x45, 0x52, 0x52, 0x55, 0x50, 0x54, 0x20, 0x45,
    0x4E, 0x54, 0x52, 0x59, 0x20, 0x20, 0x49, 0x44, 0x3D, 0x20, 0x00, 0x00, 0x00, 0x00, 0x00, 0x00,
    0x00, 0x00, 0x00, 0x00, 0x00, 0x00, 0x00, 0x00, 0x00, 0x00, 0x00, 0x00, 0x00, 0x00, 0x00, 0x00,
    0x00, 0x00, 0x00, 0x00, 0x00, 0x00, 0x00, 0x00, 0x00, 0x00, 0x00, 0x00, 0x00, 0x00, 0x00, 0x00,
    0x00, 0x00, 0x00, 0x00, 0x00, 0x00, 0x00, 0x00, 0x00, 0x00, 0x00, 0x00, 0x00, 0x00, 0x00, 0x00,
    0x00, 0x00, 0x00, 0x00, 0x00, 0x00, 0x00, 0x00, 0x00, 0x00, 0x00, 0x00, 0x00, 0x00, 0x00, 0x00,
    0x00, 0x00, 0x00, 0x00, 0x00, 0x00, 0x00, 0x00, 0x00, 0x00, 0x00, 0x00, 0x00, 0x00, 0x00, 0x00,
    0x00, 0x00, 0x00, 0x00, 0x00, 0x00, 0x00, 0x00, 0x00, 0x00, 0x00, 0x00, 0x00, 0x00, 0x00, 0x00,
    0x00, 0x00, 0x00, 0x00, 0x00, 0x00, 0x00, 0x00, 0x00, 0x00, 0x00, 0x00, 0x00, 0x00, 0x00, 0x00,
    0x00, 0x00, 0x00, 0x00, 0x00, 0x00, 0x00, 0x00, 0x00, 0x00, 0x00, 0x00, 0x00, 0x00, 0x00, 0x00,
    0x93, 0xF0, 0x93, 0xF1, 0x93, 0xF2, 0x4D, 0x01, 0x44, 0x2E, 0x2F, 0xD2, 0xEE, 0x06, 0x4D, 0x05,
    0x43, 0xFE, 0x2A, 0x20, 0x4D, 0x05, 0x44, 0x2E, 0x05, 0xA2, 0x3A, 0x94, 0xFF, 0x83, 0x66, 0x00,
    0x43, 0xF0, 0xEE, 0x19, 0xA2, 0x97, 0x4A, 0x09, 0x43, 0xF4, 0xEE, 0x03, 0x62, 0x02, 0x43, 0xF0,
    0xE8, 0x1B, 0x4A, 0x09, 0x43, 0xF5, 0xEE, 0x03, 0x64, 0x02, 0x43, 0xF0, 0xE8, 0x15, 0x0A, 0x09,
    0x1B, 0x1B, 0xEE, 0x09, 0x66, 0x03, 0x43, 0xF0, 0xEE, 0x03, 0x66, 0x04, 0x43, 0xF0, 0xE6, 0x03,
    0x64, 0x05, 0x43, 0xF0, 0xE8, 0x09, 0x61, 0x00, 0x43, 0xA2, 0xDF, 0x80, 0x6F, 0x00, 0x43, 0xA2,
    0x6E, 0x29, 0x41, 0xB0, 0x68, 0x00, 0x43, 0xA0, 0xC9, 0x38, 0x3A, 0x96, 0xFF, 0x85, 0x97, 0xF2,
    0x97, 0xF1, 0x97, 0xF0, 0x7F, 0x01, 0x8D, 0x07, 0x7B, 0x00, 0x93, 0xF1, 0xC9, 0x30, 0x3A, 0x96,
    0xFF, 0x87, 0xC9, 0x38, 0x3A, 0x96, 0xFF, 0x85, 0x97, 0xF1, 0x7F, 0x01, 0x7B, 0x00, 0x93, 0xF0,
    0x93, 0xF1, 0x93, 0xF2, 0x3A, 0x94, 0xFF, 0x93, 0xA6, 0x95, 0xEE, 0xFC, 0x3A, 0x14, 0xFF, 0x9B,
    0x06, 0x01, 0x7E, 0x7E, 0x3A, 0x94, 0xFF, 0x99, 0x0A, 0x01, 0x04, 0x04, 0xE6, 0x11, 0x0A, 0x01,
    0x24, 0x24, 0xEE, 0x04, 0x4C, 0x05, 0x40, 0xAD, 0x00, 0x00, 0xE8, 0x44, 0x0A, 0x01, 0x44, 0x44,
    0xE6, 0x41, 0x0A, 0x01, 0x64, 0x64, 0xE6, 0x3E, 0x0A, 0x01, 0x10, 0x10, 0xE6, 0x31, 0xE8, 0x3A,
    0x4D, 0x01, 0x44, 0x2E, 0x2F, 0xD2, 0xEE, 0x06, 0x4D, 0x05, 0x43, 0xFE, 0x2A, 0x20, 0x4D, 0x05,
    0x44, 0x2E, 0x05, 0xA2, 0x66, 0x00, 0x43, 0xF0, 0xEE, 0x19, 0xA2, 0x97, 0x4A, 0x09, 0x43, 0xF4,
    0xEE, 0x03, 0x62, 0x02, 0x43, 0xF0, 0xE8, 0x26, 0x4A, 0x09, 0x43, 0xF5, 0xEE, 0x03, 0x64, 0x02,
    0x43, 0xF0, 0xE8, 0x20, 0x0A, 0x09, 0x1B, 0x1B, 0xEE, 0x09, 0x66, 0x03, 0x43, 0xF0, 0xEE, 0x03,
    0x66, 0x04, 0x43, 0xF0, 0xE6, 0x03, 0x64, 0x05, 0x43, 0xF0, 0xE8, 0x14, 0x61, 0x00, 0x43, 0xA2,
    0xDF, 0xE3, 0x6F, 0x00, 0x43, 0xA2, 0x6E, 0x29, 0x41, 0xB0, 0x68, 0x00, 0x43, 0xA0, 0xE8, 0x0A,
    0x61, 0x00, 0x46, 0xFC, 0xDF, 0xED, 0x6F, 0x00, 0x46, 0xFC, 0x6E, 0x29, 0x47, 0x00, 0x68, 0x00,
    0x46, 0xFA, 0xE8, 0x00, 0xC9, 0xED, 0x3A, 0x96, 0xFF, 0xE1, 0xC9, 0x4D, 0x3A, 0x96, 0xFF, 0xE1,
    0x97, 0xF2, 0x97, 0xF1, 0x97, 0xF0, 0x7F, 0x01, 0x8D, 0x07, 0x7B, 0x00, 0xA1, 0x02, 0xA9, 0x00,
    0x0B, 0x00, 0x01, 0x00, 0x9E, 0x07, 0x8D, 0x08, 0x9E, 0x08, 0x4C, 0x04, 0x43, 0xA0, 0xE6, 0xFD,
    0x93, 0xF2, 0x61, 0x00, 0x43, 0xA4, 0xD0, 0x0E, 0x6F, 0x00, 0x43, 0xA4, 0x60, 0x28, 0x41, 0xB0,
    0x6A, 0x00, 0x43, 0xA0, 0x97, 0xF2, 0x9E, 0x08, 0x93, 0xF0, 0x4C, 0x04, 0x40, 0xAC, 0xEE, 0x0A,
    0x66, 0x02, 0x43, 0xF0, 0xEE, 0xFD, 0x3A, 0x04, 0xFF, 0x87, 0xA6, 0x02, 0xE6, 0xF9, 0x3A, 0x86,
    0xFF, 0x83, 0xE8, 0x0F, 0x66, 0x02, 0x43, 0xF0, 0xEE, 0xFD, 0xC8, 0x27, 0xDF, 0xA2, 0xA6, 0x02,
    0xE6, 0xF9, 0x4C, 0x05, 0x40, 0xAD, 0xFF, 0xFF, 0x97, 0xF0, 0x93, 0xF0, 0xA0, 0x80, 0xC8, 0x26,
    0xDF, 0xB8, 0x97, 0xF0, 0x0A, 0x08, 0x0D, 0x0D, 0x9E, 0x08, 0x4C, 0x04, 0x46, 0xFA, 0xE6, 0xFD,
    0x93, 0xF2, 0x61, 0x00, 0x46, 0xFE, 0xD0, 0x3E, 0x6F, 0x00, 0x46, 0xFE, 0x60, 0x28, 0x47, 0x00,
    0x6A, 0x00, 0x46, 0xFA, 0x97, 0xF2, 0x9E, 0x08, 0x7C, 0x01, 0x3A, 0x04, 0xFF, 0x93, 0xA6, 0x05,
    0xEE, 0xFB, 0x3A, 0x04, 0xFF, 0x9B, 0x06, 0x00, 0x7E, 0x7E, 0x0A, 0x00, 0x10, 0x10, 0xEE, 0xF4,
    0x3A, 0x84, 0xFF, 0x99, 0x7C, 0x05, 0x9E, 0x08, 0x7C, 0x01, 0xC0, 0x10, 0xDF, 0xF9, 0x7C, 0x05,
    0x9E, 0x08, 0x7C, 0x01, 0xC0, 0x10, 0xDF, 0xEF, 0x7C, 0x05, 0x9E, 0x08, 0x93, 0xF0, 0x3A, 0x04,
    0xFF, 0x93, 0xA6, 0x06, 0xEE, 0xFC, 0x3A, 0x86, 0xFF, 0x91, 0x97, 0xF0, 0xA2, 0x00, 0x3A, 0x06,
    0xFF, 0x93, 0xA4, 0x00, 0x3A, 0x06, 0xFF, 0x93, 0x9E, 0x08, 0x93, 0xF0, 0x3A, 0x04, 0xFF, 0x93,
    0xA6, 0x06, 0xEE, 0xFC, 0x97, 0xF0, 0xA2, 0x00, 0x3A, 0x06, 0xFF, 0x93, 0x3A, 0x86, 0xFF, 0x91,
    0x9E, 0x08, 0x7C, 0x01, 0x93, 0xF0, 0xC0, 0x04, 0xD0, 0x1F, 0x97, 0xF0, 0x93, 0xF0, 0xA0, 0x08,
    0xC0, 0x00, 0xD0, 0x15, 0x97, 0xF0, 0x7C, 0x05, 0x9E, 0x08, 0x7C, 0x01, 0xC0, 0x02, 0xD0, 0x2A,
    0x3A, 0x04, 0xFF, 0x93, 0xA6, 0x05, 0xEE, 0xFC, 0x3A, 0x04, 0xFF, 0x9B, 0x06, 0x00, 0x7E, 0x7E,
    0x0A, 0x00, 0x00, 0x00, 0xEE, 0xF5, 0x3A, 0x04, 0xFF, 0x99, 0x7C, 0x05, 0x9E, 0x08, 0xD0, 0x93,
    0xD0, 0x85, 0x9E, 0x08, 0x6F, 0x01, 0x43, 0x9A, 0x8D, 0x18, 0xD0, 0x07, 0x66, 0x03, 0x43, 0xF1,
    0xEE, 0x07, 0x0A, 0x08, 0x61, 0x61, 0xE7, 0x04, 0x0A, 0x08, 0x7B, 0x7B, 0xEF, 0x01, 0xA2, 0x85,
    0x72, 0x28, 0x01, 0x00, 0x4A, 0x08, 0x43, 0xF2, 0xE6, 0x0C, 0x4A, 0x08, 0x43, 0xF3, 0xE6, 0x0F,
    0x0A, 0x08, 0x0D, 0x0D, 0xE6, 0x12, 0xA9, 0x10, 0x4B, 0x01, 0x43, 0x9A, 0xE7, 0xE6, 0x8D, 0x41,
    0x9E, 0x08, 0xDF, 0xDF, 0xED, 0xE2, 0x60, 0x08, 0x43, 0xFE, 0xD0, 0xAA, 0xE8, 0xDD, 0x8D, 0x14,
    0xE6, 0xDC, 0xC8, 0x08, 0xD0, 0xAF, 0xDF, 0xE9, 0xE8, 0xFA, 0xC8, 0x0A, 0xD0, 0xB3, 0x74, 0x22,
    0x01, 0x00, 0x8D, 0x43, 0x9E, 0x08, 0x21, 0x02, 0x40, 0xB0, 0x21, 0x01, 0x00, 0x80, 0x4D, 0x05,
    0x43, 0x9C, 0x00, 0x00, 0xD0, 0x39, 0x5E, 0x06, 0x04, 0x4E, 0xDF, 0x67, 0x6B, 0x00, 0x43, 0x9C,
    0x0A, 0x08, 0x0D, 0x0D, 0x9E, 0x08, 0xC8, 0x20, 0xD0, 0xC9, 0xC8, 0x08, 0xD0, 0xCB, 0xAB, 0x10,
    0x9E, 0x08, 0xC8, 0x0D, 0xD0, 0xCF, 0xC8, 0x0A, 0xD0, 0xD1, 0xDF, 0xFF, 0x9E, 0x08, 0x4D, 0x04,
    0x43, 0xF6, 0x9E, 0x06, 0x61, 0x01, 0x43, 0xF6, 0x8D, 0x08, 0xD0, 0xDA, 0xAB, 0x10, 0xEE, 0xFD,
    0x9E, 0x08, 0x21, 0x20, 0x0B, 0x00, 0x00, 0x00, 0x9E, 0x06, 0x6F, 0x00, 0x43, 0x9E, 0xA9, 0x21,
    0x21, 0x04, 0x41, 0x30, 0xBA, 0x21, 0x00, 0x40, 0xDF, 0xF6, 0x9E, 0x08, 0x61, 0x03, 0x43, 0x9E,
    0x4C, 0x35, 0x41, 0x30, 0x0D, 0x0D, 0x69, 0x00, 0x43, 0x9E, 0xDF, 0xFF, 0x9E, 0x08, 0x8D, 0x38,
    0x60, 0x38, 0x41, 0x30, 0xA9, 0x30, 0xD0, 0xF8, 0xE6, 0x04, 0x4B, 0x03, 0x43, 0x9E, 0xE7, 0xF8,
    0xE8, 0x06, 0xC8, 0x0A, 0xD0, 0xFF, 0xD0, 0x2D, 0x66, 0x04, 0x43, 0xF1, 0xEE, 0xF1, 0x4D, 0x05,
    0x43, 0x9E, 0x00, 0x00, 0x21, 0x00, 0x00, 0x40, 0x4D, 0x05, 0x41, 0x30, 0x20, 0x20, 0x21, 0x02,
    0x41, 0x30, 0x21, 0x04, 0x41, 0x32, 0xBB, 0x21, 0x00, 0x40, 0x9E, 0x08, 0x0A, 0x08, 0x30, 0x30,
    0x9E, 0x07, 0x0A, 0x08, 0x3A, 0x3A, 0xE7, 0x08, 0x0A, 0x08, 0x41, 0x41, 0x9E, 0x07, 0x0A, 0x08,
    0x47, 0x47, 0xEF, 0x06, 0x02, 0x08, 0x07, 0x07, 0x06, 0x08, 0x0F, 0x0F, 0x8D, 0x83, 0x9E, 0x08,
    0x8D, 0x81, 0x9E, 0x08, 0xA0, 0x50, 0xDF, 0xFD, 0xDF, 0xFF, 0x9E, 0x08, 0xA0, 0xD0, 0xBE, 0x08,
    0xDF, 0xFD, 0xBE, 0x08, 0xDF, 0xFF, 0x9E, 0x08, 0x93, 0xF1, 0x06, 0x08, 0x0F, 0x0F, 0x60, 0x09,
    0x40, 0xAF, 0x80, 0x89, 0x6E, 0x09, 0x40, 0xAF, 0x0A, 0x08, 0x0A, 0x0A, 0xE7, 0x02, 0x00, 0x08,
    0x07, 0x07, 0x00, 0x08, 0x30, 0x30, 0x93, 0xF6, 0x61, 0x06, 0x43, 0x9E, 0x6E, 0x68, 0x41, 0x30,
    0x69, 0x00, 0x43, 0x9E, 0x97, 0xF6, 0x97, 0xF1, 0x9E, 0x08, 0x93, 0xF2, 0x61, 0x02, 0x43, 0x9C,
    0x60, 0x28, 0x40, 0xB0, 0x69, 0x00, 0x43, 0x9C, 0x0A, 0x08, 0x0D, 0x0D, 0x97, 0xF2, 0x9E, 0x08,
    0xD0, 0x0C, 0x9E, 0x06, 0x0A, 0x08, 0x20, 0x20, 0xEE, 0xFB, 0xDF, 0xFF, 0x9E, 0x08, 0xD0, 0x13,
    0x9E, 0x06, 0x0A, 0x08, 0x20, 0x20, 0xE6, 0xFB, 0x9E, 0x08, 0x61, 0x02, 0x43, 0xDE, 0xA5, 0x2F,
    0x62, 0x00, 0x43, 0xF1, 0x0A, 0x08, 0x0D, 0x0D, 0x9E, 0x06, 0x0A, 0x08, 0x3C, 0x3C, 0x9E, 0x0E,
    0x8D, 0x38, 0xD0, 0x25, 0x5E, 0x06, 0x04, 0x4E, 0xD0, 0x5F, 0xE7, 0x02, 0xBE, 0xB8, 0xE8, 0xF9,
    0x0A, 0x08, 0x3E, 0x3E, 0x5E, 0x0E, 0x04, 0x4E, 0xD0, 0x1E, 0xA0, 0xB2, 0x8C, 0xA8, 0xA5, 0x2F,
    0x64, 0x00, 0x43, 0xF1, 0x9E, 0x08, 0x8D, 0x38, 0x0A, 0x08, 0x0D, 0x0D, 0x8D, 0x81, 0x9E, 0x06,
    0xD0, 0x73, 0x5E, 0x07, 0x04, 0x4E, 0xBE, 0xB8, 0xBE, 0x38, 0xD0, 0x41, 0x9E, 0x06, 0x0A, 0x08,
    0x20, 0x20, 0xEE, 0xF6, 0xD0, 0x34, 0x8D, 0x83, 0x9E, 0x08, 0xD0, 0x31, 0xD0, 0x14, 0x9E, 0x08,
    0xD0, 0x41, 0xD0, 0x05, 0xE6, 0x06, 0x94, 0x26, 0xD0, 0x08, 0xE6, 0x03, 0x94, 0x24, 0xD0, 0x1D,
    0x9E, 0x0F, 0x8D, 0x81, 0x9E, 0x08, 0xC8, 0x3A, 0xD1, 0xA1, 0xD0, 0xEB, 0xDF, 0xFF, 0x9E, 0x08,
    0x8D, 0x28, 0x8D, 0x38, 0xD0, 0x4C, 0x9E, 0x06, 0x0A, 0x08, 0x51, 0x51, 0xE6, 0x03, 0x0A, 0x08,
    0x2D, 0x2D, 0xEE, 0x02, 0x8D, 0x81, 0x9E, 0x08, 0xD0, 0x9F, 0x5E, 0x07, 0x04, 0x4E, 0xBE, 0xB8,
    0xBE, 0x38, 0xBE, 0xA8, 0xBE, 0x28, 0xD0, 0x6F, 0xEE, 0x02, 0x8D, 0x11, 0xE8, 0x04, 0x0A, 0x08,
    0x20, 0x20, 0xEE, 0xF2, 0x8D, 0x83, 0x8D, 0x43, 0x9E, 0x08, 0xD0, 0x9C, 0x69, 0x00, 0x43, 0x9E,
    0xDF, 0xFF, 0x9E, 0x08, 0xD0, 0xD4, 0xD0, 0x29, 0x9E, 0x08, 0x61, 0x02, 0x43, 0x9E, 0x6E, 0x29,
    0x41, 0x30, 0x69, 0x00, 0x43, 0x9E, 0x9E, 0x08, 0x21, 0x01, 0x3C, 0x20, 0xDF, 0xFF, 0x9E, 0x08,
    0xDF, 0xFD, 0x6B, 0x00, 0x43, 0x9E, 0x9E, 0x08, 0x93, 0xF4, 0x61, 0x04, 0x43, 0x9E, 0x6E, 0x41,
    0x41, 0x30, 0xA9, 0x40, 0x6E, 0x49, 0x41, 0x30, 0x69, 0x01, 0x43, 0x9E, 0x97, 0xF4, 0x9E, 0x08,
    0xD0, 0x15, 0xDF, 0xFF, 0x9E, 0x08, 0xA2, 0xD7, 0xD0, 0xBF, 0x21, 0x01, 0x3E, 0x20, 0xD0, 0x18,
    0x9E, 0x08, 0x62, 0x01, 0x43, 0xF1, 0x5F, 0x00, 0x0B, 0x30, 0x21, 0x07, 0x02, 0x02, 0x61, 0x0A,
    0x43, 0xDE, 0xEE, 0x02, 0xA1, 0x31, 0xE8, 0x55, 0x5F, 0x00, 0x0B, 0xAA, 0xEE, 0x02, 0x64, 0x01,
    0x43, 0xF1, 0x94, 0x2A, 0x66, 0x01, 0x43, 0xF1, 0xEE, 0x48, 0xDF, 0x83, 0xE6, 0x46, 0x5F, 0x00,
    0x0B, 0x86, 0xA1, 0x3D, 0xE6, 0x02, 0xDF, 0x89, 0xEE, 0x74, 0x8D, 0xD4, 0xE6, 0x72, 0x21, 0x06,
    0x00, 0x10, 0x5F, 0x00, 0x0C, 0x28, 0xA1, 0xA5, 0xA0, 0x5D, 0x5F, 0x00, 0x0C, 0x56, 0xA1, 0xB5,
    0x5F, 0x00, 0x0A, 0xD4, 0x69, 0x00, 0x43, 0x9E, 0x21, 0x08, 0x00, 0x3A, 0x4C, 0x85, 0x41, 0x30,
    0x2A, 0x2A, 0xA9, 0x80, 0x7F, 0x01, 0x20, 0xAD, 0x7F, 0x02, 0x6E, 0x8D, 0x41, 0x30, 0x0A, 0x0D,
    0x20, 0x20, 0xE7, 0x03, 0x0A, 0x0D, 0x7F, 0x7F, 0xE7, 0x03, 0x4C, 0x85, 0x41, 0x30, 0x2E, 0x2E,
    0xA9, 0x80, 0x4C, 0x85, 0x41, 0x30, 0x2A, 0x2A, 0x5F, 0x00, 0x0A, 0xDC, 0xA9, 0xB0, 0xAB, 0x60,
    0xEE, 0x09, 0xA9, 0x80, 0x6F, 0x08, 0x43, 0x9E, 0x5F, 0x00, 0x0A, 0x5C, 0xA0, 0x7F, 0xAB, 0xD0,
    0xEE, 0xCE, 0x9E, 0x08, 0xFF, 0x21, 0x69, 0x00, 0x43, 0x9E, 0xA0, 0x7F, 0xAB, 0xD0, 0xEE, 0xDA,
    0xA9, 0x80, 0x6F, 0x08, 0x43, 0x9E, 0x5E, 0x08, 0x0A, 0x5C, 0x0A, 0x0F, 0x01, 0x01, 0xE6, 0x01,
    0xA3, 0xB0, 0x94, 0xA8, 0x5F, 0x00, 0x0C, 0x28, 0xA1, 0xA5, 0xA0, 0x5D, 0x5F, 0x00, 0x0C, 0x56,
    0xA1, 0xB5, 0x5F, 0x00, 0x0A, 0xD4, 0x69, 0x00, 0x43, 0x9E, 0x7F, 0x01, 0x20, 0xAD, 0x7F, 0x02,
    0x5F, 0x00, 0x0A, 0xDC, 0xA9, 0xB0, 0xFF, 0x07, 0x69, 0x00, 0x43, 0x9E, 0xA0, 0x7F, 0x5F, 0x00,
    0x0C, 0x14, 0xEF, 0x09, 0x0A, 0x08, 0x51, 0x51, 0x9E, 0x06, 0x93, 0xF7, 0x8C, 0x78, 0x83, 0x7B,
    0x83, 0x7B, 0x97, 0xF7, 0xE8, 0xDE, 0xE6, 0xDD, 0xAA, 0xF0, 0x7F, 0x01, 0xEE, 0x02, 0x2E, 0x8B,
    0xE8, 0x05, 0xAA, 0xF0, 0xEE, 0x02, 0x2F, 0x83, 0xE8, 0x01, 0x1D, 0x82, 0x7F, 0x02, 0xA0, 0x7F,
    0xE8, 0xD0, 0x5E, 0x08, 0x04, 0x4E, 0x21, 0x07, 0x02, 0x02, 0x0A, 0x08, 0x0D, 0x0D, 0x9E, 0x06,
    0x0A, 0x08, 0x57, 0x57, 0x9E, 0x06, 0x21, 0x07, 0x01, 0x01, 0x0A, 0x08, 0x42, 0x42, 0x9E, 0x06,
    0x21, 0x07, 0x04, 0x04, 0x0A, 0x08, 0x4C, 0x4C, 0x9E, 0x06, 0x21, 0x07, 0x02, 0x02, 0x9E, 0x08,
    0x5F, 0x00, 0x0B, 0xB0, 0xE7, 0x15, 0x94, 0x48, 0xA1, 0x3A, 0x8D, 0x34, 0xE6, 0x11, 0x7F, 0x01,
    0x20, 0x69, 0xBA, 0x80, 0x0A, 0x96, 0x7F, 0x02, 0xE6, 0x07, 0x94, 0x84, 0xAB, 0x50, 0xDF, 0xF6,
    0x94, 0x64, 0xDF, 0xF8, 0x5F, 0x00, 0x0A, 0x5C, 0x8D, 0xA4, 0x9E, 0x06, 0xA9, 0x70, 0xE8, 0xEF,
    0x5E, 0x08, 0x04, 0x4E, 0x5F, 0x00, 0x0C, 0x28, 0xA1, 0x52, 0xA0, 0x4D, 0x5F, 0x00, 0x0C, 0x56,
    0xA1, 0x25, 0x5F, 0x00, 0x0A, 0xD4, 0x21, 0x01, 0x3D, 0x20, 0x5F, 0x00, 0x0C, 0x38, 0x7F, 0x01,
    0x20, 0x4D, 0x7F, 0x02, 0x5F, 0x00, 0x0A, 0xDC, 0x69, 0x01, 0x43, 0x9E, 0x9E, 0x08, 0x5F, 0x00,
    0x0B, 0xB0, 0xE7, 0x0D, 0xA7, 0x70, 0xEE, 0x0B, 0x83, 0x75, 0xE7, 0x09, 0xB3, 0x51, 0xFF, 0xFF,
    0xA9, 0x50, 0x7F, 0x01, 0x2F, 0x63, 0xA9, 0x71, 0xF5, 0x83, 0x7F, 0x02, 0x9E, 0x08, 0x5E, 0x08,
    0x04, 0x4E, 0x5F, 0x00, 0x0B, 0xB0, 0x5E, 0x07, 0x04, 0x4E, 0x8B, 0x64, 0xEE, 0x02, 0x8B, 0x57,
    0xE7, 0x05, 0x7F, 0x01, 0xBA, 0x61, 0x03, 0x40, 0x7F, 0x02, 0x9E, 0x08, 0x81, 0x37, 0xAB, 0x70,
    0x81, 0x35, 0xAB, 0x50, 0x7F, 0x01, 0xBA, 0x69, 0x03, 0x40, 0x7F, 0x02, 0x9E, 0x08, 0x21, 0x05,
    0x0F, 0x04, 0xE8, 0x09, 0x21, 0x05, 0x0F, 0x24, 0xE8, 0x2C, 0x21, 0x05, 0x0F, 0x14, 0xE8, 0x03,
    0x21, 0x05, 0x0F, 0x34, 0xE8, 0x26, 0x6F, 0x05, 0x43, 0xBA, 0x5F, 0x00, 0x0B, 0x30, 0x5E, 0x06,
    0x04, 0x4E, 0x5F, 0x00, 0x0B, 0x86, 0xA1, 0x36, 0xBD, 0x71, 0xE6, 0x05, 0x0A, 0x08, 0x57, 0x57,
    0x5E, 0x0E, 0x04, 0x4E, 0x8D, 0x78, 0x21, 0x05, 0x43, 0xB8, 0x81, 0x75, 0x61, 0x03, 0x43, 0xBA,
    0x1F, 0x30, 0xA1, 0x65, 0x5F, 0x00, 0x0A, 0xD4, 0x69, 0x00, 0x43, 0x9E, 0x61, 0x05, 0x43, 0xB8,
    0xA7, 0x70, 0xEE, 0x03, 0x5F, 0x00, 0x0A, 0xD4, 0xE8, 0x02, 0x5F, 0x00, 0x0A, 0xDC, 0x5E, 0x08,
    0x0A, 0x5C, 0x6F, 0x05, 0x43, 0xBA, 0x5F, 0x00, 0x0B, 0x30, 0x5E, 0x06, 0x04, 0x4E, 0x5F, 0x00,
    0x0B, 0x86, 0x5E, 0x06, 0x04, 0x4E, 0xA1, 0x36, 0xBD, 0x71, 0x0A, 0x08, 0x57, 0x57, 0xEE, 0x05,
    0x8D, 0x78, 0x5F, 0x00, 0x0B, 0x30, 0x5E, 0x06, 0x04, 0x4E, 0x5F, 0x00, 0x0B, 0x86, 0x8C, 0x01,
    0x21, 0x05, 0x43, 0xB8, 0x2F, 0x53, 0x81, 0x75, 0x61, 0x03, 0x43, 0xBA, 0x1F, 0x30, 0xA6, 0x06,
    0x9E, 0x0E, 0xE8, 0xF3, 0xA7, 0x70, 0xEE, 0x03, 0x3B, 0x60, 0x03, 0x58, 0x9E, 0x08, 0x3A, 0x60,
    0x03, 0x58, 0x9E, 0x08, 0xA7, 0x70, 0xEE, 0x03, 0x3B, 0x61, 0x03, 0x58, 0x9E, 0x08, 0x3A, 0x61,
    0x03, 0x58, 0x9E, 0x08, 0xA7, 0x70, 0xEE, 0x03, 0x3B, 0x52, 0x03, 0x68, 0x9E, 0x08, 0x3A, 0x52,
    0x03, 0x68, 0x9E, 0x08, 0xA7, 0x70, 0xEE, 0x03, 0x3B, 0x53, 0x03, 0x68, 0x9E, 0x08, 0x3A, 0x53,
    0x03, 0x68, 0x9E, 0x08, 0x21, 0x07, 0x00, 0x01, 0xE8, 0x03, 0x21, 0x07, 0x00, 0x02, 0xE8, 0x00,
    0x5F, 0x00, 0x0B, 0xD0, 0x94, 0x24, 0x5E, 0x06, 0x04, 0x4E, 0x5F, 0x00, 0x0B, 0x3E, 0x5F, 0x00,
    0x0B, 0xAA, 0x5E, 0x07, 0x04, 0x4E, 0x94, 0x28, 0x21, 0x06, 0x00, 0x00, 0xE6, 0x07, 0x02, 0x08,
    0x30, 0x30, 0x0A, 0x08, 0x04, 0x04, 0x5E, 0x0F, 0x04, 0x4E, 0xA0, 0x8E, 0x21, 0x0A, 0x02, 0x00,
    0x7F, 0x1E, 0x8D, 0x24, 0x9E, 0x06, 0x93, 0xF2, 0x21, 0x02, 0x0F, 0x98, 0x7F, 0x0C, 0x97, 0xF5,
    0x5F, 0x00, 0x0A, 0xDC, 0x7F, 0x10, 0x9E, 0x08, 0x00, 0x10, 0x48, 0x41, 0x52, 0x44, 0x20, 0x44,
    0x49, 0x53, 0x4B, 0x20, 0x45, 0x52, 0x52, 0x4F, 0x52, 0x20, 0x21, 0x07, 0x00, 0x03, 0x5F, 0x00,
    0x0B, 0x30, 0x5E, 0x06, 0x04, 0x4E, 0xE8, 0x15, 0x21, 0x07, 0x00, 0x01, 0xE8, 0x03, 0x21, 0x07,
    0x00, 0x02, 0xE8, 0x00, 0x5F, 0x00, 0x0B, 0xD0, 0x94, 0x24, 0x5E, 0x06, 0x04, 0x4E, 0x5F, 0x00,
    0x0B, 0x3E, 0x5F, 0x00, 0x0B, 0xAA, 0x5E, 0x07, 0x04, 0x4E, 0x94, 0x28, 0x21, 0x06, 0x00, 0x60,
    0xE6, 0x0B, 0x5F, 0x00, 0x0B, 0x86, 0xA1, 0x36, 0xC6, 0x00, 0xA0, 0xE8, 0x06, 0x08, 0x0F, 0x0F,
    0x0A, 0x08, 0x04, 0x04, 0x5E, 0x0F, 0x04, 0x4E, 0x21, 0x0A, 0x02, 0x00, 0x7F, 0x24, 0x8D, 0x24,
    0x9E, 0x06, 0x93, 0xF2, 0x21, 0x02, 0x10, 0x14, 0x7F, 0x0C, 0x97, 0xF5, 0x5F, 0x00, 0x0A, 0xDC,
    0x7F, 0x10, 0x9E, 0x08, 0x00, 0x0D, 0x46, 0x4C, 0x4F, 0x50, 0x50, 0x59, 0x20, 0x45, 0x52, 0x52,
    0x4F, 0x52, 0x20, 0x00, 0x5F, 0x00, 0x0B, 0x30, 0x5E, 0x06, 0x11, 0x74, 0x0A, 0x08, 0x52, 0x52,
    0xEE, 0x08, 0x5F, 0x00, 0x0B, 0x1A, 0xE6, 0x53, 0x0A, 0x08, 0x46, 0x46, 0xEE, 0x02, 0xC1, 0x52,
    0xE8, 0x15, 0x8D, 0x68, 0x0A, 0x08, 0x4C, 0x4C, 0xE6, 0x09, 0xA9, 0x61, 0x0A, 0x08, 0x48, 0x48,
    0xE6, 0x05, 0xA9, 0x63, 0x0A, 0x08, 0x52, 0x52, 0xEE, 0x04, 0xAB, 0x61, 0x5F, 0x00, 0x0B, 0x1A,
    0xE6, 0x3E, 0xA0, 0x81, 0x5F, 0x00, 0x0B, 0x1A, 0xEE, 0x01, 0xC8, 0x20, 0xA0, 0x89, 0x21, 0x07,
    0x00, 0x18, 0x21, 0x08, 0x11, 0xAA, 0xBB, 0x8C, 0x07, 0x16, 0xEE, 0x31, 0xA9, 0x81, 0x81, 0x77,
    0x0A, 0x0E, 0x04, 0x04, 0xE7, 0x55, 0xE6, 0x2D, 0x21, 0x01, 0x52, 0x20, 0x5F, 0x00, 0x0C, 0x38,
    0x6B, 0x00, 0x43, 0x9E, 0x21, 0x81, 0x5F, 0x00, 0x0C, 0x38, 0x69, 0x00, 0x43, 0x9E, 0x61, 0x75,
    0x43, 0xBE, 0x5F, 0x00, 0x0C, 0x0A, 0x9E, 0x07, 0xE6, 0x14, 0x21, 0x82, 0x0B, 0x02, 0x50, 0x43,
    0xEE, 0x02, 0xA3, 0x30, 0xE8, 0x0C, 0x0B, 0x02, 0x52, 0x46, 0xEE, 0x01, 0x7D, 0x3B, 0x0B, 0x02,
    0x53, 0x47, 0xEE, 0x05, 0x0A, 0x03, 0x00, 0x00, 0xEE, 0x02, 0xA0, 0xB3, 0x8C, 0xB8, 0x6F, 0x73,
    0x43, 0xBE, 0xA9, 0x71, 0xA9, 0x81, 0x0B, 0x08, 0x11, 0xAB, 0xE7, 0xD6, 0x9E, 0x08, 0x5E, 0x08,
    0x04, 0x4E, 0x0B, 0x08, 0x11, 0x9A, 0xEF, 0xFB, 0x0A, 0x09, 0x20, 0x20, 0xE6, 0x02, 0xA7, 0x10,
    0xE8, 0x01, 0xA7, 0x18, 0xEE, 0xF4, 0x21, 0x01, 0x52, 0x52, 0x5F, 0x00, 0x0C, 0x38, 0x21, 0x81,
    0x5F, 0x00, 0x0C, 0x38, 0x69, 0x00, 0x43, 0x9E, 0x61, 0x75, 0x43, 0xBE, 0x5F, 0x00, 0x0A, 0xD4,
    0x61, 0x75, 0x43, 0xC0, 0x5F, 0x00, 0x0C, 0x0A, 0x9E, 0x07, 0xE6, 0x04, 0x6F, 0x72, 0x43, 0xBE,
    0x6F, 0x73, 0x43, 0xC0, 0xA9, 0x73, 0xA9, 0x83, 0x0B, 0x08, 0x11, 0x9B, 0xE7, 0xE4, 0x9E, 0x08,
    0x0B, 0x08, 0x11, 0x8C, 0xEF, 0xD4, 0x8D, 0x64, 0xEE, 0x01, 0xA9, 0x70, 0x61, 0x61, 0x11, 0xAC,
    0x5F, 0x00, 0x0C, 0x38, 0x21, 0x81, 0x5F, 0x00, 0x0C, 0x38, 0x60, 0x7D, 0x43, 0xBE, 0x5F, 0x00,
    0x0A, 0xDC, 0x69, 0x00, 0x43, 0x9E, 0x5F, 0x00, 0x0C, 0x14, 0x9E, 0x07, 0xE6, 0x02, 0x6E, 0x7B,
    0x43, 0xBE, 0xA9, 0x70, 0xAB, 0x61, 0xE6, 0xEA, 0xA9, 0x63, 0xA9, 0x81, 0x0B, 0x08, 0x11, 0x8C,
    0xE7, 0xE5, 0x9E, 0x08, 0xDF, 0xE3, 0xDF, 0xBD, 0xDF, 0xC5, 0xE8, 0x5A, 0x30, 0x20, 0x31, 0x20,
    0x32, 0x20, 0x33, 0x20, 0x34, 0x20, 0x35, 0x20, 0x36, 0x20, 0x37, 0x20, 0x38, 0x20, 0x39, 0x20,
    0x31, 0x30, 0x31, 0x31, 0x31, 0x32, 0x31, 0x33, 0x31, 0x34, 0x31, 0x35, 0x53, 0x47, 0x50, 0x43,
    0x46, 0x43, 0x52, 0x46, 0x4E, 0x34, 0x4E, 0x35, 0x50, 0x53, 0x50, 0x4F, 0x52, 0x4C, 0x52, 0x48,
    0xBD, 0x0C, 0x21, 0x04, 0x11, 0x7C, 0xBD, 0x68, 0x21, 0x08, 0x11, 0x9A, 0x61, 0x03, 0x43, 0x9E,
    0x4C, 0x35, 0x41, 0x30, 0x52, 0x52, 0x69, 0x00, 0x43, 0x9E, 0x21, 0x41, 0x5F, 0x00, 0x0C, 0x38,
    0xAB, 0x00, 0x5E, 0x06, 0x0A, 0x5C, 0xAB, 0x60, 0xEE, 0x01, 0xA1, 0x84, 0xA9, 0x41, 0x0B, 0x06,
    0x00, 0x00, 0xEA, 0x03, 0x69, 0x03, 0x43, 0x9E, 0xE8, 0xEE, 0x69, 0x01, 0x43, 0x9E, 0xE8, 0xE6,
    0xBD, 0x0C, 0x21, 0x04, 0x11, 0x8C, 0x21, 0x08, 0x11, 0xA2, 0xBD, 0x68, 0xE8, 0xDF, 0xBD, 0x2C,
    0x21, 0x06, 0x43, 0xBE, 0xBD, 0x88, 0x21, 0x0A, 0x43, 0xDC, 0x21, 0x65, 0x5F, 0x00, 0x0A, 0xD4,
    0xAB, 0x20, 0x5E, 0x06, 0x0A, 0x5C, 0xAB, 0x80, 0xEE, 0x01, 0xA1, 0xA6, 0xA9, 0x61, 0x0B, 0x08,
    0x00, 0x00, 0xEA, 0x03, 0x69, 0x02, 0x43, 0x9E, 0xE8, 0xF0, 0x69, 0x00, 0x43, 0x9E, 0xE8, 0xED,
    0xBD, 0x2C, 0x21, 0x06, 0x43, 0xCE, 0xBD, 0x88, 0x21, 0x0A, 0x43, 0xE4, 0xE8, 0xE6, 0x5D, 0x0E,
    0x43, 0xB0, 0x54, 0x0E, 0x43, 0xDA, 0x31, 0xF0, 0x00, 0x00, 0x6F, 0x00, 0x43, 0xB4, 0x31, 0xF0,
    0x00, 0x02, 0x6F, 0x00, 0x43, 0xE2, 0x31, 0xF0, 0x00, 0x04, 0x6F, 0x00, 0x43, 0xDE, 0x31, 0xF0,
    0x00, 0x06, 0x6F, 0x00, 0x43, 0xE0, 0x7F, 0x01, 0x7D, 0x06, 0x7F, 0x02, 0x6F, 0x00, 0x43, 0xE6,
    0x7D, 0x07, 0x6F, 0x00, 0x43, 0xE8, 0x7F, 0x01, 0x7D, 0x04, 0x7F, 0x02, 0x6F, 0x00, 0x43, 0xEA,
    0x7D, 0xF5, 0x6F, 0x0F, 0x43, 0xEC, 0x7D, 0xF3, 0x6F, 0x0F, 0x43, 0xE4, 0x21, 0x0F, 0x43, 0xC0,
    0x1C, 0xF9, 0x01, 0x0C, 0x54, 0x0E, 0x43, 0xB0, 0x9E, 0x08, 0x5D, 0x0E, 0x43, 0xB0, 0x54, 0x0E,
    0x43, 0xDA, 0xAB, 0xF7, 0x61, 0x01, 0x43, 0xB4, 0x33, 0xF1, 0x00, 0x00, 0x61, 0x01, 0x43, 0xE2,
    0x33, 0xF1, 0x00, 0x02, 0x61, 0x01, 0x43, 0xDE, 0x33, 0xF1, 0x00, 0x04, 0x61, 0x01, 0x43, 0xE0,
    0x33, 0xF1, 0x00, 0x06, 0x61, 0x01, 0x43, 0xE6, 0x7F, 0x01, 0x7D, 0x1E, 0x7F, 0x02, 0x61, 0x01,
    0x43, 0xE8, 0x7D, 0x1F, 0x61, 0x01, 0x43, 0xEA, 0x7F, 0x01, 0x7D, 0x1C, 0x7F, 0x02, 0x61, 0x01,
    0x43, 0xEC, 0x7D, 0x1D, 0x21, 0x0F, 0x43, 0xBE, 0x1C, 0xF1, 0x00, 0x0D, 0x54, 0x0E, 0x43, 0xB0,
    0x9E, 0x08, 0x54, 0x02, 0x43, 0xAC, 0x61, 0x01, 0x43, 0xAA, 0x7F, 0x01, 0x2F, 0x21, 0x7F, 0x02,
    0x4D, 0x08, 0x43, 0xAC, 0x4D, 0x08, 0x43, 0xAE, 0x4D, 0x08, 0x43, 0xAA, 0x4D, 0x05, 0x43, 0xFC,
    0x00, 0x01, 0x5F, 0x00, 0x0B, 0x30, 0x9E, 0x06, 0x5F, 0x00, 0x0B, 0xAA, 0x94, 0x24, 0xE6, 0x06,
    0x5F, 0x00, 0x0B, 0x86, 0x8D, 0x34, 0xE6, 0x02, 0x6F, 0x03, 0x43, 0xFC, 0x94, 0x42, 0xA3, 0x30,
    0x5D, 0x02, 0x43, 0xAC, 0x61, 0x01, 0x43, 0xF8, 0x7F, 0x01, 0x2D, 0x21, 0xA1, 0x14, 0x21, 0x21,
    0x7F, 0x02, 0x6F, 0x04, 0x43, 0xAA, 0x4B, 0x01, 0x43, 0xF8, 0x9E, 0x06, 0x4D, 0x05, 0x43, 0xFC,
    0x00, 0x01, 0x4D, 0x08, 0x43, 0xAC, 0x4D, 0x08, 0x43, 0xAE, 0x4D, 0x08, 0x43, 0xAA, 0x5E, 0x08,
    0x04, 0x4E, 0x5F, 0x00, 0x0B, 0x30, 0xE6, 0x05, 0x5F, 0x00, 0x0B, 0xAA, 0xA3, 0x30, 0x5D, 0x02,
    0x43, 0xDE, 0x54, 0x02, 0x43, 0xDE, 0x50, 0x02, 0x43, 0xAC, 0xE6, 0x06, 0xD0, 0x72, 0x54, 0x0E,
    0x43, 0xDA, 0xAB, 0xF7, 0x7F, 0x01, 0x7B, 0x00, 0x54, 0x02, 0x43, 0xAC, 0x61, 0x01, 0x43, 0xAA,
    0x7F, 0x01, 0x2F, 0x21, 0x7F, 0x02, 0x21, 0x02, 0x13, 0xE0, 0x7C, 0x01, 0x6F, 0x02, 0x44, 0x4A,
    0xD0, 0x84, 0x54, 0x0E, 0x43, 0xDA, 0xAB, 0xF7, 0x7F, 0x01, 0x93, 0xE1, 0x31, 0xE1, 0x00, 0x04,
    0x7F, 0x02, 0x6F, 0x01, 0x43, 0xB6, 0x05, 0x01, 0x10, 0x00, 0x7F, 0x01, 0x33, 0xE1, 0x00, 0x04,
    0x7F, 0x02, 0x8C, 0x98, 0x3A, 0x96, 0xFF, 0xA9, 0xC9, 0xC7, 0x3A, 0x96, 0xFF, 0xAF, 0x61, 0x01,
    0x43, 0xFA, 0x3A, 0x96, 0xFF, 0xAF, 0x7D, 0x12, 0xA5, 0x1F, 0x7D, 0x1A, 0x97, 0xE1, 0x7B, 0x00,
    0x93, 0xF2, 0x93, 0xF1, 0xDF, 0xB1, 0x54, 0x02, 0x43, 0xAC, 0x61, 0x01, 0x43, 0xF8, 0x7F, 0x01,
    0x2F, 0x21, 0x7F, 0x02, 0x67, 0x0C, 0x43, 0xB6, 0xEE, 0x05, 0x31, 0xF2, 0x00, 0x06, 0xA3, 0x2C,
    0x33, 0xF2, 0x00, 0x06, 0x97, 0xF1, 0x97, 0xF2, 0x7F, 0x01, 0x7B, 0x00, 0x64, 0x02, 0x43, 0xF1,
    0x5F, 0x00, 0x0B, 0x30, 0xE6, 0x04, 0x5F, 0x00, 0x0B, 0x86, 0x8D, 0x34, 0xEE, 0x01, 0xBD, 0x31,
    0x6F, 0x03, 0x43, 0xFC, 0x21, 0x02, 0x14, 0x3E, 0x54, 0x04, 0x43, 0xAC, 0x50, 0x04, 0x43, 0xDE,
    0xEE, 0xB4, 0x61, 0x01, 0x43, 0xAA, 0x7F, 0x01, 0x2F, 0x41, 0x7F, 0x02, 0xE8, 0xAE, 0x5D, 0x0E,
    0x43, 0xDA, 0x21, 0x0F, 0x40, 0xA0, 0x6F, 0x00, 0x43, 0xBE, 0xD1, 0x07, 0x69, 0x07, 0x43, 0xDC,
    0xDF, 0xE7, 0x54, 0x02, 0x43, 0xAC, 0x61, 0x01, 0x43, 0xF8, 0x7F, 0x01, 0x2F, 0x21, 0x7F, 0x02,
    0x67, 0x0C, 0x43, 0xB6, 0xEE, 0x02, 0x63, 0x0C, 0x43, 0xE2, 0xD1, 0x5E, 0xD1, 0x38, 0xD1, 0x40,
    0xD1, 0x21, 0x6B, 0x00, 0x43, 0xFC, 0xEE, 0xD6, 0x4D, 0x05, 0x43, 0xFC, 0x00, 0x01, 0x7C, 0x05,
    0x5E, 0x08, 0x03, 0x88, 0xC9, 0xED, 0x3A, 0x96, 0xFF, 0xE1, 0xC9, 0x4D, 0x3A, 0x96, 0xFF, 0xE1,
    0xC9, 0x03, 0x3A, 0x96, 0xFF, 0xAF, 0x9E, 0x08, 0x00, 0x00, 0x00, 0x00, 0x00, 0x00, 0x00, 0x00,
    0x00, 0x00, 0x00, 0x00, 0x00, 0x00, 0x00, 0x00, 0x00, 0x00, 0x00, 0x00, 0x00, 0x00, 0x00, 0x00,
    0x00, 0x00, 0x00, 0x00, 0x00, 0x00, 0x00, 0x00, 0x00, 0x00, 0x00, 0x00, 0x00, 0x00, 0x00, 0x00,
    0x00, 0x00, 0x00, 0x00, 0x00, 0x00, 0x00, 0x00, 0x00, 0x00, 0x00, 0x00, 0x00, 0x00, 0x00, 0x00,
    0x00, 0x00, 0x00, 0x00, 0x00, 0x00, 0x00, 0x00, 0x00, 0x00, 0x00, 0x00, 0x00, 0x00, 0x00, 0x00,
    0x00, 0x00, 0x00, 0x00, 0x00, 0x00, 0x00, 0x00, 0x00, 0x00, 0x00, 0x00, 0x00, 0x00, 0x00, 0x00,
    0x00, 0x00, 0x00, 0x00, 0x00, 0x00, 0x00, 0x00, 0x00, 0x00, 0x00, 0x00, 0x00, 0x00, 0x00, 0x00,
    0x00, 0x26, 0x50, 0x38, 0x30, 0x30, 0x30, 0x20, 0x48, 0x61, 0x72, 0x64, 0x77, 0x61, 0x72, 0x65,
    0x74, 0x65, 0x73, 0x74, 0x20, 0x55, 0x38, 0x30, 0x30, 0x31, 0x20, 0x2D, 0x20, 0x56, 0x65, 0x72,
    0x73, 0x69, 0x6F, 0x6E, 0x20, 0x33, 0x2E, 0x30, 0x00, 0x0A, 0x2A, 0x2A, 0x2A, 0x20, 0x45, 0x52,
    0x52, 0x4F, 0x52, 0x20, 0x00, 0x10, 0x07, 0x2A, 0x2A, 0x2A, 0x20, 0x46, 0x41, 0x54, 0x41, 0x4C,
    0x20, 0x45, 0x52, 0x52, 0x4F, 0x52, 0x00, 0x07, 0x4D, 0x41, 0x58, 0x53, 0x45, 0x47, 0x3D, 0x00,
    0x00, 0xFC, 0x00, 0xFA, 0x00, 0xF6, 0x00, 0xFC, 0x00, 0xFA, 0xA0, 0x00, 0xA1, 0x00, 0xA1, 0x00,
    0x00, 0x00, 0x00, 0x00, 0x01, 0x01, 0x00, 0x02, 0x02, 0x00, 0x03, 0x03, 0x01, 0x00, 0x04, 0x02,
    0x00, 0x08, 0x04, 0x00, 0x10, 0x08, 0x00, 0x20, 0x10, 0x00, 0x40, 0x20, 0x00, 0x80, 0x00, 0x00,
    0xFF, 0x00, 0x00, 0x00, 0x00, 0x00, 0x00, 0x00, 0xFF, 0x20, 0x00, 0x00, 0xFF, 0x01, 0x01, 0x00,
    0x00, 0x00, 0x01, 0x01, 0x00, 0x00, 0x00, 0x00, 0x00, 0x20, 0x88, 0x88, 0x3A, 0x86, 0xFF, 0xC1,
    0x7F, 0x0A, 0x21, 0x02, 0x15, 0x00, 0x7F, 0x0C, 0x7F, 0x10, 0xD9, 0x32, 0x4D, 0x05, 0x46, 0x7C,
    0x00, 0x00, 0x21, 0x08, 0x00, 0x40, 0x4D, 0x05, 0x46, 0x84, 0x00, 0x00, 0x88, 0x11, 0xD9, 0x55,
    0x21, 0x02, 0x00, 0x00, 0x21, 0x03, 0x10, 0x00, 0x61, 0x04, 0x3F, 0xF0, 0x61, 0x05, 0x3F, 0xF2,
    0xD8, 0xE9, 0x21, 0x02, 0x00, 0x01, 0x21, 0x03, 0x10, 0x00, 0x61, 0x04, 0x3F, 0xF4, 0x61, 0x05,
    0x3F, 0xF6, 0xD8, 0xF2, 0x21, 0x02, 0x20, 0x00, 0x21, 0x03, 0x0F, 0xF8, 0x61, 0x04, 0x3F, 0xF8,
    0x61, 0x05, 0x3F, 0xFA, 0xD8, 0xFB, 0x21, 0x02, 0x20, 0x01, 0x21, 0x03, 0x0F, 0xF8, 0x61, 0x04,
    0x3F, 0xFC, 0x61, 0x05, 0x3F, 0xFE, 0xD9, 0x04, 0x21, 0x08, 0x00, 0x46, 0x4D, 0x05, 0x46, 0x84,
    0x00, 0x29, 0x88, 0x11, 0xA4, 0x11, 0xD9, 0x81, 0x21, 0x07, 0x40, 0x00, 0x21, 0x05, 0x00, 0x01,
    0xC8, 0x11, 0x21, 0x76, 0x2F, 0x75, 0x21, 0x74, 0x2F, 0x76, 0xD9, 0xA9, 0xA6, 0x17, 0xEE, 0x02,
    0xB3, 0x50, 0xF8, 0x09, 0x21, 0x08, 0x00, 0x47, 0x21, 0x05, 0xAA, 0xAA, 0x88, 0x11, 0xA4, 0x11,
    0xD9, 0x96, 0x21, 0x07, 0x40, 0x00, 0x21, 0x00, 0x04, 0x00, 0x21, 0x76, 0x2F, 0x75, 0x21, 0x74,
    0x2F, 0x76, 0xD9, 0xBD, 0xA6, 0x17, 0xEE, 0x02, 0xA9, 0x71, 0xF0, 0x89, 0x0B, 0x05, 0x55, 0x55,
    0xE6, 0x05, 0x21, 0x08, 0x00, 0x48, 0x21, 0x05, 0x55, 0x55, 0xE8, 0xE8, 0x21, 0x08, 0x00, 0x50,
    0x4D, 0x05, 0x46, 0x84, 0x00, 0x85, 0x88, 0x11, 0xD9, 0xB2, 0xC8, 0x20, 0x3A, 0x86, 0xFF, 0xA3,
    0xC8, 0x0F, 0x3A, 0x86, 0xFF, 0xA7, 0x21, 0x06, 0xFF, 0xA1, 0x21, 0x07, 0xFF, 0xA5, 0xD9, 0x1C,
    0x21, 0x06, 0xFF, 0xA3, 0x21, 0x07, 0xFF, 0xA7, 0xD9, 0x21, 0x4D, 0x05, 0x46, 0x7E, 0x00, 0x00,
    0x21, 0x05, 0xAA, 0xAA, 0x21, 0x08, 0x00, 0x52, 0x4D, 0x05, 0x46, 0x84, 0x00, 0x48, 0x88, 0x11,
    0xD9, 0xCE, 0x93, 0xF5, 0x93, 0xF8, 0x93, 0xF1, 0x6F, 0x05, 0x46, 0x8C, 0x21, 0x07, 0x00, 0x04,
    0xCE, 0x00, 0xCD, 0x2E, 0x21, 0x08, 0x00, 0x00, 0x21, 0x09, 0x46, 0x8C, 0x21, 0x0A, 0x00, 0x02,
    0x7F, 0x1E, 0x97, 0xF1, 0x97, 0xF8, 0x97, 0xF5, 0x8D, 0x24, 0xE6, 0x06, 0xA0, 0xAE, 0x93, 0xF5,
    0xD9, 0xBB, 0x69, 0x00, 0x46, 0x7E, 0x97, 0xF5, 0x21, 0x08, 0x00, 0x53, 0x4D, 0x05, 0x46, 0x84,
    0x00, 0x4A, 0x88, 0x11, 0xA4, 0x11, 0xD9, 0xF1, 0x93, 0xF5, 0x93, 0xF8, 0x93, 0xF1, 0x4D, 0x05,
    0x46, 0x8E, 0x00, 0x00, 0x21, 0x07, 0x00, 0x03, 0xCE, 0x00, 0xCD, 0x2E, 0x21, 0x08, 0x00, 0x00,
    0x21, 0x09, 0x46, 0x8E, 0x21, 0x0A, 0x00, 0x02, 0x7F, 0x1E, 0x97, 0xF1, 0x97, 0xF8, 0x97, 0xF5,
    0xA0, 0xAE, 0x61, 0x04, 0x46, 0x8E, 0x8D, 0x24, 0xE6, 0x06, 0x93, 0xF5, 0xD9, 0xE1, 0x69, 0x00,
    0x46, 0x7E, 0x97, 0xF5, 0xE8, 0x07, 0x93, 0xF5, 0xDA, 0x30, 0x97, 0xF5, 0xA6, 0x16, 0xE6, 0x02,
    0x69, 0x00, 0x46, 0x7E, 0x0B, 0x05, 0x55, 0x55, 0xE6, 0x03, 0x21, 0x05, 0x55, 0x55, 0xE8, 0xAA,
    0x21, 0x08, 0x00, 0x54, 0x4D, 0x05, 0x46, 0x84, 0x00, 0x40, 0x88, 0x11, 0xDA, 0x24, 0x93, 0xF8,
    0x93, 0xF1, 0x21, 0x07, 0x00, 0x05, 0x7F, 0x1E, 0x97, 0xF1, 0x97, 0xF8, 0x0B, 0x02, 0x00, 0x01,
    0xE6, 0x04, 0xCE, 0xC1, 0xDA, 0x05, 0x69, 0x00, 0x46, 0x7E, 0x21, 0x08, 0x00, 0x55, 0x4D, 0x05,
    0x46, 0x84, 0x00, 0x85, 0x88, 0x11, 0xDA, 0x39, 0x21, 0x00, 0xFF, 0xFF, 0xF0, 0x81, 0x21, 0x06,
    0xFF, 0xA9, 0xD9, 0x89, 0x21, 0x06, 0xFF, 0xAB, 0xD9, 0x8C, 0x21, 0x06, 0xFF, 0xAD, 0xD9, 0x8F,
    0x21, 0x06, 0xFF, 0xAF, 0xD9, 0x92, 0x21, 0x06, 0xFF, 0xB1, 0xD9, 0x95, 0x21, 0x06, 0xFF, 0xB3,
    0xD9, 0x98, 0x21, 0x06, 0xFF, 0xB5, 0xD9, 0x9B, 0x21, 0x06, 0xFF, 0xB7, 0xD9, 0x9E, 0x21, 0x08,
    0x00, 0x56, 0x4D, 0x05, 0x46, 0x84, 0x00, 0x80, 0x88, 0x11, 0xDA, 0x5B, 0x21, 0x00, 0xFF, 0xFF,
    0xF0, 0x81, 0x21, 0x06, 0xFF, 0xA9, 0xD9, 0x9D, 0x21, 0x06, 0xFF, 0xAB, 0xD9, 0xA0, 0x21, 0x06,
    0xFF, 0xAD, 0xD9, 0xA3, 0x21, 0x06, 0xFF, 0xAF, 0xD9, 0xA6, 0x21, 0x06, 0xFF, 0xB1, 0xD9, 0xA9,
    0x21, 0x06, 0xFF, 0xB3, 0xD9, 0xAC, 0x21, 0x06, 0xFF, 0xB5, 0xD9, 0xAF, 0x21, 0x06, 0xFF, 0xB7,
    0xD9, 0xB2, 0x21, 0x08, 0x00, 0x57, 0x4D, 0x05, 0x46, 0x84, 0x00, 0x80, 0x88, 0x11, 0xDA, 0x7D,
    0x21, 0x00, 0xFF, 0xFF, 0xF0, 0x81, 0x53, 0xF0, 0x44, 0x7E, 0x53, 0xF0, 0x44, 0x82, 0x53, 0xF0,
    0x44, 0x86, 0x53, 0xF0, 0x44, 0x8A, 0x4D, 0x05, 0x44, 0x7E, 0x24, 0xE8, 0x4D, 0x05, 0x44, 0x82,
    0x24, 0xE8, 0x4D, 0x05, 0x44, 0x86, 0x24, 0xE8, 0x4D, 0x05, 0x44, 0x8A, 0x24, 0xE8, 0xC8, 0x20,
    0x3A, 0x86, 0xFF, 0xA9, 0x3A, 0x86, 0xFF, 0xB1, 0x21, 0x06, 0xFF, 0xA9, 0xD9, 0xCC, 0x21, 0x06,
    0xFF, 0xAB, 0xD9, 0xCF, 0x21, 0x06, 0xFF, 0xAD, 0xD9, 0xD2, 0x21, 0x06, 0xFF, 0xAF, 0xD9, 0xD5,
    0x21, 0x06, 0xFF, 0xB1, 0xD9, 0xD8, 0x21, 0x06, 0xFF, 0xB3, 0xD9, 0xDB, 0x21, 0x06, 0xFF, 0xB5,
    0xD9, 0xDE, 0x21, 0x06, 0xFF, 0xB7, 0xD9, 0xE1, 0x57, 0xF0, 0x44, 0x8A, 0x57, 0xF0, 0x44, 0x86,
    0x57, 0xF0, 0x44, 0x82, 0x57, 0xF0, 0x44, 0x7E, 0x21, 0x08, 0x00, 0x60, 0x4D, 0x05, 0x46, 0x84,
    0x00, 0x85, 0x88, 0x11, 0xDA, 0xC0, 0x21, 0x00, 0xFF, 0xFF, 0xF0, 0x81, 0x21, 0x06, 0xFF, 0x83,
    0x21, 0x07, 0xFF, 0x87, 0xD9, 0xCD, 0x21, 0x06, 0xFF, 0x8B, 0x21, 0x07, 0xFF, 0x8F, 0xD9, 0xD2,
    0x21, 0x08, 0x00, 0x61, 0x4D, 0x05, 0x46, 0x84, 0x00, 0x80, 0x88, 0x11, 0xDA, 0xD4, 0x21, 0x00,
    0xFF, 0xFF, 0xF0, 0x81, 0x53, 0xF0, 0x44, 0x7E, 0x53, 0xF0, 0x44, 0x8E, 0x4D, 0x05, 0x44, 0x7E,
    0x25, 0xEE, 0x4D, 0x05, 0x44, 0x8E, 0x25, 0xEE, 0xD9, 0xD4, 0xD9, 0xCA, 0xD9, 0xC0, 0xD9, 0xB6,
    0x57, 0xF0, 0x44, 0x8E, 0x57, 0xF0, 0x44, 0x7E, 0x21, 0x08, 0x00, 0x70, 0x4D, 0x05, 0x46, 0x84,
    0x00, 0x00, 0x88, 0x11, 0xDA, 0xF0, 0x89, 0x66, 0x6F, 0x06, 0x46, 0x80, 0xCD, 0xA5, 0xC8, 0x02,
    0xA0, 0x65, 0x21, 0x07, 0x80, 0x00, 0x7F, 0x01, 0x2F, 0x65, 0x21, 0x64, 0x7F, 0x02, 0x8B, 0x45,
    0xE6, 0x09, 0x21, 0x07, 0xFF, 0xFE, 0xF8, 0x09, 0xAA, 0x60, 0x0A, 0x06, 0x00, 0x00, 0xE9, 0x06,
    0x5E, 0x08, 0x23, 0x04, 0x6F, 0x06, 0x46, 0x80, 0xA8, 0x60, 0xE8, 0xE9, 0x21, 0x08, 0x00, 0x71,
    0x4D, 0x05, 0x46, 0x84, 0x00, 0xE1, 0xDB, 0x11, 0xC8, 0x02, 0x21, 0x07, 0x80, 0x00, 0x7F, 0x01,
    0x20, 0x6C, 0x7F, 0x02, 0x8A, 0xC6, 0xE6, 0x05, 0x21, 0x07, 0xFF, 0xFE, 0xF8, 0x08, 0x5E, 0x08,
    0x23, 0x04, 0xAA, 0x60, 0x0A, 0x06, 0x00, 0x00, 0xE9, 0xEF, 0x4D, 0x05, 0x46, 0x7C, 0x00, 0x00,
    0x4D, 0x05, 0x46, 0x74, 0x00, 0x00, 0x88, 0x11, 0x61, 0x06, 0x46, 0x80, 0x7D, 0x92, 0xDC, 0xF5,
    0x61, 0x02, 0x46, 0x7C, 0x4B, 0x02, 0x46, 0x74, 0xE6, 0x12, 0x6F, 0x02, 0x46, 0x74, 0x4B, 0x06,
    0x46, 0x80, 0xEE, 0x0D, 0x21, 0x08, 0x00, 0x79, 0x4D, 0x05, 0x46, 0x84, 0x00, 0x00, 0xDB, 0x3D,
    0xAA, 0x60, 0x8C, 0x64, 0x5E, 0x06, 0x23, 0x04, 0x6F, 0x06, 0x46, 0x80, 0xA8, 0x60, 0xAA, 0x60,
    0x0A, 0x06, 0x00, 0x00, 0xEA, 0xE4, 0x89, 0x66, 0x21, 0x03, 0xFF, 0xC1, 0xA1, 0x6A, 0x61, 0x0C,
    0x46, 0x80, 0xA1, 0x6B, 0xA1, 0x6D, 0x21, 0x09, 0x80, 0x00, 0x7F, 0x01, 0xBB, 0xA1, 0x09, 0xC0,
    0x21, 0x0D, 0x19, 0xCA, 0x21, 0x0B, 0x1A, 0x3C, 0x1E, 0xC8, 0x7D, 0x92, 0xA3, 0x9F, 0x7D, 0x9A,
    0x4C, 0x04, 0x40, 0xAC, 0xE6, 0x08, 0xC8, 0x27, 0xC0, 0x01, 0x5F, 0x00, 0x09, 0x52, 0xC0, 0x00,
    0x5F, 0x00, 0x09, 0x52, 0xE8, 0x06, 0x21, 0x02, 0xFF, 0x87, 0xC4, 0x01, 0x3E, 0x24, 0xCC, 0x00,
    0x3E, 0x2C, 0x3A, 0x24, 0xFF, 0xC1, 0xA4, 0x20, 0x3A, 0x26, 0xFF, 0xC1, 0x4D, 0x05, 0x46, 0x7C,
    0x00, 0x00, 0xA4, 0x10, 0xDD, 0x40, 0x3A, 0x24, 0xFF, 0xC1, 0xA2, 0x20, 0x3A, 0x26, 0xFF, 0xC1,
    0x4C, 0x04, 0x40, 0xAC, 0xE6, 0x08, 0xC8, 0x27, 0xC0, 0x01, 0x5F, 0x00, 0x09, 0x52, 0xC0, 0x1C,
    0x5F, 0x00, 0x09, 0x52, 0xE8, 0x06, 0x21, 0x02, 0xFF, 0x87, 0xC4, 0x01, 0x3E, 0x24, 0xCC, 0x1C,
    0x3E, 0x2C, 0x61, 0x03, 0x46, 0x7C, 0xA5, 0x9F, 0x7D, 0x9A, 0x1E, 0xA8, 0x7F, 0x02, 0x41, 0x03,
    0x46, 0x7C, 0x6F, 0x03, 0x46, 0x7C, 0x8D, 0x34, 0x5E, 0x0E, 0x23, 0x06, 0x88, 0x11, 0x88, 0xAA,
    0x3A, 0xA7, 0x00, 0xFC, 0xA8, 0xA0, 0x3A, 0xA7, 0x00, 0xFA, 0xA8, 0xA0, 0x3A, 0xA7, 0x00, 0xF6,
    0x3A, 0xA7, 0x00, 0xF0, 0x3A, 0xA7, 0x11, 0xF0, 0x7D, 0x95, 0x61, 0x94, 0x00, 0x26, 0x6F, 0x04,
    0x46, 0x76, 0x61, 0x94, 0x00, 0x16, 0x6F, 0x04, 0x46, 0x78, 0x4D, 0x95, 0x00, 0x22, 0x40, 0x00,
    0x4D, 0x95, 0x00, 0x24, 0x00, 0x00, 0x4D, 0x95, 0x00, 0x26, 0x20, 0xC4, 0x4D, 0x95, 0x00, 0x12,
    0x40, 0x00, 0x4D, 0x95, 0x00, 0x14, 0x00, 0x00, 0x4D, 0x95, 0x00, 0x16, 0x20, 0xBC, 0x21, 0x0A,
    0xA1, 0x00, 0x21, 0x0B, 0xA1, 0x01, 0x89, 0x55, 0x21, 0x00, 0x00, 0xFF, 0x2E, 0xAD, 0xBA, 0xA1,
    0x00, 0xB0, 0x21, 0x0A, 0xA0, 0x00, 0x2E, 0xAD, 0xA9, 0xA0, 0xA9, 0x50, 0xA6, 0x50, 0xE6, 0xFB,
    0x21, 0x0A, 0xA2, 0x00, 0x21, 0x0B, 0xA2, 0x01, 0x21, 0x05, 0xAA, 0xAA, 0x21, 0x00, 0x00, 0xFF,
    0x2E, 0xAD, 0xBA, 0xA1, 0x00, 0xB0, 0x21, 0x0A, 0xA3, 0x00, 0x21, 0x0B, 0xA3, 0x01, 0x21, 0x05,
    0x55, 0x55, 0x21, 0x00, 0x00, 0xFF, 0x2E, 0xAD, 0xBA, 0xA1, 0x00, 0xB0, 0x89, 0x22, 0x21, 0x08,
    0x00, 0x80, 0xDB, 0xEF, 0x89, 0x33, 0x61, 0x26, 0x15, 0x50, 0x21, 0x0B, 0xA0, 0x00, 0xDC, 0xD7,
    0xA8, 0xA1, 0x61, 0x26, 0x15, 0x50, 0x21, 0x0B, 0xA1, 0x00, 0xDC, 0xDD, 0xA8, 0xA1, 0x61, 0x26,
    0x15, 0x50, 0xDC, 0xE1, 0xAA, 0xA3, 0xA1, 0x39, 0x81, 0x29, 0x61, 0x96, 0x15, 0x50, 0x61, 0x3B,
    0x15, 0x5A, 0xDC, 0xD8, 0xA8, 0xB1, 0x0A, 0x0B, 0x06, 0x06, 0xEE, 0xF5, 0x21, 0x08, 0x00, 0x81,
    0x06, 0x01, 0x01, 0x01, 0xDC, 0x10, 0x21, 0x00, 0x00, 0x1E, 0x61, 0x26, 0x15, 0x50, 0x21, 0x03,
    0x15, 0x60, 0xA1, 0x6A, 0x01, 0x0A, 0x01, 0x00, 0x20, 0x3F, 0xB2, 0xF1, 0x00, 0x02, 0x3A, 0x33,
    0x00, 0xA8, 0xA1, 0x6A, 0x01, 0x0A, 0x20, 0x00, 0x00, 0x3F, 0x3A, 0x33, 0x00, 0xA8, 0xA1, 0x6A,
    0x01, 0x0A, 0x0F, 0x00, 0x20, 0x3D, 0x21, 0x09, 0x46, 0x7A, 0x3A, 0xA1, 0x00, 0x98, 0xAB, 0x90,
    0x20, 0x9C, 0xDC, 0x4D, 0xA6, 0x17, 0xEE, 0x06, 0xA9, 0x30, 0x8C, 0x84, 0xEE, 0xE2, 0x21, 0x08,
    0x00, 0x82, 0xDC, 0x37, 0x21, 0x0B, 0xA2, 0x00, 0xDD, 0x1C, 0xDD, 0x0C, 0x21, 0x0B, 0xA3, 0x00,
    0xDD, 0x20, 0xDD, 0x10, 0x21, 0x08, 0x00, 0x83, 0x88, 0x11, 0x4D, 0x05, 0x46, 0x84, 0x00, 0x25,
    0xDC, 0x46, 0x21, 0x09, 0x46, 0x7A, 0x0D, 0x95, 0xAA, 0xAA, 0xC8, 0x02, 0x20, 0x9D, 0x3A, 0xD7,
    0x00, 0xF0, 0x3A, 0xD7, 0x01, 0xF0, 0x3A, 0xD7, 0x20, 0xF0, 0xA1, 0x6A, 0x01, 0x0A, 0x00, 0x00,
    0x3A, 0xA1, 0x0B, 0x98, 0xAB, 0x90, 0x20, 0x9C, 0xA1, 0x67, 0xDC, 0x79, 0xA1, 0x6A, 0x01, 0x0A,
    0x01, 0x00, 0x3A, 0xA1, 0x0B, 0x98, 0xAB, 0x90, 0x20, 0x9C, 0x06, 0x0D, 0x3F, 0x3F, 0xA8, 0x70,
    0xDC, 0x84, 0xA1, 0x6A, 0x01, 0x0A, 0x20, 0x00, 0x3A, 0xA1, 0x0B, 0x98, 0xAB, 0x90, 0x20, 0x9C,
    0x06, 0x0D, 0x03, 0x03, 0xC7, 0x20, 0xDC, 0x8F, 0x0D, 0x95, 0x55, 0x55, 0xF8, 0x29, 0xA8, 0xA1,
    0x0A, 0x0A, 0x06, 0x06, 0x5E, 0x0E, 0x1A, 0xEE, 0x21, 0x08, 0x00, 0x84, 0x4D, 0x05, 0x46, 0x84,
    0x00, 0x85, 0x88, 0x11, 0xDC, 0x80, 0x21, 0x0A, 0x01, 0x00, 0x89, 0xBB, 0x7F, 0x01, 0x0D, 0xA5,
    0x00, 0x01, 0xA1, 0xAB, 0x0D, 0xA5, 0x00, 0x00, 0x7F, 0x02, 0x76, 0x03, 0x15, 0x7E, 0xA1, 0x34,
    0x76, 0x05, 0x15, 0x96, 0x89, 0x77, 0x5F, 0x00, 0x21, 0x48, 0xC8, 0x02, 0x21, 0x06, 0x0F, 0xFC,
    0x21, 0x07, 0x0F, 0xFA, 0x21, 0x09, 0x0F, 0xF6, 0x21, 0x02, 0x00, 0x04, 0x3A, 0x33, 0x02, 0x60,
    0x21, 0x02, 0x00, 0x04, 0x3A, 0x43, 0x02, 0x70, 0x21, 0x02, 0x00, 0x04, 0x3A, 0x53, 0x02, 0x90,
    0x76, 0x03, 0x15, 0x8E, 0x76, 0x04, 0x15, 0x92, 0xA1, 0x45, 0xF8, 0x12, 0xC8, 0xD0, 0x3A, 0x87,
    0x00, 0xF0, 0xC8, 0x02, 0x3A, 0x86, 0xFF, 0xC1, 0x89, 0xBB, 0x7F, 0x01, 0x21, 0xAC, 0x7F, 0x02,
    0x89, 0x00, 0x3A, 0x86, 0xFF, 0xC1, 0x3A, 0x87, 0x00, 0xF0, 0x6F, 0x00, 0x46, 0x88, 0x6F, 0x0C,
    0x46, 0x86, 0x8D, 0xC4, 0xE6, 0x04, 0x65, 0x00, 0x46, 0x88, 0x5E, 0x08, 0x1C, 0xBE, 0xC8, 0x02,
    0x21, 0x06, 0xFF, 0xC9, 0x21, 0x05, 0xAA, 0xAA, 0x3E, 0x6D, 0x3C, 0x6C, 0xDC, 0xEA, 0x21, 0x05,
    0x55, 0x55, 0x3E, 0x6D, 0x3C, 0x6C, 0xDC, 0xEF, 0x21, 0x06, 0xFF, 0xD1, 0xF8, 0x0D, 0x21, 0x08,
    0x00, 0x85, 0xDC, 0xD7, 0x21, 0x02, 0x90, 0x00, 0x3A, 0x26, 0xFF, 0xC9, 0x3A, 0x26, 0xFF, 0xD1,
    0x21, 0x03, 0x15, 0x7E, 0xA1, 0x34, 0x21, 0x05, 0x15, 0x86, 0x4D, 0x04, 0x46, 0x86, 0xE6, 0x02,
    0x21, 0x05, 0x15, 0x82, 0xDD, 0x98, 0x21, 0x03, 0xA0, 0x00, 0xC0, 0x04, 0xCC, 0xD2, 0xDD, 0x7C,
    0x21, 0x08, 0x00, 0x86, 0xDC, 0xF0, 0x21, 0x03, 0x80, 0x00, 0x88, 0x00, 0xCC, 0xD1, 0xDD, 0x84,
    0x21, 0x03, 0x15, 0x7E, 0x21, 0x04, 0x15, 0x86, 0xA1, 0x35, 0x4D, 0x04, 0x46, 0x86, 0xE6, 0x00,
    0xDD, 0xAE, 0x21, 0x08, 0x00, 0x87, 0xDD, 0x01, 0x21, 0x03, 0xA0, 0x00, 0x88, 0x00, 0xCC, 0xD2,
    0xDD, 0x95, 0x21, 0x08, 0x00, 0x88, 0xDD, 0x09, 0x21, 0x03, 0x80, 0x00, 0xC0, 0x02, 0xCC, 0xD1,
    0xDD, 0x9D, 0x21, 0x03, 0x15, 0x7E, 0x21, 0x04, 0x15, 0x8A, 0xA1, 0x45, 0xDD, 0xC4, 0x21, 0x08,
    0x00, 0x89, 0xDD, 0x17, 0x21, 0x03, 0xA0, 0x00, 0xC0, 0x04, 0xCC, 0xD2, 0xDD, 0xAB, 0x21, 0x08,
    0x00, 0x90, 0xDD, 0x1F, 0x21, 0x03, 0x80, 0x00, 0xC0, 0x02, 0xCC, 0xD1, 0xDD, 0xB3, 0x21, 0x08,
    0x00, 0x91, 0x4D, 0x05, 0x46, 0x84, 0x00, 0x9A, 0x88, 0x11, 0xA4, 0x11, 0xDD, 0x2C, 0x21, 0x02,
    0xFF, 0xFF, 0x3A, 0xA6, 0xFF, 0xC9, 0x3A, 0xA6, 0xFF, 0xD1, 0x21, 0x03, 0x15, 0x7E, 0xA1, 0x34,
    0xA1, 0x35, 0xDD, 0xE7, 0x89, 0x22, 0x21, 0x03, 0x90, 0x00, 0x21, 0x05, 0xAA, 0xAA, 0x21, 0x06,
    0x00, 0xFA, 0x21, 0x00, 0x00, 0xD1, 0x0D, 0x35, 0x00, 0x00, 0x4D, 0x05, 0x46, 0x72, 0x00, 0x00,
    0xCC, 0x02, 0x4D, 0x04, 0x46, 0x86, 0xE6, 0x01, 0xCC, 0x06, 0x3A, 0xC6, 0xFF, 0xC1, 0x3A, 0x87,
    0x00, 0xFA, 0x7D, 0x92, 0xA5, 0x9F, 0x4D, 0x04, 0x46, 0x88, 0xE6, 0x01, 0xA3, 0x9E, 0x7D, 0x9A,
    0x2F, 0x25, 0x7B, 0x0A, 0x7F, 0x02, 0x3A, 0x07, 0x00, 0xFA, 0x3A, 0x06, 0xFF, 0xC1, 0xA0, 0x2F,
    0x4D, 0x04, 0x46, 0x72, 0xEE, 0x09, 0x21, 0x34, 0xDD, 0x80, 0xA6, 0x17, 0xEE, 0x0D, 0xA8, 0x20,
    0x0A, 0x02, 0x40, 0x40, 0xEE, 0xD8, 0xE8, 0x08, 0x21, 0x08, 0x00, 0x92, 0x4D, 0x05, 0x46, 0x84,
    0x00, 0x98, 0x61, 0x05, 0x46, 0x70, 0xDD, 0x46, 0x21, 0x08, 0x00, 0x93, 0x4D, 0x05, 0x46, 0x84,
    0x00, 0x9A, 0x88, 0x11, 0xA4, 0x11, 0xDD, 0x79, 0x21, 0x00, 0x00, 0xD2, 0x3A, 0x06, 0xFF, 0xC9,
    0x3A, 0x06, 0xFF, 0xD1, 0x89, 0x22, 0x4D, 0x04, 0x46, 0x86, 0xE6, 0x02, 0x21, 0x02, 0x40, 0x00,
    0x21, 0x06, 0x00, 0xF6, 0x0D, 0x35, 0x00, 0x00, 0x4D, 0x05, 0x46, 0x72, 0x00, 0x00, 0xCC, 0x02,
    0x4D, 0x04, 0x46, 0x86, 0xE6, 0x01, 0xCC, 0x06, 0x3A, 0xC6, 0xFF, 0xC1, 0x3A, 0x87, 0x00, 0xF6,
    0x7D, 0x92, 0xA5, 0x9F, 0x4D, 0x04, 0x46, 0x88, 0xE6, 0x01, 0xA3, 0x9E, 0x7D, 0x9A, 0x2F, 0x25,
    0x7B, 0x0A, 0x7F, 0x02, 0x3A, 0x07, 0x00, 0xF6, 0x3A, 0x06, 0xFF, 0xC1, 0xA0, 0x2F, 0x4D, 0x04,
    0x46, 0x72, 0xEE, 0x10, 0x21, 0x34, 0xDD, 0xC7, 0xA6, 0x17, 0xEE, 0x14, 0xA8, 0x20, 0x4D, 0x04,
    0x46, 0x86, 0xE6, 0x04, 0x0A, 0x02, 0x80, 0x80, 0xEE, 0xD5, 0xE8, 0x0C, 0x0A, 0x02, 0x40, 0x40,
    0xEE, 0xD1, 0xE8, 0x08, 0x21, 0x08, 0x00, 0x94, 0x4D, 0x05, 0x46, 0x84, 0x00, 0x98, 0x61, 0x05,
    0x46, 0x70, 0xDD, 0x94, 0x21, 0x08, 0x00, 0x95, 0x4D, 0x05, 0x46, 0x84, 0x00, 0x9A, 0x88, 0x11,
    0xA4, 0x11, 0xDD, 0xC7, 0x4D, 0x08, 0x46, 0x88, 0x7D, 0x95, 0x4D, 0x95, 0x00, 0x26, 0x21, 0x1A,
    0x21, 0x04, 0x1F, 0x82, 0x21, 0x05, 0x90, 0x00, 0x21, 0x03, 0x00, 0x04, 0xBA, 0x41, 0x03, 0x50,
    0x21, 0x00, 0x00, 0xD0, 0x21, 0x06, 0x00, 0xFC, 0xCB, 0x02, 0xC3, 0x02, 0x4D, 0x04, 0x46, 0x86,
    0xE6, 0x01, 0xC3, 0x06, 0x89, 0x22, 0xA1, 0x25, 0xA1, 0x2A, 0x21, 0x0B, 0x1E, 0xFA, 0x21, 0x0D,
    0x90, 0x00, 0xA1, 0x2C, 0x4D, 0x05, 0x46, 0x72, 0x00, 0x00, 0x21, 0x04, 0xAA, 0xAA, 0x3A, 0x36,
    0xFF, 0xC1, 0x3A, 0x87, 0x00, 0xFC, 0x7F, 0x01, 0x1E, 0xC8, 0x7F, 0x02, 0x3A, 0x07, 0x00, 0xFC,
    0x3A, 0x06, 0xFF, 0xC1, 0xA0, 0x2F, 0xA6, 0xB0, 0xEE, 0x1D, 0x4D, 0x04, 0x46, 0x72, 0xEE, 0x21,
    0xDE, 0x1C, 0xA6, 0x17, 0xEE, 0x04, 0xA8, 0x20, 0x0A, 0x02, 0x40, 0x40, 0xEE, 0xE2, 0xAA, 0xB0,
    0x8C, 0xB4, 0xE6, 0x1F, 0x21, 0x08, 0x00, 0x97, 0x88, 0x11, 0xDE, 0x0B, 0x93, 0xF3, 0x21, 0x03,
    0x15, 0x82, 0x21, 0x04, 0x15, 0x7E, 0xA1, 0x45, 0xDE, 0xC2, 0x97, 0xF3, 0x89, 0x22, 0x21, 0x05,
    0xAA, 0xAA, 0xE8, 0xCF, 0x4D, 0x04, 0x46, 0x72, 0xEE, 0xE6, 0x4D, 0x05, 0x46, 0x84, 0x00, 0x90,
    0xE8, 0x07, 0x21, 0x08, 0x00, 0x96, 0x4D, 0x05, 0x46, 0x84, 0x00, 0x98, 0x61, 0x05, 0x46, 0x70,
    0xDD, 0xFB, 0x7D, 0x95, 0x61, 0x04, 0x46, 0x76, 0x6F, 0x94, 0x00, 0x26, 0x61, 0x04, 0x46, 0x78,
    0x6F, 0x94, 0x00, 0x16, 0x88, 0x88, 0x3A, 0x86, 0xFF, 0xC1, 0x3A, 0x87, 0x00, 0xF0, 0x5E, 0x08,
    0x23, 0xE6, 0x89, 0x44, 0x1E, 0xA8, 0x21, 0x08, 0x00, 0x72, 0x4D, 0x05, 0x46, 0x84, 0x00, 0xE5,
    0x06, 0x01, 0x01, 0x01, 0xDE, 0x40, 0x21, 0x07, 0x00, 0x03, 0xCD, 0x0F, 0xA5, 0x9F, 0x7D, 0x9A,
    0x2E, 0x6D, 0xA3, 0x9F, 0x7D, 0x9A, 0xB3, 0x70, 0xFD, 0x07, 0xB3, 0x70, 0xCD, 0x0F, 0xA5, 0x9F,
    0x7D, 0x9A, 0x20, 0x6C, 0xA3, 0x9F, 0x7D, 0x9A, 0xDE, 0x70, 0xA6, 0x17, 0xEE, 0x02, 0xB3, 0x70,
    0xFD, 0x0A, 0x21, 0x08, 0x00, 0x73, 0x4D, 0x05, 0x46, 0x84, 0x00, 0xEA, 0x06, 0x01, 0x01, 0x01,
    0xA4, 0x11, 0xDE, 0x5F, 0x21, 0x07, 0x80, 0x00, 0x21, 0x05, 0x00, 0x01, 0xC8, 0x11, 0xA5, 0x9F,
    0x7D, 0x9A, 0x2F, 0x65, 0x21, 0x64, 0xA3, 0x9F, 0x7D, 0x9A, 0xDE, 0x89, 0xA6, 0x17, 0xEE, 0x02,
    0xB3, 0x50, 0xF8, 0x0B, 0x21, 0x08, 0x00, 0x74, 0x06, 0x01, 0x03, 0x03, 0xDE, 0x74, 0x21, 0x05,
    0xAA, 0xAA, 0xA1, 0x6C, 0x21, 0x0D, 0x00, 0x02, 0x89, 0x77, 0x21, 0x00, 0x7F, 0xFF, 0xA5, 0x9F,
    0x7D, 0x9A, 0x2F, 0x65, 0xBB, 0x61, 0x00, 0xC0, 0x89, 0x77, 0x21, 0x00, 0x80, 0x00, 0xBB, 0x64,
    0x00, 0x5E, 0xAB, 0x71, 0x21, 0x64, 0xA3, 0x9F, 0x7D, 0x9A, 0xDE, 0xA9, 0x0A, 0x0D, 0x55, 0x55,
    0xE6, 0x03, 0x21, 0x05, 0x55, 0x55, 0xE8, 0xE5, 0x21, 0x08, 0x00, 0x75, 0x4D, 0x05, 0x46, 0x84,
    0x00, 0xE8, 0xA6, 0x10, 0xE6, 0x02, 0x21, 0x08, 0x00, 0x76, 0x06, 0x01, 0x03, 0x03, 0xDE, 0x9D,
    0x21, 0x04, 0x00, 0x08, 0x89, 0x77, 0x21, 0x0C, 0x00, 0x00, 0x0B, 0x06, 0x00, 0x00, 0xEE, 0x02,
    0x61, 0x0C, 0x46, 0x80, 0x21, 0x0D, 0x00, 0x00, 0x21, 0x00, 0x10, 0x00, 0xA5, 0x9F, 0x7D, 0x9A,
    0xBB, 0xC1, 0x00, 0x60, 0xA3, 0x9F, 0x7D, 0x9A, 0xF4, 0x92, 0x89, 0x77, 0x4D, 0x05, 0x46, 0x82,
    0x00, 0x00, 0x3A, 0x84, 0xFF, 0xC1, 0xA4, 0x83, 0x3A, 0x86, 0xFF, 0xC1, 0xA5, 0x9F, 0x7D, 0x9A,
    0x21, 0x65, 0xA3, 0x9F, 0x7D, 0x9A, 0x4D, 0x04, 0x46, 0x82, 0xEE, 0x09, 0xA9, 0x71, 0x8D, 0x74,
    0xEE, 0xF5, 0x3A, 0x84, 0xFF, 0xC1, 0xA2, 0x83, 0x3A, 0x86, 0xFF, 0xC1, 0x9E, 0x08, 0xA1, 0x54,
    0xA9, 0x40, 0xDE, 0xED, 0x4D, 0x05, 0x46, 0x82, 0x00, 0x00, 0xE8, 0xF3, 0x65, 0xFE, 0x00, 0x02,
    0x7F, 0x01, 0x7B, 0x00, 0x91, 0xF2, 0x61, 0xF2, 0x00, 0x04, 0xAC, 0x2A, 0x07, 0x02, 0x00, 0x07,
    0x0A, 0x0A, 0x01, 0x01, 0xE6, 0x09, 0x0A, 0x0A, 0x02, 0x02, 0xE6, 0x0B, 0x0A, 0x0A, 0x04, 0x04,
    0xE6, 0x0D, 0xC2, 0xFF, 0x89, 0x33, 0xE8, 0x0E, 0x3A, 0xB5, 0x02, 0xFC, 0x3A, 0x35, 0x05, 0xFC,
    0xE8, 0x09, 0x3A, 0xB5, 0x02, 0xFA, 0x3A, 0x35, 0x05, 0xFA, 0xE8, 0x04, 0x3A, 0xB5, 0x02, 0xF6,
    0x3A, 0x35, 0x05, 0xF6, 0x6F, 0x02, 0x46, 0x72, 0x6F, 0x03, 0x46, 0x70, 0x3A, 0xA7, 0x11, 0xF0,
    0x95, 0xF2, 0x7D, 0x92, 0xA5, 0x9F, 0x7D, 0x9A, 0x7B, 0x00, 0x3A, 0x07, 0x00, 0xFC, 0x3A, 0x06,
    0xFF, 0xC1, 0x01, 0x0F, 0x00, 0x08, 0x93, 0xF2, 0x3A, 0xA5, 0x02, 0xFC, 0x3A, 0x25, 0x05, 0xFC,
    0x6F, 0x02, 0x46, 0x70, 0x4D, 0x05, 0x46, 0x72, 0xFF, 0xFF, 0x3A, 0xA7, 0x11, 0xFC, 0x21, 0x02,
    0x50, 0x00, 0x7D, 0x2A, 0x97, 0xF2, 0x1E, 0xB8, 0x3A, 0xF7, 0x01, 0xF0, 0x3A, 0x77, 0x20, 0xF0,
    0x9E, 0x08, 0x5C, 0x09, 0x00, 0x0E, 0x46, 0x3C, 0x89, 0x77, 0xD0, 0x0A, 0x01, 0x06, 0x0F, 0x00,
    0x21, 0x00, 0x01, 0x00, 0x3A, 0xB3, 0x00, 0x60, 0x89, 0x77, 0xD0, 0x12, 0x5C, 0x01, 0x00, 0x0E,
    0x46, 0x3C, 0x9E, 0x08, 0x91, 0xF2, 0x93, 0xFB, 0x4D, 0x05, 0x46, 0x84, 0x00, 0x95, 0x88, 0x11,
    0x01, 0x06, 0x0F, 0x00, 0x21, 0x0A, 0xA4, 0x00, 0x21, 0x00, 0x01, 0x00, 0x3A, 0x61, 0x00, 0xA0,
    0x21, 0x0A, 0xA4, 0x00, 0x21, 0x00, 0x01, 0x00, 0xBA, 0xA6, 0x00, 0xBE, 0xAB, 0xA0, 0xAB, 0xB0,
    0x20, 0xAC, 0x20, 0xBD, 0x03, 0x0A, 0xA4, 0x00, 0xA1, 0xA7, 0x03, 0x06, 0x0F, 0x00, 0xDF, 0x6B,
    0x97, 0xFB, 0x95, 0xF2, 0x9E, 0x08, 0x5C, 0x09, 0x00, 0x0E, 0x46, 0x3C, 0x89, 0x77, 0xD0, 0x3C,
    0xC8, 0x40, 0x21, 0x09, 0x0F, 0xFC, 0x21, 0x0A, 0x0F, 0xFA, 0x21, 0x0B, 0x0F, 0xF6, 0x21, 0x02,
    0x00, 0x04, 0x3A, 0x33, 0x02, 0x90, 0xAB, 0x33, 0x21, 0x02, 0x00, 0x04, 0x3A, 0x43, 0x02, 0xA0,
    0xAB, 0x43, 0x21, 0x02, 0x00, 0x04, 0x3A, 0x53, 0x02, 0xB0, 0xAB, 0x53, 0xF8, 0x10, 0xD0, 0x54,
    0x5C, 0x01, 0x00, 0x0E, 0x46, 0x3C, 0x9E, 0x08, 0x91, 0xF2, 0x93, 0xF9, 0x88, 0x11, 0x89, 0x22,
    0x4D, 0x04, 0x46, 0x86, 0xE6, 0x04, 0xC2, 0x02, 0xA6, 0xC1, 0xE6, 0x01, 0xC2, 0x42, 0x4D, 0x05,
    0x46, 0x84, 0x00, 0x50, 0x4D, 0x05, 0x46, 0x72, 0x00, 0x00, 0xC8, 0x02, 0x4D, 0x04, 0x46, 0x86,
    0xE6, 0x23, 0xC8, 0x06, 0x3A, 0x86, 0xFF, 0xC1, 0x88, 0x44, 0xA6, 0xC1, 0xE6, 0x09, 0x3A, 0xC7,
    0x00, 0xF6, 0xC4, 0x80, 0x3A, 0x47, 0x00, 0xFC, 0xC4, 0x81, 0x3A, 0x47, 0x00, 0xFA, 0xE8, 0x1F,
    0xA6, 0xC0, 0xE6, 0x09, 0x3A, 0xC7, 0x00, 0xFA, 0xC4, 0x80, 0x3A, 0x47, 0x00, 0xFC, 0xC4, 0x82,
    0x3A, 0x47, 0x00, 0xF6, 0xE8, 0x14, 0x3A, 0xC7, 0x00, 0xFC, 0xC4, 0x81, 0x3A, 0x47, 0x00, 0xFA,
    0xC4, 0x82, 0x3A, 0x47, 0x00, 0xF6, 0xE8, 0x0B, 0x3A, 0x86, 0xFF, 0xC1, 0xC8, 0xD0, 0x3A, 0x87,
    0x00, 0xFC, 0xA8, 0x80, 0x3A, 0x87, 0x00, 0xFA, 0xA8, 0x80, 0x3A, 0x87, 0x00, 0xF6, 0x7D, 0x92,
    0xA5, 0x9F, 0x4D, 0x04, 0x46, 0x88, 0xE6, 0x01, 0xA3, 0x9E, 0x7D, 0x9A, 0x2F, 0x25, 0x7B, 0x0A,
    0x7F, 0x02, 0x3A, 0x87, 0x00, 0xF0, 0x3A, 0x86, 0xFF, 0xC1, 0x61, 0x06, 0x46, 0x72, 0x8C, 0x64,
    0xEE, 0x15, 0x8A, 0xE0, 0xEE, 0x0E, 0xA8, 0x20, 0x4D, 0x04, 0x46, 0x86, 0xE6, 0x06, 0xA6, 0xC1,
    0xE6, 0x04, 0x0A, 0x02, 0x80, 0x80, 0xEE, 0xAB, 0xE8, 0x0D, 0x0A, 0x02, 0x40, 0x40, 0xEE, 0xA7,
    0xE8, 0x09, 0x4D, 0x05, 0x46, 0x84, 0x00, 0x58, 0x61, 0x05, 0x46, 0x70, 0xA0, 0x2F, 0xDF, 0xB2,
    0xA6, 0x17, 0xE6, 0xE9, 0x97, 0xF9, 0x95, 0xF2, 0x9E, 0x08, 0xA6, 0x11, 0xE6, 0x03, 0x8B, 0x45,
    0x9E, 0x06, 0xE8, 0x02, 0x8A, 0xCD, 0x9E, 0x06, 0xA6, 0x10, 0xE6, 0x40, 0x3A, 0x24, 0xFF, 0xC1,
    0xA2, 0x20, 0x3A, 0x26, 0xFF, 0xC1, 0xDF, 0xC6, 0x3A, 0x24, 0xFF, 0xC1, 0xA4, 0x20, 0x3A, 0x26,
    0xFF, 0xC1, 0x9E, 0x08, 0xDF, 0xCD, 0xDF, 0xD7, 0x21, 0x02, 0x15, 0x34, 0x7F, 0x0C, 0x7F, 0x10,
    0x61, 0x02, 0x46, 0x7C, 0x9E, 0x08, 0x5C, 0x09, 0x00, 0x0E, 0x46, 0x3C, 0xA6, 0x10, 0xE6, 0x05,
    0x3A, 0x24, 0xFF, 0xC1, 0xA2, 0x20, 0x3A, 0x26, 0xFF, 0xC1, 0xDF, 0xE9, 0xA1, 0x85, 0x7F, 0x12,
    0x7F, 0x26, 0xA6, 0x10, 0xE6, 0x05, 0x3A, 0x24, 0xFF, 0xC1, 0xA4, 0x20, 0x3A, 0x26, 0xFF, 0xC1,
    0x5C, 0x01, 0x00, 0x0E, 0x46, 0x3C, 0x9E, 0x08, 0x91, 0xF0, 0x91, 0xF2, 0xC8, 0x20, 0x7F, 0x06,
    0xC8, 0x20, 0x7F, 0x06, 0x95, 0xF2, 0x95, 0xF0, 0x9E, 0x08, 0x91, 0xF0, 0x91, 0xF2, 0xC8, 0x08,
    0x7F, 0x06, 0xC8, 0x08, 0x7F, 0x06, 0x95, 0xF2, 0x95, 0xF0, 0x9E, 0x08, 0x5C, 0x09, 0x00, 0x0E,
    0x46, 0x3C, 0x93, 0xF4, 0x93, 0xF5, 0x93, 0xF7, 0x93, 0xF6, 0x93, 0xF8, 0xD0, 0x12, 0x21, 0x02,
    0x15, 0x28, 0x5F, 0x00, 0x0A, 0x42, 0x97, 0xF5, 0x7F, 0x12, 0xC9, 0x20, 0x7F, 0x16, 0xC9, 0x20,
    0x7F, 0x16, 0xC9, 0x20, 0x7F, 0x16, 0x61, 0x07, 0x46, 0x84, 0x21, 0x06, 0x00, 0x04, 0x88, 0x77,
    0xB3, 0x72, 0x97, 0xF5, 0x0A, 0x07, 0x01, 0x01, 0xEE, 0x02, 0x7F, 0x12, 0xE8, 0x0A, 0x0A, 0x07,
    0x02, 0x02, 0xEE, 0x02, 0x7F, 0x0E, 0xE8, 0x05, 0x0A, 0x07, 0x03, 0x03, 0xEE, 0x02, 0xA0, 0x5D,
    0x7F, 0x14, 0xC9, 0x20, 0x7F, 0x16, 0xF6, 0x95, 0x7F, 0x10, 0xD0, 0x42, 0x5C, 0x01, 0x00, 0x0E,
    0x46, 0x3C, 0xA6, 0x12, 0xEE, 0x02, 0x69, 0x00, 0x46, 0x7C, 0xA2, 0x12, 0xA6, 0x16, 0xE6, 0x01,
    0xA4, 0x17, 0xA4, 0x16, 0x9E, 0x08, 0xD0, 0x47, 0x21, 0x02, 0x15, 0x46, 0x7F, 0x0C, 0x60, 0x0D,
    0x46, 0x80, 0x7F, 0x14, 0x7F, 0x10, 0x61, 0x02, 0x46, 0x7C, 0x41, 0x02, 0x46, 0x7E, 0x9E, 0x08,
    0x89, 0x45, 0x0B, 0x05, 0xFF, 0xFF, 0xEE, 0x25, 0x21, 0x06, 0xFF, 0xFF, 0x20, 0x28, 0x88, 0x68,
    0xA0, 0x86, 0xB2, 0x84, 0xB2, 0x84, 0xB2, 0x84, 0xB2, 0x84, 0x06, 0x08, 0x0F, 0x0F, 0x88, 0x68,
    0xA0, 0x86, 0xB2, 0x84, 0xB2, 0x84, 0xB2, 0x84, 0xA0, 0x80, 0x06, 0x08, 0x1F, 0x1F, 0x88, 0xE8,
    0xA0, 0x8E, 0xA0, 0x08, 0xB2, 0x84, 0x06, 0x08, 0xF0, 0xF0, 0x88, 0xE8, 0xA0, 0x8E, 0xA0, 0x08,
    0x06, 0x08, 0xE0, 0xE0, 0x88, 0x68, 0xA0, 0xE6, 0xA0, 0x8E, 0xA9, 0x21, 0xF3, 0xA1, 0x8B, 0x46,
    0x9E, 0x06, 0x97, 0xF5, 0x5E, 0x08, 0x23, 0x04, 0xCD, 0x55, 0x0B, 0x06, 0xFF, 0xA3, 0xEE, 0x01,
    0xCD, 0x75, 0xC8, 0xCF, 0x3E, 0x78, 0xC8, 0x00, 0x3E, 0x78, 0xC8, 0x07, 0x3E, 0x78, 0x3E, 0x6D,
    0x3C, 0x6C, 0xD0, 0xCD, 0xC8, 0x4F, 0x3E, 0x78, 0x0A, 0x0D, 0xAA, 0xAA, 0x9E, 0x06, 0xCD, 0xAA,
    0xE8, 0xF0, 0xCD, 0xAA, 0x7C, 0x01, 0xC8, 0x27, 0x3E, 0x68, 0x3E, 0x6D, 0x3C, 0x6C, 0x7C, 0x05,
    0xDF, 0xDF, 0xD0, 0xDD, 0x0A, 0x0D, 0x55, 0x55, 0x9E, 0x06, 0xCD, 0x55, 0xE8, 0xF3, 0xC8, 0x07,
    0x3E, 0x68, 0xCD, 0xFF, 0x3E, 0x6D, 0xC8, 0x02, 0xF8, 0x01, 0x3C, 0x6C, 0xDF, 0xED, 0x8A, 0xDC,
    0x5E, 0x06, 0x23, 0x6C, 0x9E, 0x08, 0xC8, 0x87, 0x3E, 0x68, 0x4D, 0x05, 0x46, 0x8A, 0x00, 0x00,
    0xC8, 0x20, 0x3E, 0x68, 0xC8, 0xFF, 0x4D, 0x04, 0x46, 0x8A, 0xEE, 0x04, 0xF8, 0x04, 0xDF, 0xFE,
    0x5E, 0x08, 0x23, 0x6C, 0xC8, 0x03, 0x3E, 0x68, 0x0B, 0x06, 0xFF, 0xAB, 0x9E, 0x0E, 0x4C, 0x04,
    0x40, 0xAC, 0x9E, 0x0E, 0x5E, 0x08, 0x04, 0x0E, 0x7C, 0x01, 0x93, 0xF0, 0x4D, 0x05, 0x46, 0x8A,
    0xFF, 0xFF, 0xC8, 0x03, 0x3E, 0x68, 0x21, 0x00, 0xED, 0x4D, 0x3A, 0x06, 0xFF, 0xE1, 0x3A, 0x86,
    0xFF, 0xE1, 0x97, 0xF0, 0x7C, 0x05, 0x7F, 0x01, 0x8D, 0x07, 0x7B, 0x00, 0xCD, 0xAA, 0xC8, 0x18,
    0x3E, 0x78, 0xC8, 0x11, 0xC0, 0x00, 0x3E, 0x78, 0x3E, 0x70, 0xC8, 0x12, 0x3E, 0x78, 0x3E, 0x7D,
    0x3E, 0x78, 0x3C, 0x7C, 0xDF, 0xAA, 0xD1, 0x27, 0x0A, 0x0D, 0x55, 0x55, 0x9E, 0x06, 0xCD, 0x55,
    0xE8, 0xEE, 0x21, 0x06, 0xFF, 0x81, 0x21, 0x07, 0xFF, 0x85, 0x21, 0x05, 0xFF, 0xA9, 0x21, 0x04,
    0xFF, 0x87, 0x21, 0x03, 0xFF, 0x85, 0xE8, 0x21, 0x21, 0x06, 0xFF, 0x83, 0x21, 0x07, 0xFF, 0x87,
    0x21, 0x05, 0xFF, 0xAB, 0x21, 0x04, 0xFF, 0x87, 0x21, 0x03, 0xFF, 0x85, 0xE8, 0x16, 0x21, 0x06,
    0xFF, 0x89, 0x21, 0x07, 0xFF, 0x8D, 0x21, 0x05, 0xFF, 0xAD, 0x21, 0x04, 0xFF, 0x8F, 0x21, 0x03,
    0xFF, 0x8D, 0xE8, 0x0B, 0x21, 0x06, 0xFF, 0x8B, 0x21, 0x07, 0xFF, 0x8F, 0x21, 0x05, 0xFF, 0xB1,
    0x21, 0x04, 0xFF, 0x8F, 0x21, 0x03, 0xFF, 0x8D, 0xE8, 0x00, 0xC0, 0x57, 0xC8, 0x02, 0x3E, 0x50,
    0x3E, 0x58, 0x21, 0x02, 0x25, 0xC6, 0x21, 0x00, 0x00, 0x09, 0x3A, 0x22, 0x00, 0x70, 0x21, 0x02,
    0x25, 0xCF, 0x21, 0x00, 0x00, 0x02, 0x3A, 0x22, 0x00, 0x40, 0x4D, 0x05, 0x46, 0x8A, 0x00, 0x00,
    0xC8, 0x00, 0x3E, 0x68, 0x21, 0x00, 0x10, 0x00, 0x4D, 0x04, 0x46, 0x8A, 0xEE, 0x0A, 0xF0, 0x84,
    0xDF, 0xF8, 0x5E, 0x08, 0x23, 0x6C, 0x18, 0x14, 0x8C, 0x03, 0x00, 0x05, 0x68, 0x11, 0x02, 0x02,
    0x20, 0x00, 0xC8, 0x18, 0x3E, 0x78, 0xC8, 0x03, 0x3E, 0x58, 0x0B, 0x07, 0xFF, 0x87, 0x9E, 0x0E,
    0x4C, 0x04, 0x40, 0xAC, 0x9E, 0x0E, 0x5F, 0x00, 0x04, 0x0E, 0x5E, 0x08, 0x04, 0x20, 0x93, 0xF0,
    0x4D, 0x05, 0x46, 0x8A, 0xFF, 0xFF, 0xC8, 0x18, 0x3E, 0x78, 0xC8, 0x38, 0x3E, 0x38, 0x97, 0xF0,
    0x7F, 0x01, 0x8D, 0x07, 0x7B, 0x00, 0x00, 0x17, 0x49, 0x4E, 0x43, 0x4F, 0x52, 0x52, 0x45, 0x43,
    0x54, 0x20, 0x4C, 0x4F, 0x41, 0x44, 0x20, 0x41, 0x44, 0x44, 0x52, 0x45, 0x53, 0x53, 0x0D, 0x00,
    0x00, 0x06, 0x41, 0x42, 0x4F, 0x52, 0x54, 0x0D, 0x00, 0x0C, 0x45, 0x4E, 0x54, 0x52, 0x59, 0x20,
    0x50, 0x4F, 0x49, 0x4E, 0x54, 0x20, 0x4C, 0x01, 0x40, 0xAC, 0x02, 0x02, 0x5E, 0x0E, 0x04, 0x4E,
    0x4D, 0x08, 0x46, 0xFA, 0x4D, 0x08, 0x46, 0xFC, 0x4D, 0x08, 0x46, 0xFE, 0x5F, 0x00, 0x0B, 0x30,
    0x5E, 0x06, 0x04, 0x4E, 0x61, 0x02, 0x43, 0x9C, 0xAB, 0x20, 0x76, 0x22, 0x40, 0xB0, 0x6F, 0x02,
    0x46, 0xF8, 0x53, 0xF0, 0x43, 0xDE, 0x5F, 0x00, 0x0B, 0x30, 0x5F, 0x00, 0x0B, 0x4A, 0x6F, 0x02,
    0x43, 0xDE, 0xC8, 0x53, 0x7F, 0x22, 0x7F, 0x20, 0xC8, 0x05, 0x7F, 0x22, 0x7F, 0x20, 0xC1, 0x0A,
    0xC9, 0x00, 0x61, 0x08, 0x46, 0xF8, 0xC8, 0x02, 0x7F, 0x22, 0x20, 0x88, 0xA9, 0x80, 0x0A, 0x08,
    0x20, 0x20, 0xE6, 0x06, 0x0A, 0x08, 0x0D, 0x0D, 0xE6, 0x03, 0x88, 0x89, 0x7F, 0x22, 0xE8, 0xF5,
    0xC8, 0x03, 0x7F, 0x22, 0xAC, 0x98, 0x7F, 0x22, 0x7F, 0x20, 0xA2, 0xB7, 0x0A, 0x0B, 0x06, 0x06,
    0xE6, 0x07, 0x0A, 0x0B, 0x18, 0x18, 0x5E, 0x06, 0x27, 0xC6, 0xF1, 0x1E, 0x5E, 0x08, 0x27, 0xC6,
    0x21, 0x09, 0x40, 0xB0, 0x21, 0x0B, 0x00, 0x80, 0xC1, 0x0A, 0xC9, 0x00, 0xA1, 0x98, 0xA1, 0xBA,
    0x7F, 0x20, 0xA2, 0xB7, 0x0A, 0x0B, 0x04, 0x04, 0xEE, 0x02, 0x7F, 0x20, 0xE8, 0x7A, 0x0A, 0x0B,
    0x18, 0x18, 0xE6, 0x71, 0x0A, 0x0B, 0x02, 0x02, 0xEE, 0x0C, 0x7F, 0x20, 0xA0, 0xB2, 0x7F, 0x20,
    0xA0, 0xBA, 0x7F, 0x20, 0x8D, 0xB4, 0xE6, 0x03, 0x2E, 0x9B, 0xA9, 0x90, 0xAB, 0xB0, 0x88, 0xB9,
    0xF2, 0x88, 0x7F, 0x20, 0xA2, 0xB7, 0x0A, 0x0B, 0x03, 0x03, 0xEE, 0xFB, 0x7F, 0x20, 0x8A, 0x9B,
    0xEE, 0x05, 0x8D, 0xB4, 0xE6, 0x0A, 0xC8, 0x06, 0x7F, 0x22, 0xE8, 0xD6, 0xAA, 0x10, 0xE6, 0x53,
    0xA1, 0x89, 0xA1, 0xAB, 0xC8, 0x15, 0x7F, 0x22, 0xE8, 0xD0, 0x21, 0x01, 0x00, 0x28, 0x61, 0x15,
    0x40, 0xB0, 0xAC, 0xD5, 0x61, 0x00, 0x43, 0xDE, 0xA3, 0x0F, 0x8D, 0x04, 0xEE, 0x06, 0x0B, 0x05,
    0x80, 0x00, 0xEF, 0x03, 0x21, 0x02, 0x26, 0x06, 0xE8, 0x40, 0xC8, 0x06, 0x7F, 0x22, 0xA1, 0x59,
    0xC1, 0x0A, 0xC9, 0x00, 0xA1, 0x98, 0x7F, 0x20, 0xA2, 0xB7, 0x0A, 0x0B, 0x04, 0x04, 0xEE, 0x02,
    0x7F, 0x20, 0xE8, 0x26, 0x0A, 0x0B, 0x18, 0x18, 0xE6, 0x2E, 0x0A, 0x0B, 0x02, 0x02, 0xEE, 0x0F,
    0x7F, 0x20, 0xA0, 0xB2, 0x7F, 0x20, 0xA0, 0xBA, 0x7F, 0x20, 0x93, 0xF8, 0x61, 0x08, 0x43, 0xDE,
    0x7F, 0x01, 0x2E, 0x8B, 0x7F, 0x02, 0x97, 0xF8, 0xA9, 0x90, 0x88, 0xB9, 0xF2, 0x8B, 0x7F, 0x20,
    0xA2, 0xB7, 0x0A, 0x0B, 0x03, 0x03, 0xEE, 0xFB, 0x7F, 0x20, 0x8A, 0x9B, 0xEE, 0x03, 0xC8, 0x06,
    0x7F, 0x22, 0xE8, 0xD6, 0xAA, 0x10, 0xE6, 0x0F, 0xA1, 0x89, 0xC8, 0x15, 0x7F, 0x22, 0xE8, 0xD1,
    0x21, 0x02, 0x26, 0x28, 0x7F, 0x0C, 0x21, 0x01, 0x00, 0x14, 0x61, 0x15, 0x40, 0xB0, 0xAC, 0xD5,
    0x7F, 0x0E, 0x7F, 0x10, 0xE8, 0x06, 0x21, 0x02, 0x26, 0x20, 0x7F, 0x0C, 0xC8, 0x18, 0x7F, 0x22,
    0x7F, 0x20, 0x57, 0xF0, 0x43, 0xDE, 0x9E, 0x08, 0x4C, 0x01, 0x40, 0xAC, 0x02, 0x02, 0x5E, 0x0E,
    0x04, 0x4E, 0x4D, 0x08, 0x46, 0xFA, 0x4D, 0x08, 0x46, 0xFC, 0x4D, 0x08, 0x46, 0xFE, 0x5F, 0x00,
    0x0B, 0x30, 0x5E, 0x06, 0x04, 0x4E, 0x61, 0x02, 0x43, 0x9C, 0xAB, 0x20, 0x76, 0x22, 0x40, 0xB0,
    0x6F, 0x02, 0x46, 0xF8, 0x5F, 0x00, 0x0B, 0x30, 0x5E, 0x06, 0x04, 0x4E, 0x5F, 0x00, 0x0B, 0xAA,
    0x94, 0x28, 0x5E, 0x06, 0x04, 0x4E, 0x5F, 0x00, 0x0B, 0xAA, 0x8C, 0x01, 0x83, 0x93, 0x5E, 0x07,
    0x04, 0x4E, 0xA9, 0x30, 0xA1, 0x3B, 0xA1, 0x9A, 0x21, 0x0D, 0x01, 0x00, 0xA6, 0x06, 0xEE, 0x28,
    0x0A, 0x08, 0x45, 0x45, 0xEE, 0x0E, 0x5F, 0x00, 0x0B, 0x1A, 0x0A, 0x08, 0x3D, 0x3D, 0x5E, 0x0E,
    0x04, 0x4E, 0x5F, 0x00, 0x0B, 0x3E, 0x5E, 0x06, 0x04, 0x4E, 0x5F, 0x00, 0x0B, 0x86, 0xA1, 0x3A,
    0xE6, 0x17, 0x0A, 0x08, 0x52, 0x52, 0x5E, 0x0E, 0x04, 0x4E, 0x5F, 0x00, 0x0B, 0x1A, 0x0A, 0x08,
    0x4C, 0x4C, 0x5E, 0x0E, 0x04, 0x4E, 0x5F, 0x00, 0x0B, 0x1A, 0x0A, 0x08, 0x3D, 0x3D, 0x5E, 0x0E,
    0x04, 0x4E, 0x5F, 0x00, 0x0B, 0x3E, 0x5E, 0x06, 0x04, 0x4E, 0x5F, 0x00, 0x0B, 0x86, 0xA1, 0x3D,
    0x53, 0xF0, 0x43, 0xDE, 0x6F, 0x08, 0x43, 0xDE, 0xC8, 0x4C, 0x7F, 0x22, 0x7F, 0x20, 0xC8, 0x05,
    0x7F, 0x22, 0x7F, 0x20, 0xC1, 0x0A, 0xC9, 0x00, 0x61, 0x0C, 0x46, 0xF8, 0xC8, 0x02, 0x7F, 0x22,
    0x20, 0xC8, 0xA9, 0xC0, 0x0A, 0x08, 0x20, 0x20, 0xE6, 0x06, 0x0A, 0x08, 0x0D, 0x0D, 0xE6, 0x03,
    0x88, 0x89, 0x7F, 0x22, 0xE8, 0xF5, 0xC8, 0x03, 0x7F, 0x22, 0xAC, 0x98, 0x7F, 0x22, 0x7F, 0x20,
    0xA2, 0xB7, 0x0A, 0x0B, 0x06, 0x06, 0xE6, 0x07, 0x0A, 0x0B, 0x18, 0x18, 0x5E, 0x06, 0x2A, 0x34,
    0xF1, 0x1E, 0x5E, 0x08, 0x2A, 0x34, 0x21, 0x04, 0x41, 0x30, 0x21, 0x02, 0x41, 0x32, 0x21, 0x01,
    0x00, 0x3F, 0x0D, 0x45, 0x00, 0x00, 0xBB, 0x41, 0x01, 0x20, 0x21, 0x01, 0x00, 0x00, 0x4C, 0x15,
    0x41, 0x30, 0xD6, 0xD6, 0xA9, 0x10, 0x4C, 0x15, 0x41, 0x30, 0x07, 0x07, 0x21, 0x01, 0x00, 0x0C,
    0x4C, 0x15, 0x41, 0x30, 0x80, 0x80, 0x21, 0x01, 0x00, 0x0F, 0xA1, 0xD5, 0x6E, 0x1D, 0x41, 0x30,
    0xA9, 0x10, 0x6E, 0x15, 0x41, 0x30, 0x21, 0x01, 0x00, 0x14, 0xA1, 0xA5, 0x6E, 0x1D, 0x41, 0x30,
    0xA9, 0x10, 0x6E, 0x15, 0x41, 0x30, 0x21, 0x01, 0x00, 0x28, 0xA1, 0x95, 0x6E, 0x1D, 0x41, 0x30,
    0xA9, 0x10, 0x6E, 0x15, 0x41, 0x30, 0x21, 0x01, 0x00, 0x2A, 0xA1, 0xB5, 0x6E, 0x1D, 0x41, 0x30,
    0xA9, 0x10, 0x6E, 0x15, 0x41, 0x30, 0x21, 0x01, 0x00, 0x7A, 0xA1, 0x95, 0x6E, 0x1D, 0x41, 0x30,
    0xA9, 0x10, 0x6E, 0x15, 0x41, 0x30, 0x21, 0x01, 0x00, 0x7C, 0xA1, 0x95, 0x81, 0xB5, 0xAB, 0x50,
    0x6E, 0x1D, 0x41, 0x30, 0xA9, 0x10, 0x6E, 0x15, 0x41, 0x30, 0x21, 0x01, 0x00, 0x7E, 0x4C, 0x15,
    0x41, 0x30, 0x80, 0x80, 0xA9, 0x10, 0x4C, 0x15, 0x41, 0x30, 0x00, 0x00, 0x21, 0x0C, 0x41, 0x30,
    0x21, 0x0D, 0x00, 0x80, 0xC1, 0x0A, 0xC9, 0x00, 0xA1, 0xC8, 0xA1, 0xDA, 0xC8, 0x02, 0x7F, 0x22,
    0x21, 0x02, 0x00, 0x40, 0x83, 0x2D, 0xEF, 0x03, 0xA1, 0xA2, 0x21, 0x0D, 0x00, 0x00, 0xA0, 0x28,
    0x7F, 0x22, 0xA0, 0xA8, 0x7F, 0x22, 0x20, 0xC8, 0x88, 0x89, 0x7F, 0x22, 0xA9, 0xC0, 0xF2, 0x85,
    0xC8, 0x03, 0x7F, 0x22, 0xA0, 0x98, 0x7F, 0x22, 0x7F, 0x20, 0x0A, 0x0B, 0x06, 0x06, 0xEE, 0x03,
    0x8D, 0xD4, 0xE6, 0x09, 0xE8, 0xDF, 0x0A, 0x0B, 0x18, 0x18, 0xE6, 0x34, 0xAA, 0x10, 0xE6, 0x32,
    0xA1, 0x8C, 0xA1, 0xAD, 0xE8, 0xD8, 0xC1, 0x0A, 0xC9, 0x00, 0xA1, 0x98, 0xA1, 0xBA, 0xC8, 0x02,
    0x7F, 0x22, 0x21, 0x02, 0x00, 0x40, 0x83, 0x2B, 0xEF, 0x03, 0xA1, 0xA2, 0x21, 0x0B, 0x00, 0x00,
    0xA0, 0x28, 0x7F, 0x22, 0xA0, 0xA8, 0x7F, 0x22, 0x93, 0xF8, 0x61, 0x08, 0x43, 0xDE, 0x7F, 0x01,
    0x20, 0x88, 0x7F, 0x02, 0x97, 0xF8, 0x88, 0x89, 0x7F, 0x22, 0xA9, 0x90, 0xF2, 0x8B, 0xC8, 0x03,
    0x7F, 0x22, 0xA0, 0x98, 0x7F, 0x22, 0x7F, 0x20, 0x0A, 0x0B, 0x06, 0x06, 0xEE, 0x03, 0x8D, 0xB4,
    0xE6, 0x0C, 0xE8, 0xD9, 0x0A, 0x0B, 0x18, 0x18, 0xE6, 0x05, 0xAA, 0x10, 0xE6, 0x03, 0xA1, 0x89,
    0xA1, 0xAB, 0xE8, 0xD2, 0x21, 0x02, 0x26, 0x20, 0x7F, 0x0C, 0xC8, 0x18, 0x7F, 0x22, 0x7F, 0x20,
    0x57, 0xF0, 0x43, 0xDE, 0x9E, 0x08, 0x4C, 0x04, 0x40, 0xAC, 0x5E, 0x06, 0x04, 0x4E, 0xC8, 0x51,
    0xC0, 0x1E, 0x5F, 0x00, 0x09, 0x1C, 0x7F, 0x20, 0x9E, 0x08, 0x4C, 0x04, 0x40, 0xAC, 0x5E, 0x06,
    0x04, 0x4E, 0xC8, 0x52, 0xC0, 0x1E, 0x5F, 0x00, 0x09, 0x1C, 0x7F, 0x20, 0x9E, 0x08, 0x4C, 0x01,
    0x40, 0xAC, 0x02, 0x02, 0x21, 0x02, 0x00, 0x01, 0x9E, 0x0E, 0x4D, 0x08, 0x46, 0xFA, 0x4D, 0x08,
    0x46, 0xFC, 0x4D, 0x08, 0x46, 0xFE, 0x0B, 0x07, 0x00, 0x01, 0xE6, 0x15, 0x0B, 0x07, 0x00, 0x02,
    0xE6, 0x37, 0x0B, 0x07, 0x00, 0x03, 0xE6, 0x03, 0x21, 0x02, 0x00, 0x02, 0x9E, 0x08, 0xC8, 0x46,
    0x7F, 0x22, 0xA0, 0xE8, 0x7F, 0x22, 0x7F, 0x20, 0x0A, 0x0B, 0x06, 0x06, 0x21, 0x02, 0x00, 0x00,
    0x9E, 0x06, 0xA0, 0xBA, 0x9E, 0x08, 0xC8, 0x52, 0x7F, 0x22, 0xA0, 0xE8, 0x5F, 0x00, 0x09, 0x12,
    0xA0, 0x58, 0x5F, 0x00, 0x09, 0x12, 0xA0, 0xD8, 0x5F, 0x00, 0x09, 0x12, 0xA1, 0xA0, 0xA0, 0x08,
    0x5F, 0x00, 0x09, 0x12, 0xA1, 0xA0, 0x5F, 0x00, 0x09, 0x12, 0x7F, 0x20, 0x0A, 0x0B, 0x06, 0x06,
    0xA0, 0xBA, 0xC2, 0x00, 0x9E, 0x0E, 0x5F, 0x00, 0x08, 0xE8, 0x7F, 0x01, 0x2E, 0x88, 0x7F, 0x02,
    0xA9, 0x90, 0xFA, 0x87, 0xC8, 0x06, 0x5F, 0x00, 0x09, 0x12, 0x21, 0x02, 0x00, 0x00, 0x9E, 0x08,
    0xC8, 0x57, 0x7F, 0x22, 0xA0, 0xE8, 0x5F, 0x00, 0x09, 0x12, 0xA0, 0x58, 0x5F, 0x00, 0x09, 0x12,
    0xA0, 0xD8, 0x5F, 0x00, 0x09, 0x12, 0xA1, 0xA0, 0xA0, 0x08, 0x5F, 0x00, 0x09, 0x12, 0xA1, 0xA0,
    0x5F, 0x00, 0x09, 0x12, 0x7F, 0x01, 0x20, 0x88, 0x7F, 0x02, 0x5F, 0x00, 0x09, 0x12, 0xA9, 0x90,
    0xFA, 0x87, 0x7F, 0x20, 0x0A, 0x0B, 0x06, 0x06, 0x21, 0x02, 0x00, 0x00, 0x9E, 0x06, 0xA0, 0xBA,
    0x9E, 0x08, 0x64, 0x00, 0x43, 0xF0, 0x5F, 0x00, 0x0B, 0x30, 0x5E, 0x06, 0x04, 0x4E, 0x61, 0x02,
    0x43, 0x9C, 0xAB, 0x20, 0x76, 0x22, 0x40, 0xB0, 0x6F, 0x02, 0x46, 0xF8, 0x53, 0xF0, 0x43, 0xDE,
    0x5F, 0x00, 0x0B, 0x30, 0x5F, 0x00, 0x0B, 0x4A, 0x6F, 0x02, 0x43, 0xDE, 0xC8, 0x01, 0x7F, 0x06,
    0xC8, 0x1B, 0x7F, 0x06, 0xC8, 0x53, 0x7F, 0x06, 0x7F, 0x04, 0xC8, 0x05, 0x7F, 0x06, 0x7F, 0x04,
    0xC1, 0x0A, 0xC9, 0x00, 0x61, 0x08, 0x46, 0xF8, 0xC8, 0x02, 0x7F, 0x06, 0x20, 0x88, 0xA9, 0x80,
    0x0A, 0x08, 0x20, 0x20, 0xE6, 0x06, 0x0A, 0x08, 0x0D, 0x0D, 0xE6, 0x03, 0x88, 0x89, 0x7F, 0x06,
    0xE8, 0xF5, 0xC8, 0x03, 0x7F, 0x06, 0xAC, 0x98, 0x7F, 0x06, 0x7F, 0x04, 0xA2, 0xB7, 0x0A, 0x0B,
    0x06, 0x06, 0xE6, 0x07, 0x0A, 0x0B, 0x18, 0x18, 0x5E, 0x06, 0x2C, 0xC8, 0xF1, 0x1E, 0x5E, 0x08,
    0x2C, 0xC8, 0x21, 0x09, 0x40, 0xB0, 0x21, 0x0B, 0x00, 0x80, 0xC1, 0x0A, 0xC9, 0x00, 0xA1, 0x98,
    0xA1, 0xBA, 0x7F, 0x04, 0xA2, 0xB7, 0x0A, 0x0B, 0x04, 0x04, 0xEE, 0x02, 0x7F, 0x04, 0xE8, 0x7A,
    0x0A, 0x0B, 0x18, 0x18, 0xE6, 0x71, 0x0A, 0x0B, 0x02, 0x02, 0xEE, 0x0C, 0x7F, 0x04, 0xA0, 0xB2,
    0x7F, 0x04, 0xA0, 0xBA, 0x7F, 0x04, 0x8D, 0xB4, 0xE6, 0x03, 0x2E, 0x9B, 0xA9, 0x90, 0xAB, 0xB0,
    0x88, 0xB9, 0xF2, 0x88, 0x7F, 0x04, 0xA2, 0xB7, 0x0A, 0x0B, 0x03, 0x03, 0xEE, 0xFB, 0x7F, 0x04,
    0x8A, 0x9B, 0xEE, 0x05, 0x8D, 0xB4, 0xE6, 0x0A, 0xC8, 0x06, 0x7F, 0x06, 0xE8, 0xD6, 0xAA, 0x10,
    0xE6, 0x53, 0xA1, 0x89, 0xA1, 0xAB, 0xC8, 0x15, 0x7F, 0x06, 0xE8, 0xD0, 0x21, 0x01, 0x00, 0x28,
    0x61, 0x15, 0x40, 0xB0, 0xAC, 0xD5, 0x61, 0x00, 0x43, 0xDE, 0xA3, 0x0F, 0x8D, 0x04, 0xEE, 0x06,
    0x0B, 0x05, 0x80, 0x00, 0xEF, 0x03, 0x21, 0x02, 0x26, 0x06, 0xE8, 0x40, 0xC8, 0x06, 0x7F, 0x06,
    0xA1, 0x59, 0xC1, 0x0A, 0xC9, 0x00, 0xA1, 0x98, 0x7F, 0x04, 0xA2, 0xB7, 0x0A, 0x0B, 0x04, 0x04,
    0xEE, 0x02, 0x7F, 0x04, 0xE8, 0x26, 0x0A, 0x0B, 0x18, 0x18, 0xE6, 0x2E, 0x0A, 0x0B, 0x02, 0x02,
    0xEE, 0x0F, 0x7F, 0x04, 0xA0, 0xB2, 0x7F, 0x04, 0xA0, 0xBA, 0x7F, 0x04, 0x93, 0xF8, 0x61, 0x08,
    0x43, 0xDE, 0x7F, 0x01, 0x2E, 0x8B, 0x7F, 0x02, 0x97, 0xF8, 0xA9, 0x90, 0x88, 0xB9, 0xF2, 0x8B,
    0x7F, 0x04, 0xA2, 0xB7, 0x0A, 0x0B, 0x03, 0x03, 0xEE, 0xFB, 0x7F, 0x04, 0x8A, 0x9B, 0xEE, 0x03,
    0xC8, 0x06, 0x7F, 0x06, 0xE8, 0xD6, 0xAA, 0x10, 0xE6, 0x0F, 0xA1, 0x89, 0xC8, 0x15, 0x7F, 0x06,
    0xE8, 0xD1, 0x21, 0x02, 0x26, 0x28, 0x7F, 0x0C, 0x21, 0x01, 0x00, 0x14, 0x61, 0x15, 0x40, 0xB0,
    0xAC, 0xD5, 0x7F, 0x0E, 0x7F, 0x10, 0xE8, 0x06, 0x21, 0x02, 0x26, 0x20, 0x7F, 0x0C, 0xC8, 0x18,
    0x7F, 0x06, 0x7F, 0x04, 0x62, 0x00, 0x43, 0xF0, 0x57, 0xF0, 0x43, 0xDE, 0x9E, 0x08, 0x64, 0x00,
    0x43, 0xF0, 0x5F, 0x00, 0x0B, 0x30, 0x5E, 0x06, 0x04, 0x4E, 0x61, 0x02, 0x43, 0x9C, 0xAB, 0x20,
    0x76, 0x22, 0x40, 0xB0, 0x6F, 0x02, 0x46, 0xF8, 0x5F, 0x00, 0x0B, 0x30, 0x5E, 0x06, 0x04, 0x4E,
    0x5F, 0x00, 0x0B, 0xAA, 0x94, 0x28, 0x5E, 0x06, 0x04, 0x4E, 0x5F, 0x00, 0x0B, 0xAA, 0x8C, 0x01,
    0x83, 0x93, 0x5E, 0x07, 0x04, 0x4E, 0xA9, 0x30, 0xA1, 0x3B, 0xA1, 0x9A, 0x21, 0x0D, 0x01, 0x00,
    0xA6, 0x06, 0xEE, 0x28, 0x0A, 0x08, 0x45, 0x45, 0xEE, 0x0E, 0x5F, 0x00, 0x0B, 0x1A, 0x0A, 0x08,
    0x3D, 0x3D, 0x5E, 0x0E, 0x04, 0x4E, 0x5F, 0x00, 0x0B, 0x3E, 0x5E, 0x06, 0x04, 0x4E, 0x5F, 0x00,
    0x0B, 0x86, 0xA1, 0x3A, 0xE6, 0x17, 0x0A, 0x08, 0x52, 0x52, 0x5E, 0x0E, 0x04, 0x4E, 0x5F, 0x00,
    0x0B, 0x1A, 0x0A, 0x08, 0x4C, 0x4C, 0x5E, 0x0E, 0x04, 0x4E, 0x5F, 0x00, 0x0B, 0x1A, 0x0A, 0x08,
    0x3D, 0x3D, 0x5E, 0x0E, 0x04, 0x4E, 0x5F, 0x00, 0x0B, 0x3E, 0x5E, 0x06, 0x04, 0x4E, 0x5F, 0x00,
    0x0B, 0x86, 0xA1, 0x3D, 0x53, 0xF0, 0x43, 0xDE, 0x6F, 0x08, 0x43, 0xDE, 0xC8, 0x01, 0x7F, 0x06,
    0xC8, 0x1B, 0x7F, 0x06, 0xC8, 0x4C, 0x7F, 0x06, 0x7F, 0x04, 0xC8, 0x05, 0x7F, 0x06, 0x7F, 0x04,
    0xC1, 0x0A, 0xC9, 0x00, 0x61, 0x0C, 0x46, 0xF8, 0xC8, 0x02, 0x7F, 0x06, 0x20, 0xC8, 0xA9, 0xC0,
    0x0A, 0x08, 0x20, 0x20, 0xE6, 0x06, 0x0A, 0x08, 0x0D, 0x0D, 0xE6, 0x03, 0x88, 0x89, 0x7F, 0x06,
    0xE8, 0xF5, 0xC8, 0x03, 0x7F, 0x06, 0xAC, 0x98, 0x7F, 0x06, 0x7F, 0x04, 0xA2, 0xB7, 0x0A, 0x0B,
    0x06, 0x06, 0xE6, 0x07, 0x0A, 0x0B, 0x18, 0x18, 0x5E, 0x06, 0x2F, 0x30, 0xF1, 0x1E, 0x5E, 0x08,
    0x2F, 0x30, 0x21, 0x04, 0x41, 0x30, 0x21, 0x02, 0x41, 0x32, 0x21, 0x01, 0x00, 0x3F, 0x0D, 0x45,
    0x00, 0x00, 0xBB, 0x41, 0x01, 0x20, 0x21, 0x01, 0x00, 0x00, 0x4C, 0x15, 0x41, 0x30, 0xD6, 0xD6,
    0xA9, 0x10, 0x4C, 0x15, 0x41, 0x30, 0x07, 0x07, 0x21, 0x01, 0x00, 0x0C, 0x4C, 0x15, 0x41, 0x30,
    0x80, 0x80, 0x21, 0x01, 0x00, 0x0F, 0xA1, 0xD5, 0x6E, 0x1D, 0x41, 0x30, 0xA9, 0x10, 0x6E, 0x15,
    0x41, 0x30, 0x21, 0x01, 0x00, 0x14, 0xA1, 0xA5, 0x6E, 0x1D, 0x41, 0x30, 0xA9, 0x10, 0x6E, 0x15,
    0x41, 0x30, 0x21, 0x01, 0x00, 0x28, 0xA1, 0x95, 0x6E, 0x1D, 0x41, 0x30, 0xA9, 0x10, 0x6E, 0x15,
    0x41, 0x30, 0x21, 0x01, 0x00, 0x2A, 0xA1, 0xB5, 0x6E, 0x1D, 0x41, 0x30, 0xA9, 0x10, 0x6E, 0x15,
    0x41, 0x30, 0x21, 0x01, 0x00, 0x7A, 0xA1, 0x95, 0x6E, 0x1D, 0x41, 0x30, 0xA9, 0x10, 0x6E, 0x15,
    0x41, 0x30, 0x21, 0x01, 0x00, 0x7C, 0xA1, 0x95, 0x81, 0xB5, 0xAB, 0x50, 0x6E, 0x1D, 0x41, 0x30,
    0xA9, 0x10, 0x6E, 0x15, 0x41, 0x30, 0x21, 0x01, 0x00, 0x7E, 0x4C, 0x15, 0x41, 0x30, 0x80, 0x80,
    0xA9, 0x10, 0x4C, 0x15, 0x41, 0x30, 0x00, 0x00, 0x21, 0x0C, 0x41, 0x30, 0x21, 0x0D, 0x00, 0x80,
    0xC1, 0x0A, 0xC9, 0x00, 0xA1, 0xC8, 0xA1, 0xDA, 0xC8, 0x02, 0x7F, 0x06, 0x21, 0x02, 0x00, 0x40,
    0x83, 0x2D, 0xEF, 0x03, 0xA1, 0xA2, 0x21, 0x0D, 0x00, 0x00, 0xA0, 0x28, 0x7F, 0x06, 0xA0, 0xA8,
    0x7F, 0x06, 0x20, 0xC8, 0x88, 0x89, 0x7F, 0x06, 0xA9, 0xC0, 0xF2, 0x85, 0xC8, 0x03, 0x7F, 0x06,
    0xA0, 0x98, 0x7F, 0x06, 0x7F, 0x04, 0x0A, 0x0B, 0x06, 0x06, 0xEE, 0x03, 0x8D, 0xD4, 0xE6, 0x09,
    0xE8, 0xDF, 0x0A, 0x0B, 0x18, 0x18, 0xE6, 0x34, 0xAA, 0x10, 0xE6, 0x32, 0xA1, 0x8C, 0xA1, 0xAD,
    0xE8, 0xD8, 0xC1, 0x0A, 0xC9, 0x00, 0xA1, 0x98, 0xA1, 0xBA, 0xC8, 0x02, 0x7F, 0x06, 0x21, 0x02,
    0x00, 0x40, 0x83, 0x2B, 0xEF, 0x03, 0xA1, 0xA2, 0x21, 0x0B, 0x00, 0x00, 0xA0, 0x28, 0x7F, 0x06,
    0xA0, 0xA8, 0x7F, 0x06, 0x93, 0xF8, 0x61, 0x08, 0x43, 0xDE, 0x7F, 0x01, 0x20, 0x88, 0x7F, 0x02,
    0x97, 0xF8, 0x88, 0x89, 0x7F, 0x06, 0xA9, 0x90, 0xF2, 0x8B, 0xC8, 0x03, 0x7F, 0x06, 0xA0, 0x98,
    0x7F, 0x06, 0x7F, 0x04, 0x0A, 0x0B, 0x06, 0x06, 0xEE, 0x03, 0x8D, 0xB4, 0xE6, 0x0C, 0xE8, 0xD9,
    0x0A, 0x0B, 0x18, 0x18, 0xE6, 0x05, 0xAA, 0x10, 0xE6, 0x03, 0xA1, 0x89, 0xA1, 0xAB, 0xE8, 0xD2,
    0x21, 0x02, 0x26, 0x20, 0x7F, 0x0C, 0xC8, 0x18, 0x7F, 0x06, 0x7F, 0x04, 0x62, 0x00, 0x43, 0xF0,
    0x57, 0xF0, 0x43, 0xDE, 0x9E, 0x08, 0xC8, 0x01, 0x7F, 0x06, 0xC8, 0x1B, 0x7F, 0x06, 0xC8, 0x51,
    0x7F, 0x06, 0x7F, 0x04, 0x9E, 0x08, 0x00, 0x00, 0x00, 0x00, 0x00, 0x17, 0x42, 0x4F, 0x4F, 0x54,
    0x49, 0x4E, 0x47, 0x20, 0x46, 0x52, 0x4F, 0x4D, 0x20, 0x48, 0x41, 0x52, 0x44, 0x20, 0x44, 0x49,
    0x53, 0x4B, 0x0D, 0x00, 0x00, 0x14, 0x42, 0x4F, 0x4F, 0x54, 0x49, 0x4E, 0x47, 0x20, 0x46, 0x52,
    0x4F, 0x4D, 0x20, 0x46, 0x4C, 0x4F, 0x50, 0x50, 0x59, 0x0D, 0x00, 0x19, 0x42, 0x4F, 0x4F, 0x54,
    0x49, 0x4E, 0x47, 0x20, 0x46, 0x52, 0x4F, 0x4D, 0x20, 0x55, 0x44, 0x4F, 0x53, 0x20, 0x46, 0x4C,
    0x4F, 0x50, 0x50, 0x59, 0x0D, 0x00, 0x00, 0x0F, 0x42, 0x4F, 0x4F, 0x54, 0x49, 0x4E, 0x47, 0x20,
    0x52, 0x45, 0x4D, 0x4F, 0x54, 0x45, 0x0D, 0x62, 0x6F, 0x6F, 0x74, 0x30, 0x2E, 0x75, 0x64, 0x00,
    0x62, 0x6F, 0x6F, 0x74, 0x30, 0x2E, 0x72, 0x6D, 0x00, 0x00, 0x00, 0x06, 0x41, 0x42, 0x4F, 0x52,
    0x54, 0x0D, 0x5F, 0x00, 0x15, 0x9A, 0xA1, 0x24, 0x8D, 0x24, 0xE6, 0x41, 0x4D, 0x05, 0x44, 0x2E,
    0x05, 0xA2, 0x4D, 0x05, 0x43, 0xFE, 0x2A, 0x20, 0x7C, 0x05, 0x5E, 0x08, 0x03, 0x88, 0x5F, 0x00,
    0x0B, 0x30, 0x5E, 0x06, 0x04, 0x4E, 0x0A, 0x08, 0x44, 0x44, 0xE6, 0x0B, 0x0A, 0x08, 0x46, 0x46,
    0xE6, 0x0F, 0x0A, 0x08, 0x55, 0x55, 0xE6, 0x14, 0x0A, 0x08, 0x52, 0x52, 0xE6, 0x1C, 0x5E, 0x08,
    0x04, 0x4E, 0x21, 0x02, 0x2F, 0x5A, 0x5F, 0x00, 0x0A, 0x42, 0x21, 0x04, 0x00, 0x01, 0xE8, 0x1F,
    0x21, 0x02, 0x2F, 0x74, 0x5F, 0x00, 0x0A, 0x42, 0x21, 0x04, 0x00, 0x01, 0x5E, 0x08, 0x30, 0xB8,
    0x21, 0x02, 0x2F, 0x8A, 0x5F, 0x00, 0x0A, 0x42, 0x54, 0x06, 0x2F, 0x56, 0x61, 0x05, 0x40, 0xAA,
    0x21, 0x04, 0x00, 0x01, 0xE8, 0x6A, 0x21, 0x02, 0x2F, 0xA6, 0x5F, 0x00, 0x0A, 0x42, 0x54, 0x06,
    0x2F, 0x56, 0x61, 0x05, 0x40, 0xAA, 0x21, 0x04, 0x00, 0x01, 0x5E, 0x08, 0x31, 0xDA, 0x21, 0x00,
    0x40, 0x00, 0x7D, 0x0A, 0x93, 0xF4, 0x21, 0x07, 0x00, 0x01, 0x21, 0x06, 0x00, 0x00, 0x21, 0x08,
    0x80, 0x00, 0x21, 0x09, 0x80, 0x00, 0x14, 0x04, 0x00, 0x00, 0x00, 0x00, 0x21, 0x0A, 0x02, 0x00,
    0x7F, 0x1E, 0x54, 0x06, 0x2F, 0x56, 0x61, 0x05, 0x40, 0xAA, 0x97, 0xF4, 0x8D, 0x24, 0x5E, 0x06,
    0x80, 0x00, 0x93, 0xF2, 0x21, 0x02, 0x30, 0xA6, 0x7F, 0x0C, 0x97, 0xF5, 0x5F, 0x00, 0x0A, 0xDC,
    0x7F, 0x10, 0x5E, 0x08, 0x03, 0x88, 0x00, 0x10, 0x48, 0x41, 0x52, 0x44, 0x20, 0x44, 0x49, 0x53,
    0x4B, 0x20, 0x45, 0x52, 0x52, 0x4F, 0x52, 0x20, 0x4C, 0x01, 0x40, 0xAC, 0x02, 0x02, 0x5E, 0x0E,
    0x04, 0x4E, 0x21, 0x00, 0x40, 0x00, 0x7D, 0x0A, 0x93, 0xF4, 0x21, 0x07, 0x00, 0x01, 0x21, 0x06,
    0x00, 0x60, 0x21, 0x08, 0x80, 0x00, 0x21, 0x09, 0x80, 0x00, 0x14, 0x04, 0x00, 0x00, 0x00, 0x00,
    0x21, 0x0A, 0x02, 0x00, 0x7F, 0x24, 0x54, 0x06, 0x2F, 0x56, 0x61, 0x05, 0x40, 0xAA, 0x97, 0xF4,
    0x8D, 0x24, 0x5E, 0x06, 0x80, 0x00, 0x93, 0xF2, 0x21, 0x02, 0x31, 0x0A, 0x7F, 0x0C, 0x97, 0xF5,
    0x5F, 0x00, 0x0A, 0xDC, 0x7F, 0x10, 0x5E, 0x08, 0x03, 0x88, 0x00, 0x0D, 0x46, 0x4C, 0x4F, 0x50,
    0x50, 0x59, 0x20, 0x45, 0x52, 0x52, 0x4F, 0x52, 0x20, 0x00, 0x4C, 0x01, 0x40, 0xAC, 0x02, 0x02,
    0x5E, 0x0E, 0x04, 0x4E, 0x4D, 0x08, 0x46, 0xFA, 0x4D, 0x08, 0x46, 0xFC, 0x4D, 0x08, 0x46, 0xFE,
    0xC8, 0x53, 0x7F, 0x22, 0x7F, 0x20, 0xC8, 0x01, 0x7F, 0x22, 0x7F, 0x20, 0xC1, 0x0A, 0xC9, 0x00,
    0x21, 0x08, 0x2F, 0xB7, 0xC8, 0x02, 0x7F, 0x22, 0x20, 0x88, 0xA9, 0x80, 0x0A, 0x08, 0x00, 0x00,
    0xE6, 0x03, 0x88, 0x89, 0x7F, 0x22, 0xE8, 0xF8, 0xC8, 0x03, 0x7F, 0x22, 0xAC, 0x98, 0x7F, 0x22,
    0x7F, 0x20, 0xA2, 0xB7, 0x0A, 0x0B, 0x06, 0x06, 0xE6, 0x0B, 0x0A, 0x0B, 0x18, 0x18, 0xE6, 0x01,
    0xF1, 0x1A, 0x21, 0x02, 0x2F, 0xCA, 0x7F, 0x0C, 0xC8, 0x18, 0x7F, 0x22, 0x7F, 0x20, 0x9E, 0x08,
    0x21, 0x09, 0x80, 0x00, 0xC1, 0x0A, 0xC9, 0x00, 0xA1, 0x98, 0x7F, 0x20, 0xA2, 0xB7, 0x0A, 0x0B,
    0x04, 0x04, 0xEE, 0x03, 0x7F, 0x20, 0x5E, 0x08, 0x80, 0x00, 0x0A, 0x0B, 0x18, 0x18, 0xE6, 0xE9,
    0x0A, 0x0B, 0x02, 0x02, 0xEE, 0x09, 0x7F, 0x20, 0xA0, 0xB2, 0x7F, 0x20, 0xA0, 0xBA, 0x7F, 0x20,
    0x2E, 0x9B, 0xA9, 0x90, 0x88, 0xB9, 0xF2, 0x85, 0x7F, 0x20, 0xA2, 0xB7, 0x0A, 0x0B, 0x03, 0x03,
    0xEE, 0xFB, 0x7F, 0x20, 0x8A, 0x9B, 0xEE, 0x03, 0xC8, 0x06, 0x7F, 0x22, 0xE8, 0xDB, 0xAA, 0x10,
    0xE6, 0xD0, 0xA1, 0x89, 0xC8, 0x15, 0x7F, 0x22, 0xE8, 0xD6, 0x64, 0x00, 0x43, 0xF0, 0xBD, 0x01,
    0x7F, 0x06, 0xC8, 0x1B, 0x7F, 0x06, 0xC8, 0x53, 0x7F, 0x06, 0x7F, 0x04, 0xC8, 0x01, 0x7F, 0x06,
    0x7F, 0x04, 0xC1, 0x0A, 0xC9, 0x00, 0x21, 0x08, 0x2F, 0xC0, 0xC8, 0x02, 0x7F, 0x06, 0x20, 0x88,
    0xA9, 0x80, 0x0A, 0x08, 0x00, 0x00, 0xE6, 0x03, 0x88, 0x89, 0x7F, 0x06, 0xE8, 0xF8, 0xC8, 0x03,
    0x7F, 0x06, 0xAC, 0x98, 0x7F, 0x06, 0x7F, 0x04, 0xA2, 0xB7, 0x0A, 0x0B, 0x06, 0x06, 0xE6, 0x0D,
    0x0A, 0x0B, 0x18, 0x18, 0xE6, 0x01, 0xF1, 0x1A, 0x21, 0x02, 0x2F, 0xCA, 0x7F, 0x0C, 0xC8, 0x18,
    0x7F, 0x06, 0x7F, 0x04, 0x62, 0x00, 0x43, 0xF0, 0x9E, 0x08, 0x21, 0x09, 0x80, 0x00, 0xC1, 0x0A,
    0xC9, 0x00, 0xA1, 0x98, 0x7F, 0x04, 0xA2, 0xB7, 0x0A, 0x0B, 0x04, 0x04, 0xEE, 0x05, 0x7F, 0x04,
    0x62, 0x00, 0x43, 0xF0, 0x5E, 0x08, 0x80, 0x00, 0x0A, 0x0B, 0x18, 0x18, 0xE6, 0xE5, 0x0A, 0x0B,
    0x02, 0x02, 0xEE, 0x09, 0x7F, 0x04, 0xA0, 0xB2, 0x7F, 0x04, 0xA0, 0xBA, 0x7F, 0x04, 0x2E, 0x9B,
    0xA9, 0x90, 0x88, 0xB9, 0xF2, 0x85, 0x7F, 0x04, 0xA2, 0xB7, 0x0A, 0x0B, 0x03, 0x03, 0xEE, 0xFB,
    0x7F, 0x04, 0x8A, 0x9B, 0xEE, 0x03, 0xC8, 0x06, 0x7F, 0x06, 0xE8, 0xD9, 0xAA, 0x10, 0xE6, 0xCC,
    0xA1, 0x89, 0xC8, 0x15, 0x7F, 0x06, 0xE8, 0xD4, 0x00, 0x00, 0x00, 0x00, 0x00, 0x00, 0x00, 0x00,
    0x00, 0x00, 0x00, 0x00, 0x00, 0x00, 0x00, 0x00, 0x00, 0x00, 0x00, 0x00, 0x00, 0x00, 0x00, 0x00,
    0x00, 0x00, 0x00, 0x00, 0x00, 0x00, 0x00, 0x00, 0x00, 0x00, 0x00, 0x00, 0x00, 0x00, 0x00, 0x00,
    0x00, 0x00, 0x00, 0x00, 0x00, 0x00, 0x00, 0x00, 0x00, 0x00, 0x00, 0x00, 0x00, 0x00, 0x00, 0x00,
    0x00, 0x00, 0x00, 0x00, 0x00, 0x00, 0x00, 0x00, 0x00, 0x00, 0x00, 0x00, 0x00, 0x00, 0x00, 0x00,
    0x00, 0x00, 0x00, 0x00, 0x00, 0x00, 0x00, 0x00, 0x00, 0x00, 0x00, 0x00, 0x00, 0x00, 0x00, 0x00,
    0x00, 0x00, 0x00, 0x00, 0x00, 0x00, 0x00, 0x00, 0x00, 0x00, 0x00, 0x00, 0x00, 0x00, 0x00, 0x00,
    0x00, 0x00, 0x00, 0x00, 0x00, 0x00, 0x00, 0x00, 0x00, 0x00, 0x00, 0x00, 0x00, 0x00, 0x00, 0x00,
    0x00, 0x00, 0x00, 0x00, 0x00, 0x00, 0x00, 0x00, 0x00, 0x00, 0x00, 0x00, 0x00, 0x00, 0x00, 0x00,
    0x00, 0x00, 0x00, 0x00, 0x00, 0x00, 0x00, 0x00, 0x00, 0x00, 0x00, 0x00, 0x00, 0x00, 0x00, 0x00,
    0x00, 0x00, 0x00, 0x00, 0x00, 0x00, 0x00, 0x00, 0x00, 0x00, 0x00, 0x00, 0x00, 0x00, 0x00, 0x00,
    0x00, 0x00, 0x00, 0x00, 0x00, 0x00, 0x00, 0x00, 0x00, 0x00, 0x00, 0x00, 0x00, 0x00, 0x00, 0x00,
    0x00, 0x00, 0x00, 0x00, 0x00, 0x00, 0x00, 0x00, 0x00, 0x00, 0x00, 0x00, 0x00, 0x00, 0x00, 0x00,
    0x00, 0x00, 0x00, 0x00, 0x00, 0x00, 0x00, 0x00, 0x00, 0x00, 0x00, 0x00, 0x00, 0x00, 0x00, 0x00,
    0x00, 0x00, 0x00, 0x00, 0x00, 0x00, 0x00, 0x00, 0x00, 0x00, 0x00, 0x00, 0x00, 0x00, 0x00, 0x00,
    0x00, 0x00, 0x00, 0x00, 0x00, 0x00, 0x00, 0x00, 0x00, 0x00, 0x00, 0x00, 0x00, 0x00, 0x00, 0x00,
    0x00, 0x00, 0x00, 0x00, 0x00, 0x00, 0x00, 0x00, 0x00, 0x00, 0x00, 0x00, 0x00, 0x00, 0x00, 0x00,
    0x00, 0x00, 0x00, 0x00, 0x00, 0x00, 0x00, 0x00, 0x00, 0x00, 0x00, 0x00, 0x00, 0x00, 0x00, 0x00,
    0x00, 0x00, 0x00, 0x00, 0x00, 0x00, 0x00, 0x00, 0x00, 0x00, 0x00, 0x00, 0x00, 0x00, 0x00, 0x00,
    0x00, 0x00, 0x00, 0x00, 0x00, 0x00, 0x00, 0x00, 0x00, 0x00, 0x00, 0x00, 0x00, 0x00, 0x00, 0x00,
    0x00, 0x00, 0x00, 0x00, 0x00, 0x00, 0x00, 0x00, 0x00, 0x00, 0x00, 0x00, 0x00, 0x00, 0x00, 0x00,
    0x00, 0x00, 0x00, 0x00, 0x00, 0x00, 0x00, 0x00, 0x00, 0x00, 0x00, 0x00, 0x00, 0x00, 0x00, 0x00,
    0x00, 0x00, 0x00, 0x00, 0x00, 0x00, 0x00, 0x00, 0x00, 0x00, 0x00, 0x00, 0x00, 0x00, 0x00, 0x00,
    0x00, 0x00, 0x00, 0x00, 0x00, 0x00, 0x00, 0x00, 0x00, 0x00, 0x00, 0x00, 0x00, 0x00, 0x00, 0x00,
    0x00, 0x00, 0x00, 0x00, 0x00, 0x00, 0x00, 0x00, 0x00, 0x00, 0x00, 0x00, 0x00, 0x00, 0x00, 0x00,
    0x00, 0x00, 0x00, 0x00, 0x00, 0x00, 0x00, 0x00, 0x00, 0x00, 0x00, 0x00, 0x00, 0x00, 0x00, 0x00,
    0x00, 0x00, 0x00, 0x00, 0x00, 0x00, 0x00, 0x00, 0x00, 0x00, 0x00, 0x00, 0x00, 0x00, 0x00, 0x00,
    0x00, 0x00, 0x00, 0x00, 0x00, 0x00, 0x00, 0x00, 0x00, 0x00, 0x00, 0x00, 0x00, 0x00, 0x00, 0x00,
    0x00, 0x00, 0x00, 0x00, 0x00, 0x00, 0x00, 0x00, 0x00, 0x00, 0x00, 0x00, 0x00, 0x00, 0x00, 0x00,
    0x00, 0x00, 0x00, 0x00, 0x00, 0x00, 0x00, 0x00, 0x00, 0x00, 0x00, 0x00, 0x00, 0x00, 0x00, 0x00,
    0x00, 0x00, 0x00, 0x00, 0x00, 0x00, 0x00, 0x00, 0x00, 0x00, 0x00, 0x00, 0x00, 0x00, 0x00, 0x00,
    0x00, 0x00, 0x00, 0x00, 0x00, 0x00, 0x00, 0x00, 0x00, 0x00, 0x00, 0x00, 0x00, 0x00, 0x00, 0x00,
    0x00, 0x00, 0x00, 0x00, 0x00, 0x00, 0x00, 0x00, 0x00, 0x00, 0x00, 0x00, 0x00, 0x00, 0x00, 0x00,
    0x00, 0x00, 0x00, 0x00, 0x00, 0x00, 0x00, 0x00, 0x00, 0x00, 0x00, 0x00, 0x00, 0x00, 0x00, 0x00,
    0x00, 0x00, 0x00, 0x00, 0x00, 0x00, 0x00, 0x00, 0x00, 0x00, 0x00, 0x00, 0x00, 0x00, 0x00, 0x00,
    0x00, 0x00, 0x00, 0x00, 0x00, 0x00, 0x00, 0x00, 0x00, 0x00, 0x00, 0x00, 0x00, 0x00, 0x00, 0x00,
    0x00, 0x00, 0x00, 0x00, 0x00, 0x00, 0x00, 0x00, 0x00, 0x00, 0x00, 0x00, 0x00, 0x00, 0x00, 0x00,
    0x00, 0x00, 0x00, 0x00, 0x00, 0x00, 0x00, 0x00, 0x00, 0x00, 0x00, 0x00, 0x00, 0x00, 0x00, 0x00,
    0x00, 0x00, 0x00, 0x00, 0x00, 0x00, 0x00, 0x00, 0x00, 0x00, 0x00, 0x00, 0x00, 0x00, 0x00, 0x00,
    0x00, 0x00, 0x00, 0x00, 0x00, 0x00, 0x00, 0x00, 0x00, 0x00, 0x00, 0x00, 0x00, 0x00, 0x00, 0x00,
    0x00, 0x00, 0x00, 0x00, 0x00, 0x00, 0x00, 0x00, 0x00, 0x00, 0x00, 0x00, 0x00, 0x00, 0x00, 0x00,
    0x00, 0x00, 0x00, 0x00, 0x00, 0x00, 0x00, 0x00, 0x00, 0x00, 0x00, 0x00, 0x00, 0x00, 0x00, 0x00,
    0x00, 0x00, 0x00, 0x00, 0x00, 0x00, 0x00, 0x00, 0x00, 0x00, 0x00, 0x00, 0x00, 0x00, 0x00, 0x00,
    0x00, 0x00, 0x00, 0x00, 0x00, 0x00, 0x00, 0x00, 0x00, 0x00, 0x00, 0x00, 0x00, 0x00, 0x00, 0x00,
    0x00, 0x00, 0x00, 0x00, 0x00, 0x00, 0x00, 0x00, 0x00, 0x00, 0x00, 0x00, 0x00, 0x00, 0x00, 0x00,
    0x00, 0x00, 0x00, 0x00, 0x00, 0x00, 0x00, 0x00, 0x00, 0x00, 0x00, 0x00, 0x00, 0x00, 0x00, 0x00,
    0x00, 0x00, 0x00, 0x00, 0x00, 0x00, 0x00, 0x00, 0x00, 0x00, 0x00, 0x00, 0x00, 0x00, 0x00, 0x00,
    0x00, 0x00, 0x00, 0x00, 0x00, 0x00, 0x00, 0x00, 0x00, 0x00, 0x00, 0x00, 0x00, 0x00, 0x00, 0x00,
    0x00, 0x00, 0x00, 0x00, 0x00, 0x00, 0x00, 0x00, 0x00, 0x00, 0x00, 0x00, 0x00, 0x00, 0x00, 0x00,
    0x00, 0x00, 0x00, 0x00, 0x00, 0x00, 0x00, 0x00, 0x00, 0x00, 0x00, 0x00, 0x00, 0x00, 0x00, 0x00,
    0x00, 0x00, 0x00, 0x00, 0x00, 0x00, 0x00, 0x00, 0x00, 0x00, 0x00, 0x00, 0x00, 0x00, 0x00, 0x00,
    0x00, 0x00, 0x00, 0x00, 0x00, 0x00, 0x00, 0x00, 0x00, 0x00, 0x00, 0x00, 0x00, 0x00, 0x00, 0x00,
    0x00, 0x00, 0x00, 0x00, 0x00, 0x00, 0x00, 0x00, 0x00, 0x00, 0x00, 0x00, 0x00, 0x00, 0x00, 0x00,
    0x00, 0x00, 0x00, 0x00, 0x00, 0x00, 0x00, 0x00, 0x00, 0x00, 0x00, 0x00, 0x00, 0x00, 0x00, 0x00,
    0x00, 0x00, 0x00, 0x00, 0x00, 0x00, 0x00, 0x00, 0x00, 0x00, 0x00, 0x00, 0x00, 0x00, 0x00, 0x00,
    0x00, 0x00, 0x00, 0x00, 0x00, 0x00, 0x00, 0x00, 0x00, 0x00, 0x00, 0x00, 0x00, 0x00, 0x00, 0x00,
    0x00, 0x00, 0x00, 0x00, 0x00, 0x00, 0x00, 0x00, 0x00, 0x00, 0x00, 0x00, 0x00, 0x00, 0x00, 0x00,
    0x00, 0x00, 0x00, 0x00, 0x00, 0x00, 0x00, 0x00, 0x00, 0x00, 0x00, 0x00, 0x00, 0x00, 0x00, 0x00,
    0x00, 0x00, 0x00, 0x00, 0x00, 0x00, 0x00, 0x00, 0x00, 0x00, 0x00, 0x00, 0x00, 0x00, 0x00, 0x00,
    0x00, 0x00, 0x00, 0x00, 0x00, 0x00, 0x00, 0x00, 0x00, 0x00, 0x00, 0x00, 0x00, 0x00, 0x00, 0x00,
    0x00, 0x00, 0x00, 0x00, 0x00, 0x00, 0x00, 0x00, 0x00, 0x00, 0x00, 0x00, 0x00, 0x00, 0x00, 0x00,
    0x00, 0x00, 0x00, 0x00, 0x00, 0x00, 0x00, 0x00, 0x00, 0x00, 0x00, 0x00, 0x00, 0x00, 0x00, 0x00,
    0x00, 0x00, 0x00, 0x00, 0x00, 0x00, 0x00, 0x00, 0x00, 0x00, 0x00, 0x00, 0x00, 0x00, 0x00, 0x00,
    0x00, 0x00, 0x00, 0x00, 0x00, 0x00, 0x00, 0x00, 0x00, 0x00, 0x00, 0x00, 0x00, 0x00, 0x00, 0x00,
    0x00, 0x00, 0x00, 0x00, 0x00, 0x00, 0x00, 0x00, 0x00, 0x00, 0x00, 0x00, 0x00, 0x00, 0x00, 0x00,
    0x00, 0x00, 0x00, 0x00, 0x00, 0x00, 0x00, 0x00, 0x00, 0x00, 0x00, 0x00, 0x00, 0x00, 0x00, 0x00,
    0x00, 0x00, 0x00, 0x00, 0x00, 0x00, 0x00, 0x00, 0x00, 0x00, 0x00, 0x00, 0x00, 0x00, 0x00, 0x00,
    0x00, 0x00, 0x00, 0x00, 0x00, 0x00, 0x00, 0x00, 0x00, 0x00, 0x00, 0x00, 0x00, 0x00, 0x00, 0x00,
    0x00, 0x00, 0x00, 0x00, 0x00, 0x00, 0x00, 0x00, 0x00, 0x00, 0x00, 0x00, 0x00, 0x00, 0x00, 0x00,
    0x00, 0x00, 0x00, 0x00, 0x00, 0x00, 0x00, 0x00, 0x00, 0x00, 0x00, 0x00, 0x00, 0x00, 0x00, 0x00,
    0x00, 0x00, 0x00, 0x00, 0x00, 0x00, 0x00, 0x00, 0x00, 0x00, 0x00, 0x00, 0x00, 0x00, 0x00, 0x00,
    0x00, 0x00, 0x00, 0x00, 0x00, 0x00, 0x00, 0x00, 0x00, 0x00, 0x00, 0x00, 0x00, 0x00, 0x00, 0x00,
    0x00, 0x00, 0x00, 0x00, 0x00, 0x00, 0x00, 0x00, 0x00, 0x00, 0x00, 0x00, 0x00, 0x00, 0x00, 0x00,
    0x00, 0x00, 0x00, 0x00, 0x00, 0x00, 0x00, 0x00, 0x00, 0x00, 0x00, 0x00, 0x00, 0x00, 0x00, 0x00,
    0x00, 0x00, 0x00, 0x00, 0x00, 0x00, 0x00, 0x00, 0x00, 0x00, 0x00, 0x00, 0x00, 0x00, 0x00, 0x00,
    0x00, 0x00, 0x00, 0x00, 0x00, 0x00, 0x00, 0x00, 0x00, 0x00, 0x00, 0x00, 0x00, 0x00, 0x00, 0x00,
    0x00, 0x00, 0x00, 0x00, 0x00, 0x00, 0x00, 0x00, 0x00, 0x00, 0x00, 0x00, 0x00, 0x00, 0x00, 0x00,
    0x00, 0x00, 0x00, 0x00, 0x00, 0x00, 0x00, 0x00, 0x00, 0x00, 0x00, 0x00, 0x00, 0x00, 0x00, 0x00,
    0x00, 0x00, 0x00, 0x00, 0x00, 0x00, 0x00, 0x00, 0x00, 0x00, 0x00, 0x00, 0x00, 0x00, 0x00, 0x00,
    0x00, 0x00, 0x00, 0x00, 0x00, 0x00, 0x00, 0x00, 0x00, 0x00, 0x00, 0x00, 0x00, 0x00, 0x00, 0x00,
    0x00, 0x00, 0x00, 0x00, 0x00, 0x00, 0x00, 0x00, 0x00, 0x00, 0x00, 0x00, 0x00, 0x00, 0x00, 0x00,
    0x00, 0x00, 0x00, 0x00, 0x00, 0x00, 0x00, 0x00, 0x00, 0x00, 0x00, 0x00, 0x00, 0x00, 0x00, 0x00,
    0x00, 0x00, 0x00, 0x00, 0x00, 0x00, 0x00, 0x00, 0x00, 0x00, 0x00, 0x00, 0x00, 0x00, 0x00, 0x00,
    0x00, 0x00, 0x00, 0x00, 0x00, 0x00, 0x00, 0x00, 0x00, 0x00, 0x00, 0x00, 0x00, 0x00, 0x00, 0x00,
    0x00, 0x00, 0x00, 0x00, 0x00, 0x00, 0x00, 0x00, 0x00, 0x00, 0x00, 0x00, 0x00, 0x00, 0x00, 0x00,
    0x00, 0x00, 0x00, 0x00, 0x00, 0x00, 0x00, 0x00, 0x00, 0x00, 0x00, 0x00, 0x00, 0x00, 0x00, 0x00,
    0x00, 0x00, 0x00, 0x00, 0x00, 0x00, 0x00, 0x00, 0x00, 0x00, 0x00, 0x00, 0x00, 0x00, 0x00, 0x00,
    0x00, 0x00, 0x00, 0x00, 0x00, 0x00, 0x00, 0x00, 0x00, 0x00, 0x00, 0x00, 0x00, 0x00, 0x00, 0x00,
    0x00, 0x00, 0x00, 0x00, 0x00, 0x00, 0x00, 0x00, 0x00, 0x00, 0x00, 0x00, 0x00, 0x00, 0x00, 0x00,
    0x00, 0x00, 0x00, 0x00, 0x00, 0x00, 0x00, 0x00, 0x00, 0x00, 0x00, 0x00, 0x00, 0x00, 0x00, 0x00,
    0x00, 0x00, 0x00, 0x00, 0x00, 0x00, 0x00, 0x00, 0x00, 0x00, 0x00, 0x00, 0x00, 0x00, 0x00, 0x00,
    0x00, 0x00, 0x00, 0x00, 0x00, 0x00, 0x00, 0x00, 0x00, 0x00, 0x00, 0x00, 0x00, 0x00, 0x00, 0x00,
    0x00, 0x00, 0x00, 0x00, 0x00, 0x00, 0x00, 0x00, 0x00, 0x00, 0x00, 0x00, 0x00, 0x00, 0x00, 0x00,
    0x00, 0x00, 0x00, 0x00, 0x00, 0x00, 0x00, 0x00, 0x00, 0x00, 0x00, 0x00, 0x00, 0x00, 0x00, 0x00,
    0x00, 0x00, 0x00, 0x00, 0x00, 0x00, 0x00, 0x00, 0x00, 0x00, 0x00, 0x00, 0x00, 0x00, 0x00, 0x00,
    0x00, 0x00, 0x00, 0x00, 0x00, 0x00, 0x00, 0x00, 0x00, 0x00, 0x00, 0x00, 0x00, 0x00, 0x00, 0x00,
    0x00, 0x00, 0x00, 0x00, 0x00, 0x00, 0x00, 0x00, 0x00, 0x00, 0x00, 0x00, 0x00, 0x00, 0x00, 0x00,
    0x00, 0x00, 0x00, 0x00, 0x00, 0x00, 0x00, 0x00, 0x00, 0x00, 0x00, 0x00, 0x00, 0x00, 0x00, 0x00,
    0x00, 0x00, 0x00, 0x00, 0x00, 0x00, 0x00, 0x00, 0x00, 0x00, 0x00, 0x00, 0x00, 0x00, 0x00, 0x00,
    0x00, 0x00, 0x00, 0x00, 0x00, 0x00, 0x00, 0x00, 0x00, 0x00, 0x00, 0x00, 0x00, 0x00, 0x00, 0x00,
    0x00, 0x00, 0x00, 0x00, 0x00, 0x00, 0x00, 0x00, 0x00, 0x00, 0x00, 0x00, 0x00, 0x00, 0x00, 0x00,
    0x00, 0x00, 0x00, 0x00, 0x00, 0x00, 0x00, 0x00, 0x00, 0x00, 0x00, 0x00, 0x00, 0x00, 0x00, 0x00,
    0x00, 0x00, 0x00, 0x00, 0x00, 0x00, 0x00, 0x00, 0x00, 0x00, 0x00, 0x00, 0x00, 0x00, 0x00, 0x00,
    0x00, 0x00, 0x00, 0x00, 0x00, 0x00, 0x00, 0x00, 0x00, 0x00, 0x00, 0x00, 0x00, 0x00, 0x00, 0x00,
    0x00, 0x00, 0x00, 0x00, 0x00, 0x00, 0x00, 0x00, 0x00, 0x00, 0x00, 0x00, 0x00, 0x00, 0x00, 0x00,
    0x00, 0x00, 0x00, 0x00, 0x00, 0x00, 0x00, 0x00, 0x00, 0x00, 0x00, 0x00, 0x00, 0x00, 0x00, 0x00,
    0x00, 0x00, 0x00, 0x00, 0x00, 0x00, 0x00, 0x00, 0x00, 0x00, 0x00, 0x00, 0x00, 0x00, 0x00, 0x00,
    0x00, 0x00, 0x00, 0x00, 0x00, 0x00, 0x00, 0x00, 0x00, 0x00, 0x00, 0x00, 0x00, 0x00, 0x00, 0x00,
    0x00, 0x00, 0x00, 0x00, 0x00, 0x00, 0x00, 0x00, 0x00, 0x00, 0x00, 0x00, 0x00, 0x00, 0x00, 0x00,
    0x00, 0x00, 0x00, 0x00, 0x00, 0x00, 0x00, 0x00, 0x00, 0x00, 0x00, 0x00, 0x00, 0x00, 0x00, 0x00,
    0x00, 0x00, 0x00, 0x00, 0x00, 0x00, 0x00, 0x00, 0x00, 0x00, 0x00, 0x00, 0x00, 0x00, 0x00, 0x00,
    0x00, 0x00, 0x00, 0x00, 0x00, 0x00, 0x00, 0x00, 0x00, 0x00, 0x00, 0x00, 0x00, 0x00, 0x00, 0x00,
    0x00, 0x00, 0x00, 0x00, 0x00, 0x00, 0x00, 0x00, 0x00, 0x00, 0x00, 0x00, 0x00, 0x00, 0x00, 0x00,
    0x00, 0x00, 0x00, 0x00, 0x00, 0x00, 0x00, 0x00, 0x00, 0x00, 0x00, 0x00, 0x00, 0x00, 0x00, 0x00,
    0x00, 0x00, 0x00, 0x00, 0x00, 0x00, 0x00, 0x00, 0x00, 0x00, 0x00, 0x00, 0x00, 0x00, 0x00, 0x00,
    0x00, 0x00, 0x00, 0x00, 0x00, 0x00, 0x00, 0x00, 0x00, 0x00, 0x00, 0x00, 0x00, 0x00, 0x00, 0x00,
    0x00, 0x00, 0x00, 0x00, 0x00, 0x00, 0x00, 0x00, 0x00, 0x00, 0x00, 0x00, 0x00, 0x00, 0x00, 0x00,
    0x00, 0x00, 0x00, 0x00, 0x00, 0x00, 0x00, 0x00, 0x00, 0x00, 0x00, 0x00, 0x00, 0x00, 0x00, 0x00,
    0x00, 0x00, 0x00, 0x00, 0x00, 0x00, 0x00, 0x00, 0x00, 0x00, 0x00, 0x00, 0x00, 0x00, 0x00, 0x00,
    0x00, 0x00, 0x00, 0x00, 0x00, 0x00, 0x00, 0x00, 0x00, 0x00, 0x00, 0x00, 0x00, 0x00, 0x00, 0x00,
    0x00, 0x00, 0x00, 0x00, 0x00, 0x00, 0x00, 0x00, 0x00, 0x00, 0x00, 0x00, 0x00, 0x00, 0x00, 0x00,
    0x00, 0x00, 0x00, 0x00, 0x00, 0x00, 0x00, 0x00, 0x00, 0x00, 0x00, 0x00, 0x00, 0x00, 0x00, 0x00,
    0x00, 0x00, 0x00, 0x00, 0x00, 0x00, 0x00, 0x00, 0x00, 0x00, 0x00, 0x00, 0x00, 0x00, 0x00, 0x00,
    0x00, 0x00, 0x00, 0x00, 0x00, 0x00, 0x00, 0x00, 0x00, 0x00, 0x00, 0x00, 0x00, 0x00, 0x00, 0x00,
    0x00, 0x00, 0x00, 0x00, 0x00, 0x00, 0x00, 0x00, 0x00, 0x00, 0x00, 0x00, 0x00, 0x00, 0x00, 0x00,
    0x00, 0x00, 0x00, 0x00, 0x00, 0x00, 0x00, 0x00, 0x00, 0x00, 0x00, 0x00, 0x00, 0x00, 0x00, 0x00,
    0x00, 0x00, 0x00, 0x00, 0x00, 0x00, 0x00, 0x00, 0x00, 0x00, 0x00, 0x00, 0x00, 0x00, 0x00, 0x00,
    0x00, 0x00, 0x00, 0x00, 0x00, 0x00, 0x00, 0x00, 0x00, 0x00, 0x00, 0x00, 0x00, 0x00, 0x00, 0x00,
    0x00, 0x00, 0x00, 0x00, 0x00, 0x00, 0x00, 0x00, 0x00, 0x00, 0x00, 0x00, 0x00, 0x00, 0x00, 0x00,
    0x00, 0x00, 0x00, 0x00, 0x00, 0x00, 0x00, 0x00, 0x00, 0x00, 0x00, 0x00, 0x00, 0x00, 0x00, 0x00,
    0x00, 0x00, 0x00, 0x00, 0x00, 0x00, 0x00, 0x00, 0x00, 0x00, 0x00, 0x00, 0x00, 0x00, 0x00, 0x00,
    0x00, 0x00, 0x00, 0x00, 0x00, 0x00, 0x00, 0x00, 0x00, 0x00, 0x00, 0x00, 0x00, 0x00, 0x00, 0x00,
    0x00, 0x00, 0x00, 0x00, 0x00, 0x00, 0x00, 0x00, 0x00, 0x00, 0x00, 0x00, 0x00, 0x00, 0x00, 0x00,
    0x00, 0x00, 0x00, 0x00, 0x00, 0x00, 0x00, 0x00, 0x00, 0x00, 0x00, 0x00, 0x00, 0x00, 0x00, 0x00,
    0x00, 0x00, 0x00, 0x00, 0x00, 0x00, 0x00, 0x00, 0x00, 0x00, 0x00, 0x00, 0x00, 0x00, 0x00, 0x00,
    0x00, 0x00, 0x00, 0x00, 0x00, 0x00, 0x00, 0x00, 0x00, 0x00, 0x00, 0x00, 0x00, 0x00, 0x00, 0x00,
    0x00, 0x00, 0x00, 0x00, 0x00, 0x00, 0x00, 0x00, 0x00, 0x00, 0x00, 0x00, 0x00, 0x00, 0x00, 0x00,
    0x00, 0x00, 0x00, 0x00, 0x00, 0x00, 0x00, 0x00, 0x00, 0x00, 0x00, 0x00, 0x00, 0x00, 0x00, 0x00,
    0x00, 0x00, 0x00, 0x00, 0x00, 0x00, 0x00, 0x00, 0x00, 0x00, 0x00, 0x00, 0x00, 0x00, 0x00, 0x00,
    0x00, 0x00, 0x00, 0x00, 0x00, 0x00, 0x00, 0x00, 0x00, 0x00, 0x00, 0x00, 0x00, 0x00, 0x00, 0x00,
    0x00, 0x00, 0x00, 0x00, 0x00, 0x00, 0x00, 0x00, 0x00, 0x00, 0x00, 0x00, 0x00, 0x00, 0x00, 0x00,
    0x00, 0x00, 0x00, 0x00, 0x00, 0x00, 0x00, 0x00, 0x00, 0x00, 0x00, 0x00, 0x00, 0x00, 0x00, 0x00,
    0x00, 0x00, 0x00, 0x00, 0x00, 0x00, 0x00, 0x00, 0x00, 0x00, 0x00, 0x00, 0x00, 0x00, 0x00, 0x00,
    0x00, 0x00, 0x00, 0x00, 0x00, 0x00, 0x00, 0x00, 0x00, 0x00, 0x00, 0x00, 0x00, 0x00, 0x00, 0x00,
    0x00, 0x00, 0x00, 0x00, 0x00, 0x00, 0x00, 0x00, 0x00, 0x00, 0x00, 0x00, 0x00, 0x00, 0x00, 0x00,
    0x00, 0x00, 0x00, 0x00, 0x00, 0x00, 0x00, 0x00, 0x00, 0x00, 0x00, 0x00, 0x00, 0x00, 0x00, 0x00,
    0x00, 0x00, 0x00, 0x00, 0x00, 0x00, 0x00, 0x00, 0x00, 0x00, 0x00, 0x00, 0x00, 0x00, 0x00, 0x00,
    0x00, 0x00, 0x00, 0x00, 0x00, 0x00, 0x00, 0x00, 0x00, 0x00, 0x00, 0x00, 0x00, 0x00, 0x00, 0x00,
    0x00, 0x00, 0x00, 0x00, 0x00, 0x00, 0x00, 0x00, 0x00, 0x00, 0x00, 0x00, 0x00, 0x00, 0x00, 0x00,
    0x00, 0x00, 0x00, 0x00, 0x00, 0x00, 0x00, 0x00, 0x00, 0x00, 0x00, 0x00, 0x00, 0x00, 0x00, 0x00,
    0x00, 0x00, 0x00, 0x00, 0x00, 0x00, 0x00, 0x00, 0x00, 0x00, 0x00, 0x00, 0x00, 0x00, 0x00, 0x00,
    0x00, 0x00, 0x00, 0x00, 0x00, 0x00, 0x00, 0x00, 0x00, 0x00, 0x00, 0x00, 0x00, 0x00, 0x00, 0x00,
    0x00, 0x00, 0x00, 0x00, 0x00, 0x00, 0x00, 0x00, 0x00, 0x00, 0x00, 0x00, 0x00, 0x00, 0x00, 0x00,
    0x00, 0x00, 0x00, 0x00, 0x00, 0x00, 0x00, 0x00, 0x00, 0x00, 0x00, 0x00, 0x00, 0x00, 0x00, 0x00,
    0x00, 0x00, 0x00, 0x00, 0x00, 0x00, 0x00, 0x00, 0x00, 0x00, 0x00, 0x00, 0x00, 0x00, 0x00, 0x00,
    0x00, 0x00, 0x00, 0x00, 0x00, 0x00, 0x00, 0x00, 0x00, 0x00, 0x00, 0x00, 0x00, 0x00, 0x00, 0x00,
    0x00, 0x00, 0x00, 0x00, 0x00, 0x00, 0x00, 0x00, 0x00, 0x00, 0x00, 0x00, 0x00, 0x00, 0x00, 0x00,
    0x00, 0x00, 0x00, 0x00, 0x00, 0x00, 0x00, 0x00, 0x00, 0x00, 0x00, 0x00, 0x00, 0x00, 0x00, 0x00,
    0x00, 0x00, 0x00, 0x00, 0x00, 0x00, 0x00, 0x00, 0x00, 0x00, 0x00, 0x00, 0x00, 0x00, 0x00, 0x00,
    0x00, 0x00, 0x00, 0x00, 0x00, 0x00, 0x00, 0x00, 0x00, 0x00, 0x00, 0x00, 0x00, 0x00, 0x00, 0x00,
    0x00, 0x00, 0x00, 0x00, 0x00, 0x00, 0x00, 0x00, 0x00, 0x00, 0x00, 0x00, 0x00, 0x00, 0x00, 0x00,
    0x00, 0x00, 0x00, 0x00, 0x00, 0x00, 0x00, 0x00, 0x00, 0x00, 0x00, 0x00, 0x00, 0x00, 0x00, 0x00,
    0x00, 0x00, 0x00, 0x00, 0x00, 0x00, 0x00, 0x00, 0x00, 0x00, 0x00, 0x00, 0x00, 0x00, 0x00, 0x00,
    0x00, 0x00, 0x00, 0x00, 0x00, 0x00, 0x00, 0x00, 0x00, 0x00, 0x00, 0x00, 0x00, 0x00, 0x00, 0x00,
    0x00, 0x00, 0x00, 0x00, 0x00, 0x00, 0x00, 0x00, 0x00, 0x00, 0x00, 0x00, 0x00, 0x00, 0x00, 0x00,
    0x00, 0x00, 0x00, 0x00, 0x00, 0x00, 0x00, 0x00, 0x00, 0x00, 0x00, 0x00, 0x00, 0x00, 0x00, 0x00,
    0x00, 0x00, 0x00, 0x00, 0x00, 0x00, 0x00, 0x00, 0x00, 0x00, 0x00, 0x00, 0x00, 0x00, 0x00, 0x00,
    0x00, 0x00, 0x00, 0x00, 0x00, 0x00, 0x00, 0x00, 0x00, 0x00, 0x00, 0x00, 0x00, 0x00, 0x00, 0x00,
    0x00, 0x00, 0x00, 0x00, 0x00, 0x00, 0x00, 0x00, 0x00, 0x00, 0x00, 0x00, 0x00, 0x00, 0x00, 0x00,
    0x00, 0x00, 0x00, 0x00, 0x00, 0x00, 0x00, 0x00, 0x00, 0x00, 0x00, 0x00, 0x00, 0x00, 0x00, 0x00,
    0x00, 0x00, 0x00, 0x00, 0x00, 0x00, 0x00, 0x00, 0x00, 0x00, 0x00, 0x00, 0x00, 0x00, 0x00, 0x00,
    0x00, 0x00, 0x00, 0x00, 0x00, 0x00, 0x00, 0x00, 0x00, 0x00, 0x00, 0x00, 0x00, 0x00, 0x00, 0x00,
    0x00, 0x00, 0x00, 0x00, 0x00, 0x00, 0x00, 0x00, 0x00, 0x00, 0x00, 0x00, 0x00, 0x00, 0x00, 0x00,
    0x00, 0x00, 0x00, 0x00, 0x00, 0x00, 0x00, 0x00, 0x00, 0x00, 0x00, 0x00, 0x00, 0x00, 0x00, 0x00,
    0x00, 0x00, 0x00, 0x00, 0x00, 0x00, 0x00, 0x00, 0x00, 0x00, 0x00, 0x00, 0x00, 0x00, 0x00, 0x00,
    0x00, 0x00, 0x00, 0x00, 0x00, 0x00, 0x00, 0x00, 0x00, 0x00, 0x00, 0x00, 0x00, 0x00, 0x00, 0x00,
    0x00, 0x00, 0x00, 0x00, 0x00, 0x00, 0x00, 0x00, 0x00, 0x00, 0x00, 0x00, 0x00, 0x00, 0x00, 0x00,
    0x00, 0x00, 0x00, 0x00, 0x00, 0x00, 0x00, 0x00, 0x00, 0x00, 0x00, 0x00, 0x00, 0x00, 0x00, 0x00,
    0x00, 0x00, 0x00, 0x00, 0x00, 0x00, 0x00, 0x00, 0x00, 0x00, 0x00, 0x00, 0x00, 0x00, 0x00, 0x00,
    0x00, 0x00, 0x00, 0x00, 0x00, 0x00, 0x00, 0x00, 0x00, 0x00, 0x00, 0x00, 0x00, 0x00, 0x00, 0x00,
    0x00, 0x00, 0x00, 0x00, 0x00, 0x00, 0x00, 0x00, 0x00, 0x00, 0x00, 0x00, 0x00, 0x00, 0x00, 0x00,
    0x00, 0x00, 0x00, 0x00, 0x00, 0x00, 0x00, 0x00, 0x00, 0x00, 0x00, 0x00, 0x00, 0x00, 0x00, 0x00,
    0x00, 0x00, 0x00, 0x00, 0x00, 0x00, 0x00, 0x00, 0x00, 0x00, 0x00, 0x00, 0x00, 0x00, 0x00, 0x00,
    0xDF, 0x80, 0x94, 0x42, 0x21, 0x04, 0xFF, 0xA1, 0x21, 0x05, 0xFF, 0xA3, 0x21, 0x00, 0x00, 0x0F,
    0x3E, 0x50, 0x3A, 0x86, 0xFF, 0xA5, 0xC0, 0x10, 0x21, 0x01, 0xFF, 0xFF, 0x3C, 0x58, 0x06, 0x08,
    0x07, 0x07, 0x0A, 0x08, 0x07, 0x07, 0xEE, 0x05, 0xF1, 0x87, 0xF0, 0x0A, 0x21, 0x02, 0x00, 0xC1,
    0x9E, 0x08, 0x3C, 0x58, 0x06, 0x08, 0x07, 0x07, 0x0A, 0x08, 0x06, 0x06, 0xE6, 0x06, 0x0A, 0x08,
    0x01, 0x01, 0xEE, 0xF4, 0x21, 0x02, 0x00, 0x20, 0x9E, 0x08, 0x82, 0x77, 0x60, 0x7F, 0x3E, 0xF4,
    0x3E, 0x4F, 0x3E, 0x4E, 0x3E, 0x4B, 0x3E, 0x43, 0x3E, 0x4A, 0x3E, 0x42, 0xA1, 0xA3, 0x3E, 0x4B,
    0x3E, 0x43, 0x3E, 0x46, 0x21, 0x01, 0xFF, 0xFF, 0x3C, 0x58, 0x06, 0x08, 0x07, 0x07, 0x0A, 0x08,
    0x07, 0x07, 0xE6, 0x02, 0xF1, 0x87, 0xE8, 0xDA, 0x21, 0x06, 0xC0, 0x00, 0x0A, 0x0F, 0x21, 0x21,
    0xE6, 0x1B, 0x0A, 0x0F, 0x08, 0x08, 0xE6, 0x18, 0x0A, 0x0F, 0xF0, 0xF0, 0xE6, 0x15, 0x21, 0x01,
    0xFF, 0xFF, 0x3C, 0x58, 0xA6, 0x81, 0xE6, 0x03, 0xF1, 0x84, 0x5E, 0x08, 0x3E, 0x2C, 0x7D, 0x12,
    0x7D, 0x6A, 0x3A, 0x82, 0x03, 0x40, 0x7D, 0x1A, 0x21, 0x01, 0xFF, 0xFF, 0x3C, 0x58, 0xA6, 0x81,
    0xEE, 0x03, 0xF1, 0x84, 0x5E, 0x08, 0x3E, 0x2C, 0x21, 0x01, 0xFF, 0xFF, 0x3C, 0x58, 0xA6, 0x80,
    0xE6, 0x01, 0xF1, 0x84, 0x3C, 0x59, 0x06, 0x09, 0x07, 0x07, 0xBD, 0x20, 0x0A, 0x09, 0x06, 0x06,
    0x9E, 0x06, 0x21, 0x00, 0x40, 0x4F, 0x3A, 0x86, 0xFF, 0xA5, 0x3E, 0x50, 0x3C, 0x48, 0x0A, 0x09,
    0x04, 0x04, 0xEE, 0x06, 0x7D, 0x12, 0x7D, 0x6A, 0x3A, 0x40, 0x03, 0x80, 0x7D, 0x1A, 0x9E, 0x08,
    0x3C, 0x4A, 0x9E, 0x08, 0x00, 0x21, 0x22, 0x08, 0x18, 0xF0, 0xA7, 0x18, 0xA3, 0x00, 0xA7, 0xCF,
    0xA7, 0x87, 0x21, 0x02, 0xFF, 0xA3, 0x3C, 0x29, 0xA6, 0x95, 0x9E, 0x06, 0x76, 0x01, 0x3E, 0xFA,
    0xBD, 0x04, 0x20, 0x1A, 0xA9, 0x10, 0x3A, 0x12, 0x00, 0x28, 0xEC, 0xFB, 0x9E, 0x08, 0x00, 0x00,
    0x00, 0x00, 0x00, 0x00, 0x00, 0x00, 0x00, 0x00, 0x00, 0x00, 0x00, 0x00, 0x00, 0x00, 0x00, 0x00,
    0x00, 0x00, 0x00, 0x00, 0x00, 0x00, 0x00, 0x00, 0x00, 0x00, 0x00, 0x00, 0x00, 0x00, 0x00, 0x00,
    0x00, 0x00, 0x00, 0x00, 0x00, 0x00, 0x00, 0x00, 0x00, 0x00, 0x00, 0x00, 0x00, 0x00, 0x00, 0x00,
    0x00, 0x00, 0x00, 0x00, 0x00, 0x00, 0x00, 0x00, 0x00, 0x00, 0x00, 0x00, 0x00, 0x00, 0x00, 0x00,
    0x00, 0x00, 0x00, 0x00, 0x00, 0x00, 0x00, 0x00, 0x00, 0x00, 0x00, 0x00, 0x00, 0x00, 0x00, 0x00,
    0x00, 0x00, 0x00, 0x00, 0x00, 0x00, 0x00, 0x00, 0x00, 0x00, 0x00, 0x00, 0x00, 0x00, 0x00, 0x00,
    0x00, 0x00, 0x00, 0x00, 0x00, 0x00, 0x00, 0x00, 0x00, 0x00, 0x00, 0x00, 0x00, 0x00, 0x00, 0x00,
    0x00, 0x00, 0x00, 0x00, 0x00, 0x00, 0x00, 0x00, 0x00, 0x00, 0x00, 0x00, 0x00, 0x00, 0x00, 0x00,
    0x00, 0x00, 0x00, 0x00, 0x00, 0x00, 0x00, 0x00, 0x00, 0x00, 0x00, 0x00, 0x00, 0x00, 0x00, 0x00,
    0x00, 0x00, 0x00, 0x00, 0x00, 0x00, 0x00, 0x00, 0x00, 0x00, 0x00, 0x00, 0x00, 0x00, 0x00, 0x00,
    0x00, 0x00, 0x00, 0x00, 0x00, 0x00, 0x00, 0x00, 0x00, 0x00, 0x00, 0x00, 0x00, 0x00, 0x00, 0x00,
    0x00, 0x00, 0x00, 0x00, 0x00, 0x00, 0x00, 0x00, 0x00, 0x00, 0x00, 0x00, 0x00, 0x00, 0x00, 0x00,
    0x00, 0x00, 0x00, 0x00, 0x00, 0x00, 0x00, 0x00, 0x00, 0x00, 0x00, 0x00, 0x00, 0x00, 0x00, 0x00,
    0x07, 0xCE, 0xF8, 0x31, 0x63, 0xA4, 0x9C, 0x5B, 0xB3, 0x18, 0x4C, 0xE7, 0xAE, 0x40, 0x51, 0xBF,
};
// Generated from: doc/p8000/eproms/16BIT/MON16_{1H,1L,2H,2L}_3.1 — Byte-Verschränkung wie make_full.sh
// (gerade Adresse = nH = D8–15, ungerade = nL = D0–7; n = 1: 0000–1FFF, n = 2: 2000–3FFF).
// NICHT aus full/: full/MON16_3.3 ist in 2L ab 3001H falsch (MON16-Prüfsumme stimmt nur für die Einzelabzüge).
// Size: 16384 bytes
static constexpr uint8_t P8K_MON16_3_1[16384] = {
    0x00, 0x00, 0xC0, 0x00, 0x80, 0x00, 0x01, 0xD0, 0x28, 0x43, 0x29, 0x20, 0x5A, 0x46, 0x54, 0x2F,
    0x4B, 0x45, 0x41, 0x57, 0x20, 0x42, 0x65, 0x72, 0x6C, 0x69, 0x6E, 0x2C, 0x20, 0x44, 0x41, 0x54,
    0x45, 0x20, 0x31, 0x34, 0x2E, 0x30, 0x34, 0x2E, 0x31, 0x39, 0x38, 0x39, 0x00, 0x2E, 0x55, 0x38,
    0x30, 0x30, 0x30, 0x2D, 0x53, 0x6F, 0x66, 0x74, 0x77, 0x61, 0x72, 0x65, 0x6D, 0x6F, 0x6E, 0x69,
    0x74, 0x6F, 0x72, 0x20, 0x56, 0x65, 0x72, 0x73, 0x69, 0x6F, 0x6E, 0x20, 0x33, 0x2E, 0x31, 0x20,
    0x2D, 0x20, 0x50, 0x72, 0x65, 0x73, 0x73, 0x20, 0x4E, 0x4D, 0x49, 0x0D, 0x00, 0x01, 0x44, 0x00,
    0x0C, 0x6A, 0x00, 0x01, 0x43, 0x00, 0x0D, 0xB8, 0x00, 0x01, 0x46, 0x00, 0x0E, 0x16, 0x00, 0x01,
    0x4D, 0x00, 0x0E, 0x3A, 0x00, 0x02, 0x50, 0x52, 0x0E, 0x66, 0x00, 0x03, 0x50, 0x52, 0x53, 0x00,
    0x0E, 0x72, 0x00, 0x03, 0x50, 0x53, 0x52, 0x00, 0x0E, 0x72, 0x00, 0x02, 0x50, 0x57, 0x0E, 0x6C,
    0x00, 0x03, 0x50, 0x57, 0x53, 0x00, 0x0E, 0x78, 0x00, 0x03, 0x50, 0x53, 0x57, 0x00, 0x0E, 0x78,
    0x00, 0x02, 0x48, 0x52, 0x0F, 0x4C, 0x00, 0x02, 0x48, 0x57, 0x0F, 0x52, 0x00, 0x02, 0x46, 0x46,
    0x0F, 0xB2, 0x00, 0x02, 0x46, 0x52, 0x0F, 0xC0, 0x00, 0x02, 0x46, 0x57, 0x0F, 0xC6, 0x00, 0x01,
    0x52, 0x00, 0x10, 0x2C, 0x00, 0x01, 0x42, 0x00, 0x12, 0xFA, 0x00, 0x01, 0x47, 0x00, 0x13, 0x6A,
    0x00, 0x01, 0x4E, 0x00, 0x14, 0x14, 0x00, 0x01, 0x54, 0x00, 0x15, 0x9A, 0x00, 0x02, 0x47, 0x45,
    0x26, 0x44, 0x00, 0x01, 0x53, 0x00, 0x27, 0xE6, 0x00, 0x01, 0x51, 0x00, 0x2A, 0x54, 0x00, 0x04,
    0x51, 0x52, 0x45, 0x53, 0x2A, 0x68, 0x00, 0x03, 0x52, 0x47, 0x45, 0x00, 0x2B, 0x50, 0x00, 0x02,
    0x52, 0x53, 0x2C, 0xEC, 0x00, 0x02, 0x52, 0x51, 0x2F, 0x54, 0x00, 0x04, 0x4C, 0x4F, 0x41, 0x44,
    0x2F, 0xA8, 0x00, 0x04, 0x53, 0x45, 0x4E, 0x44, 0x32, 0xDA, 0x00, 0x04, 0x51, 0x55, 0x49, 0x54,
    0x2F, 0x64, 0x00, 0x01, 0x4F, 0x00, 0x35, 0x26, 0xFF, 0xFF, 0xCF, 0x60, 0x08, 0xCF, 0xFF, 0xB7,
    0xFE, 0x18, 0x14, 0x8C, 0x03, 0xC1, 0x05, 0xEA, 0x11, 0x18, 0x18, 0x14, 0x8C, 0x03, 0xC1, 0x05,
    0xEA, 0x11, 0x1C, 0x02, 0x10, 0x00, 0x08, 0x7F, 0x11, 0x13, 0x00, 0x00, 0x7F, 0x00, 0x00, 0x04,
    0x00, 0x01, 0x20, 0x00, 0x00, 0x00, 0x00, 0x00, 0x00, 0x00, 0x00, 0x00, 0x00, 0x00, 0x40, 0x00,
    0x80, 0x00, 0x04, 0xC8, 0x00, 0x00, 0x40, 0x00, 0x80, 0x00, 0x04, 0xF6, 0x00, 0x00, 0xC0, 0x00,
    0x80, 0x00, 0x05, 0x20, 0x00, 0x00, 0x40, 0x00, 0x80, 0x00, 0x05, 0xE2, 0x00, 0x00, 0x40, 0x00,
    0x80, 0x00, 0x35, 0x0A, 0x00, 0x00, 0x40, 0x00, 0x80, 0x00, 0x06, 0x74, 0x00, 0x00, 0x40, 0x00,
    0x80, 0x00, 0x06, 0xAC, 0x80, 0x00, 0x06, 0xAC, 0x80, 0x00, 0x06, 0xAC, 0x80, 0x00, 0x06, 0xAC,
    0x80, 0x00, 0x07, 0x8E, 0x80, 0x00, 0x06, 0xAC, 0x80, 0x00, 0x06, 0xAC, 0x80, 0x00, 0x06, 0xAC,
    0x80, 0x00, 0x06, 0xAC, 0x80, 0x00, 0x06, 0xAC, 0x80, 0x00, 0x07, 0x00, 0x80, 0x00, 0x07, 0x7A,
    0x80, 0x00, 0x06, 0xAC, 0x80, 0x00, 0x06, 0xAC, 0x80, 0x00, 0x30, 0xB8, 0x80, 0x00, 0x30, 0xE8,
    0x8D, 0xE8, 0x7D, 0xEC, 0x21, 0x01, 0x40, 0x00, 0x7D, 0x1A, 0x8D, 0x38, 0x3B, 0x37, 0x00, 0xF0,
    0x21, 0x04, 0x40, 0x00, 0x21, 0x02, 0x40, 0x02, 0x0D, 0x45, 0x00, 0x00, 0x21, 0x01, 0x04, 0x00,
    0xBB, 0x41, 0x01, 0x20, 0x21, 0x01, 0x9E, 0x00, 0x7D, 0x1B, 0x6F, 0x01, 0x43, 0xE4, 0x4D, 0x05,
    0x40, 0xB0, 0x20, 0x20, 0x21, 0x04, 0x40, 0xB0, 0x21, 0x02, 0x40, 0xB2, 0x21, 0x01, 0x00, 0x80,
    0xBB, 0x41, 0x01, 0x20, 0x21, 0x04, 0x01, 0x46, 0x21, 0x02, 0x43, 0xF2, 0xBD, 0x17, 0xBB, 0x41,
    0x01, 0x20, 0x21, 0x04, 0x01, 0x54, 0x21, 0x02, 0x44, 0x00, 0x21, 0x01, 0x00, 0x3E, 0xBB, 0x41,
    0x01, 0x20, 0x21, 0x06, 0x80, 0x00, 0x21, 0x07, 0x06, 0xAC, 0x21, 0x03, 0x00, 0x70, 0x21, 0x02,
    0x44, 0x7C, 0x1D, 0x26, 0xA9, 0x23, 0xF3, 0x83, 0x21, 0x0E, 0x80, 0x00, 0x21, 0x0F, 0x40, 0x20,
    0x5D, 0x0E, 0x43, 0xDA, 0x21, 0x0F, 0x40, 0xA0, 0x21, 0x01, 0x44, 0x00, 0x7D, 0x1D, 0x6F, 0x0E,
    0x43, 0xEA, 0x6F, 0x0E, 0x43, 0xDE, 0x6F, 0x01, 0x43, 0xEC, 0x4D, 0x05, 0x43, 0xE0, 0x80, 0x00,
    0x4D, 0x05, 0x43, 0xE2, 0xC0, 0x00, 0x64, 0x03, 0x43, 0xF1, 0x62, 0x04, 0x43, 0xF1, 0x7C, 0x01,
    0xC8, 0x0F, 0x3A, 0x86, 0xFF, 0x95, 0x21, 0x02, 0x01, 0x2A, 0x21, 0x00, 0x00, 0x02, 0x21, 0x01,
    0xFF, 0x97, 0x3A, 0x22, 0x00, 0x10, 0xC8, 0x4F, 0x3A, 0x86, 0xFF, 0x9D, 0x3A, 0x84, 0xFF, 0x99,
    0x21, 0x02, 0x01, 0x2D, 0x21, 0x00, 0x00, 0x02, 0x21, 0x01, 0xFF, 0x9F, 0x3A, 0x22, 0x00, 0x10,
    0x21, 0x02, 0xFF, 0xFF, 0x3A, 0x94, 0xFF, 0x93, 0xA6, 0x95, 0xE6, 0x02, 0xF2, 0x85, 0xE8, 0x63,
    0x3A, 0x84, 0xFF, 0x9B, 0x06, 0x08, 0x7F, 0x7F, 0x3A, 0x04, 0xFF, 0x99, 0x21, 0x02, 0xFF, 0xFF,
    0x3A, 0x94, 0xFF, 0x93, 0xA6, 0x96, 0xE6, 0x02, 0xF2, 0x85, 0xE8, 0x55, 0x3A, 0x86, 0xFF, 0x93,
    0x3A, 0x06, 0xFF, 0x91, 0x0A, 0x08, 0x2A, 0x2A, 0xEE, 0x4E, 0x0A, 0x00, 0xAA, 0xAA, 0xEE, 0x4B,
    0x21, 0x02, 0xFF, 0xFF, 0x3A, 0x94, 0xFF, 0x93, 0xA6, 0x95, 0xE6, 0x02, 0xF2, 0x85, 0xE8, 0x43,
    0x3A, 0x84, 0xFF, 0x9B, 0x06, 0x08, 0x7F, 0x7F, 0x3A, 0x04, 0xFF, 0x99, 0x21, 0x02, 0xFF, 0xFF,
    0x3A, 0x94, 0xFF, 0x93, 0xA6, 0x96, 0xE6, 0x02, 0xF2, 0x85, 0xE8, 0x35, 0x3A, 0x86, 0xFF, 0x93,
    0x3A, 0x06, 0xFF, 0x91, 0x0A, 0x08, 0x55, 0x55, 0xEE, 0x2E, 0x0A, 0x00, 0x55, 0x55, 0xEE, 0x2B,
    0x21, 0x02, 0xFF, 0xFF, 0x3A, 0x94, 0xFF, 0x93, 0xA6, 0x95, 0xE6, 0x02, 0xF2, 0x85, 0xE8, 0x23,
    0x3A, 0x84, 0xFF, 0x9B, 0x06, 0x08, 0x7F, 0x7F, 0x3A, 0x04, 0xFF, 0x99, 0x0A, 0x08, 0x00, 0x00,
    0xEE, 0x1A, 0x0A, 0x00, 0x01, 0x01, 0xE6, 0x03, 0x0A, 0x00, 0x02, 0x02, 0xEE, 0x14, 0x6E, 0x00,
    0x40, 0xAC, 0xC8, 0x08, 0x6F, 0x00, 0x40, 0xAA, 0xC8, 0x18, 0x3A, 0x86, 0xFF, 0x87, 0x21, 0x02,
    0x01, 0x2C, 0x21, 0x00, 0x00, 0x05, 0x21, 0x01, 0xFF, 0x9F, 0x3A, 0x22, 0x00, 0x10, 0xC8, 0x00,
    0x3A, 0x86, 0xFF, 0xE1, 0xE8, 0x0B, 0xC0, 0x00, 0x6E, 0x00, 0x40, 0xAC, 0xC8, 0x04, 0x6F, 0x00,
    0x40, 0xAA, 0xC8, 0x07, 0x3A, 0x86, 0xFF, 0x9F, 0xDF, 0xAA, 0xDF, 0x8B, 0xDF, 0xB5, 0xDF, 0xA4,
    0x7C, 0x05, 0x5F, 0x00, 0x0A, 0x2A, 0x21, 0x02, 0x00, 0x2C, 0x5F, 0x00, 0x0A, 0x4A, 0x7C, 0x05,
    0x21, 0x0F, 0x40, 0xA0, 0x0D, 0xF9, 0x03, 0xAE, 0x60, 0x09, 0x43, 0xF0, 0x07, 0x01, 0x00, 0x06,
    0x6E, 0x09, 0x43, 0xF0, 0x60, 0x08, 0x43, 0xFE, 0x5F, 0x00, 0x08, 0x90, 0x5F, 0x00, 0x09, 0xFE,
    0xEE, 0x08, 0x66, 0x02, 0x43, 0xF1, 0xE6, 0x05, 0xC8, 0x4E, 0x61, 0x01, 0x43, 0x9C, 0x6E, 0x18,
    0x40, 0xB0, 0x62, 0x02, 0x43, 0xF1, 0x61, 0x0B, 0x43, 0x9C, 0x21, 0x08, 0x00, 0x00, 0x5F, 0x00,
    0x0B, 0x22, 0xE6, 0x05, 0x0A, 0x08, 0x20, 0x20, 0xE6, 0x02, 0xA9, 0x80, 0xE8, 0xF8, 0x21, 0x0A,
    0x00, 0x5C, 0x6F, 0x0B, 0x43, 0x9C, 0x21, 0xA9, 0x0B, 0x09, 0xFF, 0xFF, 0xE6, 0x53, 0xA9, 0xA1,
    0x8B, 0x89, 0xE6, 0x05, 0x81, 0x9A, 0xA9, 0xA2, 0x07, 0x0A, 0xFF, 0xFE, 0xE8, 0xF2, 0x5F, 0x00,
    0x0B, 0x22, 0x0A, 0xA8, 0xEE, 0xF7, 0xA9, 0xA0, 0xF9, 0x86, 0xA9, 0xA0, 0x07, 0x0A, 0xFF, 0xFE,
    0x21, 0xA2, 0x1E, 0x28, 0x93, 0xF0, 0xC0, 0x57, 0xC8, 0x02, 0x3A, 0x06, 0xFF, 0xA9, 0x3A, 0x86,
    0xFF, 0xA9, 0x97, 0xF0, 0x9E, 0x08, 0x93, 0xF0, 0xC0, 0x57, 0xC8, 0x02, 0x3A, 0x06, 0xFF, 0xAB,
    0x3A, 0x86, 0xFF, 0xAB, 0x97, 0xF0, 0x9E, 0x08, 0x93, 0xF0, 0x93, 0xF1, 0x93, 0xF2, 0x21, 0x02,
    0x01, 0x31, 0x21, 0x00, 0x00, 0x09, 0x21, 0x01, 0xFF, 0x85, 0x3A, 0x22, 0x00, 0x10, 0x21, 0x02,
    0x01, 0x43, 0x21, 0x00, 0x00, 0x02, 0x21, 0x01, 0xFF, 0x87, 0x3A, 0x22, 0x00, 0x10, 0x97, 0xF2,
    0x97, 0xF1, 0x97, 0xF0, 0x9E, 0x08, 0x93, 0xF0, 0x93, 0xF1, 0x93, 0xF2, 0x21, 0x02, 0x01, 0x3A,
    0x21, 0x00, 0x00, 0x09, 0x21, 0x01, 0xFF, 0x87, 0x3A, 0x22, 0x00, 0x10, 0x21, 0x02, 0x01, 0x43,
    0x21, 0x00, 0x00, 0x02, 0x21, 0x01, 0xFF, 0x87, 0x3A, 0x22, 0x00, 0x10, 0x97, 0xF2, 0x97, 0xF1,
    0x97, 0xF0, 0x9E, 0x08, 0xC8, 0x3F, 0x5F, 0x00, 0x08, 0x90, 0x4D, 0x05, 0x43, 0x9E, 0x00, 0x00,
    0x21, 0x0F, 0x40, 0xA0, 0x5E, 0x08, 0x03, 0xAE, 0x21, 0x02, 0x04, 0xD0, 0x5E, 0x08, 0x05, 0xE6,
    0x00, 0x24, 0x55, 0x4E, 0x49, 0x4D, 0x50, 0x4C, 0x45, 0x4D, 0x45, 0x4E, 0x54, 0x45, 0x44, 0x20,
    0x49, 0x4E, 0x53, 0x54, 0x52, 0x55, 0x43, 0x54, 0x49, 0x4F, 0x4E, 0x20, 0x54, 0x52, 0x41, 0x50,
    0x20, 0x20, 0x49, 0x44, 0x3D, 0x20, 0x21, 0x02, 0x04, 0xFC, 0xE8, 0x75, 0x00, 0x21, 0x50, 0x52,
    0x49, 0x56, 0x49, 0x4C, 0x45, 0x47, 0x45, 0x44, 0x20, 0x49, 0x4E, 0x53, 0x54, 0x52, 0x55, 0x43,
    0x54, 0x49, 0x4F, 0x4E, 0x20, 0x54, 0x52, 0x41, 0x50, 0x20, 0x20, 0x49, 0x44, 0x3D, 0x20, 0x00,
    0x93, 0xE0, 0x7D, 0x02, 0xA3, 0x0F, 0x7D, 0x0A, 0x4C, 0xF1, 0x00, 0x03, 0x01, 0x01, 0xEE, 0x03,
    0x65, 0xFF, 0x00, 0x04, 0xE8, 0x39, 0x4C, 0xF1, 0x00, 0x03, 0x02, 0x02, 0xEE, 0x03, 0x63, 0xFF,
    0x00, 0x04, 0xE8, 0x32, 0x97, 0xF0, 0x4C, 0xF4, 0x00, 0x01, 0xEE, 0x22, 0x6F, 0x00, 0x43, 0xBE,
    0x5D, 0x0E, 0x43, 0xDA, 0x21, 0x0F, 0x40, 0xA0, 0x5F, 0x00, 0x12, 0x46, 0x69, 0x07, 0x43, 0xDC,
    0x6B, 0x01, 0x43, 0xE0, 0x6B, 0x00, 0x43, 0xFC, 0x5E, 0x0E, 0x13, 0x90, 0x4D, 0x05, 0x43, 0xFC,
    0x00, 0x01, 0x5F, 0x00, 0x14, 0x8C, 0x7C, 0x05, 0x21, 0x02, 0x05, 0xB2, 0x5F, 0x00, 0x0A, 0x4A,
    0x61, 0x05, 0x43, 0xE0, 0x5F, 0x00, 0x0A, 0xDC, 0x5F, 0x00, 0x0A, 0x64, 0x5E, 0x08, 0x03, 0xAE,
    0x93, 0xF0, 0x60, 0xF0, 0x00, 0x03, 0xA0, 0x0B, 0x8C, 0x38, 0x03, 0x03, 0x00, 0x04, 0x61, 0x33,
    0x05, 0xBE, 0x7C, 0x05, 0x1F, 0x30, 0xA1, 0x03, 0x7D, 0x02, 0xA5, 0x0F, 0x7D, 0x0A, 0x97, 0xE0,
    0x7B, 0x00, 0x00, 0x09, 0x42, 0x52, 0x45, 0x41, 0x4B, 0x20, 0x41, 0x54, 0x20, 0x20, 0x08, 0x6A,
    0x08, 0x90, 0x09, 0x9C, 0x0A, 0x2A, 0x0A, 0x4A, 0x0A, 0xDC, 0x0A, 0x64, 0x0A, 0xE4, 0x0C, 0x58,
    0x0C, 0x22, 0x32, 0x66, 0x31, 0x0A, 0x03, 0xAE, 0x3E, 0x00, 0x08, 0xD2, 0x09, 0x10, 0x2A, 0x7C,
    0x0A, 0x76, 0x21, 0x02, 0x05, 0xF8, 0x21, 0xF5, 0x5F, 0x00, 0x0A, 0x4A, 0x5F, 0x00, 0x0A, 0xDC,
    0x5F, 0x00, 0x0A, 0x64, 0x5E, 0x08, 0x03, 0xAE, 0x00, 0x0D, 0x4D, 0x4D, 0x55, 0x20, 0x54, 0x52,
    0x41, 0x50, 0x20, 0x49, 0x44, 0x3D, 0x20, 0x00, 0x93, 0xF0, 0xA9, 0xF1, 0x21, 0xF0, 0xAB, 0xF1,
    0xA6, 0x80, 0xEE, 0x02, 0xA6, 0x82, 0xEE, 0x1C, 0x97, 0xF0, 0x66, 0x00, 0x43, 0xF0, 0xEE, 0x0B,
    0x5D, 0x0E, 0x43, 0xDA, 0x21, 0x0F, 0x40, 0xA0, 0x6F, 0x00, 0x43, 0xBE, 0x5F, 0x00, 0x12, 0x46,
    0x69, 0x07, 0x43, 0xDC, 0xE8, 0x04, 0x62, 0x00, 0x43, 0xF0, 0x21, 0x0F, 0x40, 0xA0, 0x7C, 0x05,
    0x5F, 0x00, 0x0A, 0x2A, 0x21, 0x02, 0x06, 0x6C, 0x5F, 0x00, 0x0A, 0x4A, 0x5E, 0x08, 0x03, 0xAE,
    0x3A, 0x84, 0xFF, 0xC1, 0xA0, 0x80, 0xA2, 0x83, 0x3A, 0x86, 0xFF, 0xC1, 0x3A, 0x06, 0xFF, 0xC1,
    0x4D, 0x05, 0x46, 0x82, 0xFF, 0xFF, 0x97, 0xF0, 0x7F, 0x01, 0x7B, 0x00, 0x00, 0x05, 0x4E, 0x4D,
    0x49, 0x20, 0x0D, 0x00, 0x21, 0x02, 0x06, 0x7A, 0xE8, 0xB6, 0x00, 0x2F, 0x55, 0x4E, 0x49, 0x4E,
    0x49, 0x54, 0x49, 0x41, 0x4C, 0x49, 0x5A, 0x45, 0x44, 0x20, 0x4E, 0x4F, 0x4E, 0x56, 0x45, 0x43,
    0x54, 0x4F, 0x52, 0x45, 0x44, 0x20, 0x49, 0x4E, 0x54, 0x45, 0x52, 0x52, 0x55, 0x50, 0x54, 0x20,
    0x45, 0x4E, 0x54, 0x52, 0x59, 0x20, 0x20, 0x49, 0x44, 0x3D, 0x20, 0x00, 0x21, 0x02, 0x06, 0xB2,
    0xE8, 0x9A, 0x00, 0x2C, 0x55, 0x4E, 0x49, 0x4E, 0x49, 0x54, 0x49, 0x41, 0x4C, 0x49, 0x5A, 0x45,
    0x44, 0x20, 0x56, 0x45, 0x43, 0x54, 0x4F, 0x52, 0x45, 0x44, 0x20, 0x49, 0x4E, 0x54, 0x45, 0x52,
    0x52, 0x55, 0x50, 0x54, 0x20, 0x45, 0x4E, 0x54, 0x52, 0x59, 0x20, 0x20, 0x49, 0x44, 0x3D, 0x20,
    0x00, 0x00, 0x00, 0x00, 0x00, 0x00, 0x00, 0x00, 0x00, 0x00, 0x00, 0x00, 0x00, 0x00, 0x00, 0x00,
    0x00, 0x00, 0x00, 0x00, 0x00, 0x00, 0x00, 0x00, 0x00, 0x00, 0x00, 0x00, 0x00, 0x00, 0x00, 0x00,
    0x93, 0xF0, 0x93, 0xF1, 0x93, 0xF2, 0x4D, 0x01, 0x44, 0x2E, 0x35, 0x0A, 0xEE, 0x06, 0x4D, 0x05,
    0x43, 0xFE, 0x2A, 0x20, 0x4D, 0x05, 0x44, 0x2E, 0x06, 0x08, 0x3A, 0x94, 0xFF, 0x83, 0x66, 0x00,
    0x43, 0xF0, 0xEE, 0x19, 0xA2, 0x97, 0x4A, 0x09, 0x43, 0xF4, 0xEE, 0x03, 0x62, 0x02, 0x43, 0xF0,
    0xE8, 0x1B, 0x4A, 0x09, 0x43, 0xF5, 0xEE, 0x03, 0x64, 0x02, 0x43, 0xF0, 0xE8, 0x15, 0x0A, 0x09,
    0x1B, 0x1B, 0xEE, 0x09, 0x66, 0x03, 0x43, 0xF0, 0xEE, 0x03, 0x66, 0x04, 0x43, 0xF0, 0xE6, 0x03,
    0x64, 0x05, 0x43, 0xF0, 0xE8, 0x09, 0x61, 0x00, 0x43, 0xA2, 0xDF, 0x80, 0x6F, 0x00, 0x43, 0xA2,
    0x6E, 0x29, 0x41, 0xB0, 0x68, 0x00, 0x43, 0xA0, 0xC9, 0x38, 0x3A, 0x96, 0xFF, 0x85, 0x97, 0xF2,
    0x97, 0xF1, 0x97, 0xF0, 0x7F, 0x01, 0x8D, 0x07, 0x7B, 0x00, 0x93, 0xF1, 0xC9, 0x30, 0x3A, 0x96,
    0xFF, 0x87, 0xC9, 0x38, 0x3A, 0x96, 0xFF, 0x85, 0x97, 0xF1, 0x7F, 0x01, 0x7B, 0x00, 0x93, 0xF0,
    0x93, 0xF1, 0x93, 0xF2, 0x3A, 0x94, 0xFF, 0x93, 0xA6, 0x95, 0xEE, 0xFC, 0x3A, 0x14, 0xFF, 0x9B,
    0x06, 0x01, 0x7E, 0x7E, 0x3A, 0x94, 0xFF, 0x99, 0x0A, 0x01, 0x04, 0x04, 0xE6, 0x11, 0x0A, 0x01,
    0x24, 0x24, 0xEE, 0x04, 0x4C, 0x05, 0x40, 0xAD, 0x00, 0x00, 0xE8, 0x44, 0x0A, 0x01, 0x44, 0x44,
    0xE6, 0x41, 0x0A, 0x01, 0x64, 0x64, 0xE6, 0x3E, 0x0A, 0x01, 0x10, 0x10, 0xE6, 0x31, 0xE8, 0x3A,
    0x4D, 0x01, 0x44, 0x2E, 0x35, 0x0A, 0xEE, 0x06, 0x4D, 0x05, 0x43, 0xFE, 0x2A, 0x20, 0x4D, 0x05,
    0x44, 0x2E, 0x06, 0x08, 0x66, 0x00, 0x43, 0xF0, 0xEE, 0x19, 0xA2, 0x97, 0x4A, 0x09, 0x43, 0xF4,
    0xEE, 0x03, 0x62, 0x02, 0x43, 0xF0, 0xE8, 0x26, 0x4A, 0x09, 0x43, 0xF5, 0xEE, 0x03, 0x64, 0x02,
    0x43, 0xF0, 0xE8, 0x20, 0x0A, 0x09, 0x1B, 0x1B, 0xEE, 0x09, 0x66, 0x03, 0x43, 0xF0, 0xEE, 0x03,
    0x66, 0x04, 0x43, 0xF0, 0xE6, 0x03, 0x64, 0x05, 0x43, 0xF0, 0xE8, 0x14, 0x61, 0x00, 0x43, 0xA2,
    0xDF, 0xE3, 0x6F, 0x00, 0x43, 0xA2, 0x6E, 0x29, 0x41, 0xB0, 0x68, 0x00, 0x43, 0xA0, 0xE8, 0x0A,
    0x61, 0x00, 0x46, 0xFC, 0xDF, 0xED, 0x6F, 0x00, 0x46, 0xFC, 0x6E, 0x29, 0x47, 0x00, 0x68, 0x00,
    0x46, 0xFA, 0xE8, 0x00, 0xC9, 0xED, 0x3A, 0x96, 0xFF, 0xE1, 0xC9, 0x4D, 0x3A, 0x96, 0xFF, 0xE1,
    0x97, 0xF2, 0x97, 0xF1, 0x97, 0xF0, 0x7F, 0x01, 0x8D, 0x07, 0x7B, 0x00, 0xA1, 0x02, 0xA9, 0x00,
    0x0B, 0x00, 0x01, 0x00, 0x9E, 0x07, 0x8D, 0x08, 0x9E, 0x08, 0x3A, 0x86, 0xFF, 0xB9, 0x4C, 0x04,
    0x43, 0xA0, 0xE6, 0xFD, 0x93, 0xF2, 0x61, 0x00, 0x43, 0xA4, 0xD0, 0x10, 0x6F, 0x00, 0x43, 0xA4,
    0x60, 0x28, 0x41, 0xB0, 0x6A, 0x00, 0x43, 0xA0, 0x97, 0xF2, 0x3A, 0x86, 0xFF, 0xD9, 0x9E, 0x08,
    0x93, 0xF0, 0x4C, 0x04, 0x40, 0xAC, 0xEE, 0x0A, 0x66, 0x02, 0x43, 0xF0, 0xEE, 0xFD, 0x3A, 0x04,
    0xFF, 0x87, 0xA6, 0x02, 0xE6, 0xF9, 0x3A, 0x86, 0xFF, 0x83, 0xE8, 0x0F, 0x66, 0x02, 0x43, 0xF0,
    0xEE, 0xFD, 0xC8, 0x27, 0xDF, 0xA2, 0xA6, 0x02, 0xE6, 0xF9, 0x4C, 0x05, 0x40, 0xAD, 0xFF, 0xFF,
    0x97, 0xF0, 0x93, 0xF0, 0xA0, 0x80, 0xC8, 0x26, 0xDF, 0xB8, 0x97, 0xF0, 0x0A, 0x08, 0x0D, 0x0D,
    0x9E, 0x08, 0x4C, 0x04, 0x46, 0xFA, 0xE6, 0xFD, 0x93, 0xF2, 0x61, 0x00, 0x46, 0xFE, 0xD0, 0x42,
    0x6F, 0x00, 0x46, 0xFE, 0x60, 0x28, 0x47, 0x00, 0x6A, 0x00, 0x46, 0xFA, 0x97, 0xF2, 0x9E, 0x08,
    0x7C, 0x01, 0x3A, 0x04, 0xFF, 0x93, 0xA6, 0x05, 0xEE, 0xFB, 0x3A, 0x04, 0xFF, 0x9B, 0x06, 0x00,
    0x7E, 0x7E, 0x0A, 0x00, 0x10, 0x10, 0xEE, 0xF4, 0x3A, 0x84, 0xFF, 0x99, 0x7C, 0x05, 0x9E, 0x08,
    0x7C, 0x01, 0xC0, 0x10, 0xDF, 0xF9, 0x7C, 0x05, 0x9E, 0x08, 0x7C, 0x01, 0xC0, 0x10, 0xDF, 0xEF,
    0x7C, 0x05, 0x9E, 0x08, 0x93, 0xF0, 0x3A, 0x04, 0xFF, 0x93, 0xA6, 0x06, 0xEE, 0xFC, 0x3A, 0x86,
    0xFF, 0x91, 0x97, 0xF0, 0xA2, 0x00, 0x3A, 0x06, 0xFF, 0x93, 0xA4, 0x00, 0x3A, 0x06, 0xFF, 0x93,
    0x9E, 0x08, 0x93, 0xF0, 0x3A, 0x04, 0xFF, 0x93, 0xA6, 0x06, 0xEE, 0xFC, 0x97, 0xF0, 0xA2, 0x00,
    0x3A, 0x06, 0xFF, 0x93, 0x3A, 0x86, 0xFF, 0x91, 0x9E, 0x08, 0x7C, 0x01, 0x93, 0xF0, 0xC0, 0x04,
    0xD0, 0x1F, 0x97, 0xF0, 0x93, 0xF0, 0xA0, 0x08, 0xC0, 0x00, 0xD0, 0x15, 0x97, 0xF0, 0x7C, 0x05,
    0x9E, 0x08, 0x7C, 0x01, 0xC0, 0x02, 0xD0, 0x2A, 0x3A, 0x04, 0xFF, 0x93, 0xA6, 0x05, 0xEE, 0xFC,
    0x3A, 0x04, 0xFF, 0x9B, 0x06, 0x00, 0x7E, 0x7E, 0x0A, 0x00, 0x00, 0x00, 0xEE, 0xF5, 0x3A, 0x04,
    0xFF, 0x99, 0x7C, 0x05, 0x9E, 0x08, 0xD0, 0x97, 0xD0, 0x85, 0x9E, 0x08, 0x6F, 0x01, 0x43, 0x9A,
    0x8D, 0x18, 0xD0, 0x07, 0x66, 0x03, 0x43, 0xF1, 0xEE, 0x07, 0x0A, 0x08, 0x61, 0x61, 0xE7, 0x04,
    0x0A, 0x08, 0x7B, 0x7B, 0xEF, 0x01, 0xA2, 0x85, 0x72, 0x28, 0x01, 0x00, 0x4A, 0x08, 0x43, 0xF2,
    0xE6, 0x0C, 0x4A, 0x08, 0x43, 0xF3, 0xE6, 0x0F, 0x0A, 0x08, 0x0D, 0x0D, 0xE6, 0x12, 0xA9, 0x10,
    0x4B, 0x01, 0x43, 0x9A, 0xE7, 0xE6, 0x8D, 0x41, 0x9E, 0x08, 0xDF, 0xDF, 0xED, 0xE2, 0x60, 0x08,
    0x43, 0xFE, 0xD0, 0xAA, 0xE8, 0xDD, 0x8D, 0x14, 0xE6, 0xDC, 0xC8, 0x08, 0xD0, 0xAF, 0xDF, 0xE9,
    0xE8, 0xFA, 0xC8, 0x0A, 0xD0, 0xB3, 0x74, 0x22, 0x01, 0x00, 0x8D, 0x43, 0x9E, 0x08, 0x21, 0x02,
    0x40, 0xB0, 0x21, 0x01, 0x00, 0x80, 0x4D, 0x05, 0x43, 0x9C, 0x00, 0x00, 0xD0, 0x39, 0x5E, 0x06,
    0x04, 0xB4, 0xDF, 0x67, 0x6B, 0x00, 0x43, 0x9C, 0x0A, 0x08, 0x0D, 0x0D, 0x9E, 0x08, 0xC8, 0x20,
    0xD0, 0xC9, 0xC8, 0x08, 0xD0, 0xCB, 0xAB, 0x10, 0x9E, 0x08, 0xC8, 0x0D, 0xD0, 0xCF, 0xC8, 0x0A,
    0xD0, 0xD1, 0xDF, 0xFF, 0x9E, 0x08, 0x4D, 0x04, 0x43, 0xF6, 0x9E, 0x06, 0x61, 0x01, 0x43, 0xF6,
    0x8D, 0x08, 0xD0, 0xDA, 0xAB, 0x10, 0xEE, 0xFD, 0x9E, 0x08, 0x21, 0x20, 0x0B, 0x00, 0x00, 0x00,
    0x9E, 0x06, 0x6F, 0x00, 0x43, 0x9E, 0xA9, 0x21, 0x21, 0x04, 0x41, 0x30, 0xBA, 0x21, 0x00, 0x40,
    0xDF, 0xF6, 0x9E, 0x08, 0x61, 0x03, 0x43, 0x9E, 0x4C, 0x35, 0x41, 0x30, 0x0D, 0x0D, 0x69, 0x00,
    0x43, 0x9E, 0xDF, 0xFF, 0x9E, 0x08, 0x8D, 0x38, 0x60, 0x38, 0x41, 0x30, 0xA9, 0x30, 0xD0, 0xF8,
    0xE6, 0x04, 0x4B, 0x03, 0x43, 0x9E, 0xE7, 0xF8, 0xE8, 0x06, 0xC8, 0x0A, 0xD0, 0xFF, 0xD0, 0x2D,
    0x66, 0x04, 0x43, 0xF1, 0xEE, 0xF1, 0x4D, 0x05, 0x43, 0x9E, 0x00, 0x00, 0x21, 0x00, 0x00, 0x40,
    0x4D, 0x05, 0x41, 0x30, 0x20, 0x20, 0x21, 0x02, 0x41, 0x30, 0x21, 0x04, 0x41, 0x32, 0xBB, 0x21,
    0x00, 0x40, 0x9E, 0x08, 0x0A, 0x08, 0x30, 0x30, 0x9E, 0x07, 0x0A, 0x08, 0x3A, 0x3A, 0xE7, 0x08,
    0x0A, 0x08, 0x41, 0x41, 0x9E, 0x07, 0x0A, 0x08, 0x47, 0x47, 0xEF, 0x06, 0x02, 0x08, 0x07, 0x07,
    0x06, 0x08, 0x0F, 0x0F, 0x8D, 0x83, 0x9E, 0x08, 0x8D, 0x81, 0x9E, 0x08, 0xA0, 0x50, 0xDF, 0xFD,
    0xDF, 0xFF, 0x9E, 0x08, 0xA0, 0xD0, 0xBE, 0x08, 0xDF, 0xFD, 0xBE, 0x08, 0xDF, 0xFF, 0x9E, 0x08,
    0x93, 0xF1, 0x06, 0x08, 0x0F, 0x0F, 0x60, 0x09, 0x40, 0xAF, 0x80, 0x89, 0x6E, 0x09, 0x40, 0xAF,
    0x0A, 0x08, 0x0A, 0x0A, 0xE7, 0x02, 0x00, 0x08, 0x07, 0x07, 0x00, 0x08, 0x30, 0x30, 0x93, 0xF6,
    0x61, 0x06, 0x43, 0x9E, 0x6E, 0x68, 0x41, 0x30, 0x69, 0x00, 0x43, 0x9E, 0x97, 0xF6, 0x97, 0xF1,
    0x9E, 0x08, 0x93, 0xF2, 0x61, 0x02, 0x43, 0x9C, 0x60, 0x28, 0x40, 0xB0, 0x69, 0x00, 0x43, 0x9C,
    0x0A, 0x08, 0x0D, 0x0D, 0x97, 0xF2, 0x9E, 0x08, 0xD0, 0x0C, 0x9E, 0x06, 0x0A, 0x08, 0x20, 0x20,
    0xEE, 0xFB, 0xDF, 0xFF, 0x9E, 0x08, 0xD0, 0x13, 0x9E, 0x06, 0x0A, 0x08, 0x20, 0x20, 0xE6, 0xFB,
    0x9E, 0x08, 0x61, 0x02, 0x43, 0xDE, 0xA5, 0x2F, 0x62, 0x00, 0x43, 0xF1, 0x0A, 0x08, 0x0D, 0x0D,
    0x9E, 0x06, 0x0A, 0x08, 0x3C, 0x3C, 0x9E, 0x0E, 0x8D, 0x38, 0xD0, 0x25, 0x5E, 0x06, 0x04, 0xB4,
    0xD0, 0x5F, 0xE7, 0x02, 0xBE, 0xB8, 0xE8, 0xF9, 0x0A, 0x08, 0x3E, 0x3E, 0x5E, 0x0E, 0x04, 0xB4,
    0xD0, 0x1E, 0xA0, 0xB2, 0x8C, 0xA8, 0xA5, 0x2F, 0x64, 0x00, 0x43, 0xF1, 0x9E, 0x08, 0x8D, 0x38,
    0x0A, 0x08, 0x0D, 0x0D, 0x8D, 0x81, 0x9E, 0x06, 0xD0, 0x73, 0x5E, 0x07, 0x04, 0xB4, 0xBE, 0xB8,
    0xBE, 0x38, 0xD0, 0x41, 0x9E, 0x06, 0x0A, 0x08, 0x20, 0x20, 0xEE, 0xF6, 0xD0, 0x34, 0x8D, 0x83,
    0x9E, 0x08, 0xD0, 0x31, 0xD0, 0x14, 0x9E, 0x08, 0xD0, 0x41, 0xD0, 0x05, 0xE6, 0x06, 0x94, 0x26,
    0xD0, 0x08, 0xE6, 0x03, 0x94, 0x24, 0xD0, 0x1D, 0x9E, 0x0F, 0x8D, 0x81, 0x9E, 0x08, 0xC8, 0x3A,
    0xD1, 0xA1, 0xD0, 0xEB, 0xDF, 0xFF, 0x9E, 0x08, 0x8D, 0x28, 0x8D, 0x38, 0xD0, 0x4C, 0x9E, 0x06,
    0x0A, 0x08, 0x51, 0x51, 0xE6, 0x03, 0x0A, 0x08, 0x2D, 0x2D, 0xEE, 0x02, 0x8D, 0x81, 0x9E, 0x08,
    0xD0, 0x9F, 0x5E, 0x07, 0x04, 0xB4, 0xBE, 0xB8, 0xBE, 0x38, 0xBE, 0xA8, 0xBE, 0x28, 0xD0, 0x6F,
    0xEE, 0x02, 0x8D, 0x11, 0xE8, 0x04, 0x0A, 0x08, 0x20, 0x20, 0xEE, 0xF2, 0x8D, 0x83, 0x8D, 0x43,
    0x9E, 0x08, 0xD0, 0x9C, 0x69, 0x00, 0x43, 0x9E, 0xDF, 0xFF, 0x9E, 0x08, 0xD0, 0xD4, 0xD0, 0x29,
    0x9E, 0x08, 0x61, 0x02, 0x43, 0x9E, 0x6E, 0x29, 0x41, 0x30, 0x69, 0x00, 0x43, 0x9E, 0x9E, 0x08,
    0x21, 0x01, 0x3C, 0x20, 0xDF, 0xFF, 0x9E, 0x08, 0xDF, 0xFD, 0x6B, 0x00, 0x43, 0x9E, 0x9E, 0x08,
    0x93, 0xF4, 0x61, 0x04, 0x43, 0x9E, 0x6E, 0x41, 0x41, 0x30, 0xA9, 0x40, 0x6E, 0x49, 0x41, 0x30,
    0x69, 0x01, 0x43, 0x9E, 0x97, 0xF4, 0x9E, 0x08, 0xD0, 0x15, 0xDF, 0xFF, 0x9E, 0x08, 0xA2, 0xD7,
    0xD0, 0xBF, 0x21, 0x01, 0x3E, 0x20, 0xD0, 0x18, 0x9E, 0x08, 0x62, 0x01, 0x43, 0xF1, 0x5F, 0x00,
    0x0B, 0x38, 0x21, 0x07, 0x02, 0x02, 0x61, 0x0A, 0x43, 0xDE, 0xEE, 0x02, 0xA1, 0x31, 0xE8, 0x55,
    0x5F, 0x00, 0x0B, 0xB2, 0xEE, 0x02, 0x64, 0x01, 0x43, 0xF1, 0x94, 0x2A, 0x66, 0x01, 0x43, 0xF1,
    0xEE, 0x48, 0xDF, 0x83, 0xE6, 0x46, 0x5F, 0x00, 0x0B, 0x8E, 0xA1, 0x3D, 0xE6, 0x02, 0xDF, 0x89,
    0xEE, 0x74, 0x8D, 0xD4, 0xE6, 0x72, 0x21, 0x06, 0x00, 0x10, 0x5F, 0x00, 0x0C, 0x30, 0xA1, 0xA5,
    0xA0, 0x5D, 0x5F, 0x00, 0x0C, 0x5E, 0xA1, 0xB5, 0x5F, 0x00, 0x0A, 0xDC, 0x69, 0x00, 0x43, 0x9E,
    0x21, 0x08, 0x00, 0x3A, 0x4C, 0x85, 0x41, 0x30, 0x2A, 0x2A, 0xA9, 0x80, 0x7F, 0x01, 0x20, 0xAD,
    0x7F, 0x02, 0x6E, 0x8D, 0x41, 0x30, 0x0A, 0x0D, 0x20, 0x20, 0xE7, 0x03, 0x0A, 0x0D, 0x7F, 0x7F,
    0xE7, 0x03, 0x4C, 0x85, 0x41, 0x30, 0x2E, 0x2E, 0xA9, 0x80, 0x4C, 0x85, 0x41, 0x30, 0x2A, 0x2A,
    0x5F, 0x00, 0x0A, 0xE4, 0xA9, 0xB0, 0xAB, 0x60, 0xEE, 0x09, 0xA9, 0x80, 0x6F, 0x08, 0x43, 0x9E,
    0x5F, 0x00, 0x0A, 0x64, 0xA0, 0x7F, 0xAB, 0xD0, 0xEE, 0xCE, 0x9E, 0x08, 0xFF, 0x21, 0x69, 0x00,
    0x43, 0x9E, 0xA0, 0x7F, 0xAB, 0xD0, 0xEE, 0xDA, 0xA9, 0x80, 0x6F, 0x08, 0x43, 0x9E, 0x5E, 0x08,
    0x0A, 0x64, 0x0A, 0x0F, 0x01, 0x01, 0xE6, 0x01, 0xA3, 0xB0, 0x94, 0xA8, 0x5F, 0x00, 0x0C, 0x30,
    0xA1, 0xA5, 0xA0, 0x5D, 0x5F, 0x00, 0x0C, 0x5E, 0xA1, 0xB5, 0x5F, 0x00, 0x0A, 0xDC, 0x69, 0x00,
    0x43, 0x9E, 0x7F, 0x01, 0x20, 0xAD, 0x7F, 0x02, 0x5F, 0x00, 0x0A, 0xE4, 0xA9, 0xB0, 0xFF, 0x07,
    0x69, 0x00, 0x43, 0x9E, 0xA0, 0x7F, 0x5F, 0x00, 0x0C, 0x1C, 0xEF, 0x09, 0x0A, 0x08, 0x51, 0x51,
    0x9E, 0x06, 0x93, 0xF7, 0x8C, 0x78, 0x83, 0x7B, 0x83, 0x7B, 0x97, 0xF7, 0xE8, 0xDE, 0xE6, 0xDD,
    0xAA, 0xF0, 0x7F, 0x01, 0xEE, 0x02, 0x2E, 0x8B, 0xE8, 0x05, 0xAA, 0xF0, 0xEE, 0x02, 0x2F, 0x83,
    0xE8, 0x01, 0x1D, 0x82, 0x7F, 0x02, 0xA0, 0x7F, 0xE8, 0xD0, 0x5E, 0x08, 0x04, 0xB4, 0x21, 0x07,
    0x02, 0x02, 0x0A, 0x08, 0x0D, 0x0D, 0x9E, 0x06, 0x0A, 0x08, 0x57, 0x57, 0x9E, 0x06, 0x21, 0x07,
    0x01, 0x01, 0x0A, 0x08, 0x42, 0x42, 0x9E, 0x06, 0x21, 0x07, 0x04, 0x04, 0x0A, 0x08, 0x4C, 0x4C,
    0x9E, 0x06, 0x21, 0x07, 0x02, 0x02, 0x9E, 0x08, 0x5F, 0x00, 0x0B, 0xB8, 0xE7, 0x15, 0x94, 0x48,
    0xA1, 0x3A, 0x8D, 0x34, 0xE6, 0x11, 0x7F, 0x01, 0x20, 0x69, 0xBA, 0x80, 0x0A, 0x96, 0x7F, 0x02,
    0xE6, 0x07, 0x94, 0x84, 0xAB, 0x50, 0xDF, 0xF6, 0x94, 0x64, 0xDF, 0xF8, 0x5F, 0x00, 0x0A, 0x64,
    0x8D, 0xA4, 0x9E, 0x06, 0xA9, 0x70, 0xE8, 0xEF, 0x5E, 0x08, 0x04, 0xB4, 0x5F, 0x00, 0x0C, 0x30,
    0xA1, 0x52, 0xA0, 0x4D, 0x5F, 0x00, 0x0C, 0x5E, 0xA1, 0x25, 0x5F, 0x00, 0x0A, 0xDC, 0x21, 0x01,
    0x3D, 0x20, 0x5F, 0x00, 0x0C, 0x40, 0x7F, 0x01, 0x20, 0x4D, 0x7F, 0x02, 0x5F, 0x00, 0x0A, 0xE4,
    0x69, 0x01, 0x43, 0x9E, 0x9E, 0x08, 0x5F, 0x00, 0x0B, 0xB8, 0xE7, 0x0D, 0xA7, 0x70, 0xEE, 0x0B,
    0x83, 0x75, 0xE7, 0x09, 0xB3, 0x51, 0xFF, 0xFF, 0xA9, 0x50, 0x7F, 0x01, 0x2F, 0x63, 0xA9, 0x71,
    0xF5, 0x83, 0x7F, 0x02, 0x9E, 0x08, 0x5E, 0x08, 0x04, 0xB4, 0x5F, 0x00, 0x0B, 0xB8, 0x5E, 0x07,
    0x04, 0xB4, 0x8B, 0x64, 0xEE, 0x02, 0x8B, 0x57, 0xE7, 0x05, 0x7F, 0x01, 0xBA, 0x61, 0x03, 0x40,
    0x7F, 0x02, 0x9E, 0x08, 0x81, 0x37, 0xAB, 0x70, 0x81, 0x35, 0xAB, 0x50, 0x7F, 0x01, 0xBA, 0x69,
    0x03, 0x40, 0x7F, 0x02, 0x9E, 0x08, 0x21, 0x05, 0x0F, 0x0C, 0xE8, 0x09, 0x21, 0x05, 0x0F, 0x2C,
    0xE8, 0x2C, 0x21, 0x05, 0x0F, 0x1C, 0xE8, 0x03, 0x21, 0x05, 0x0F, 0x3C, 0xE8, 0x26, 0x6F, 0x05,
    0x43, 0xBA, 0x5F, 0x00, 0x0B, 0x38, 0x5E, 0x06, 0x04, 0xB4, 0x5F, 0x00, 0x0B, 0x8E, 0xA1, 0x36,
    0xBD, 0x71, 0xE6, 0x05, 0x0A, 0x08, 0x57, 0x57, 0x5E, 0x0E, 0x04, 0xB4, 0x8D, 0x78, 0x21, 0x05,
    0x43, 0xB8, 0x81, 0x75, 0x61, 0x03, 0x43, 0xBA, 0x1F, 0x30, 0xA1, 0x65, 0x5F, 0x00, 0x0A, 0xDC,
    0x69, 0x00, 0x43, 0x9E, 0x61, 0x05, 0x43, 0xB8, 0xA7, 0x70, 0xEE, 0x03, 0x5F, 0x00, 0x0A, 0xDC,
    0xE8, 0x02, 0x5F, 0x00, 0x0A, 0xE4, 0x5E, 0x08, 0x0A, 0x64, 0x6F, 0x05, 0x43, 0xBA, 0x5F, 0x00,
    0x0B, 0x38, 0x5E, 0x06, 0x04, 0xB4, 0x5F, 0x00, 0x0B, 0x8E, 0x5E, 0x06, 0x04, 0xB4, 0xA1, 0x36,
    0xBD, 0x71, 0x0A, 0x08, 0x57, 0x57, 0xEE, 0x05, 0x8D, 0x78, 0x5F, 0x00, 0x0B, 0x38, 0x5E, 0x06,
    0x04, 0xB4, 0x5F, 0x00, 0x0B, 0x8E, 0x8C, 0x01, 0x21, 0x05, 0x43, 0xB8, 0x2F, 0x53, 0x81, 0x75,
    0x61, 0x03, 0x43, 0xBA, 0x1F, 0x30, 0xA6, 0x06, 0x9E, 0x0E, 0xE8, 0xF3, 0xA7, 0x70, 0xEE, 0x03,
    0x3B, 0x60, 0x03, 0x58, 0x9E, 0x08, 0x3A, 0x60, 0x03, 0x58, 0x9E, 0x08, 0xA7, 0x70, 0xEE, 0x03,
    0x3B, 0x61, 0x03, 0x58, 0x9E, 0x08, 0x3A, 0x61, 0x03, 0x58, 0x9E, 0x08, 0xA7, 0x70, 0xEE, 0x03,
    0x3B, 0x52, 0x03, 0x68, 0x9E, 0x08, 0x3A, 0x52, 0x03, 0x68, 0x9E, 0x08, 0xA7, 0x70, 0xEE, 0x03,
    0x3B, 0x53, 0x03, 0x68, 0x9E, 0x08, 0x3A, 0x53, 0x03, 0x68, 0x9E, 0x08, 0x21, 0x07, 0x00, 0x01,
    0xE8, 0x03, 0x21, 0x07, 0x00, 0x02, 0xE8, 0x00, 0x5F, 0x00, 0x0B, 0xD8, 0x94, 0x24, 0x5E, 0x06,
    0x04, 0xB4, 0x5F, 0x00, 0x0B, 0x46, 0x5F, 0x00, 0x0B, 0xB2, 0x5E, 0x07, 0x04, 0xB4, 0x94, 0x28,
    0x21, 0x06, 0x00, 0x00, 0xE6, 0x07, 0x02, 0x08, 0x30, 0x30, 0x0A, 0x08, 0x04, 0x04, 0x5E, 0x0F,
    0x04, 0xB4, 0xA0, 0x8E, 0x21, 0x0A, 0x02, 0x00, 0x7F, 0x1E, 0x8D, 0x24, 0x9E, 0x06, 0x93, 0xF2,
    0x21, 0x02, 0x0F, 0xA0, 0x7F, 0x0C, 0x97, 0xF5, 0x5F, 0x00, 0x0A, 0xE4, 0x7F, 0x10, 0x9E, 0x08,
    0x00, 0x10, 0x48, 0x41, 0x52, 0x44, 0x20, 0x44, 0x49, 0x53, 0x4B, 0x20, 0x45, 0x52, 0x52, 0x4F,
    0x52, 0x20, 0x21, 0x07, 0x00, 0x03, 0x5F, 0x00, 0x0B, 0x38, 0x5E, 0x06, 0x04, 0xB4, 0xE8, 0x15,
    0x21, 0x07, 0x00, 0x01, 0xE8, 0x03, 0x21, 0x07, 0x00, 0x02, 0xE8, 0x00, 0x5F, 0x00, 0x0B, 0xD8,
    0x94, 0x24, 0x5E, 0x06, 0x04, 0xB4, 0x5F, 0x00, 0x0B, 0x46, 0x5F, 0x00, 0x0B, 0xB2, 0x5E, 0x07,
    0x04, 0xB4, 0x94, 0x28, 0x21, 0x06, 0x00, 0x60, 0xE6, 0x0B, 0x5F, 0x00, 0x0B, 0x8E, 0xA1, 0x36,
    0xC6, 0x00, 0xA0, 0xE8, 0x06, 0x08, 0x0F, 0x0F, 0x0A, 0x08, 0x04, 0x04, 0x5E, 0x0F, 0x04, 0xB4,
    0x21, 0x0A, 0x02, 0x00, 0x7F, 0x24, 0x8D, 0x24, 0x9E, 0x06, 0x93, 0xF2, 0x21, 0x02, 0x10, 0x1C,
    0x7F, 0x0C, 0x97, 0xF5, 0x5F, 0x00, 0x0A, 0xE4, 0x7F, 0x10, 0x9E, 0x08, 0x00, 0x0D, 0x46, 0x4C,
    0x4F, 0x50, 0x50, 0x59, 0x20, 0x45, 0x52, 0x52, 0x4F, 0x52, 0x20, 0x00, 0x5F, 0x00, 0x0B, 0x38,
    0x5E, 0x06, 0x11, 0x7C, 0x0A, 0x08, 0x52, 0x52, 0xEE, 0x08, 0x5F, 0x00, 0x0B, 0x22, 0xE6, 0x53,
    0x0A, 0x08, 0x46, 0x46, 0xEE, 0x02, 0xC1, 0x52, 0xE8, 0x15, 0x8D, 0x68, 0x0A, 0x08, 0x4C, 0x4C,
    0xE6, 0x09, 0xA9, 0x61, 0x0A, 0x08, 0x48, 0x48, 0xE6, 0x05, 0xA9, 0x63, 0x0A, 0x08, 0x52, 0x52,
    0xEE, 0x04, 0xAB, 0x61, 0x5F, 0x00, 0x0B, 0x22, 0xE6, 0x3E, 0xA0, 0x81, 0x5F, 0x00, 0x0B, 0x22,
    0xEE, 0x01, 0xC8, 0x20, 0xA0, 0x89, 0x21, 0x07, 0x00, 0x18, 0x21, 0x08, 0x11, 0xB2, 0xBB, 0x8C,
    0x07, 0x16, 0xEE, 0x31, 0xA9, 0x81, 0x81, 0x77, 0x0A, 0x0E, 0x04, 0x04, 0xE7, 0x55, 0xE6, 0x2D,
    0x21, 0x01, 0x52, 0x20, 0x5F, 0x00, 0x0C, 0x40, 0x6B, 0x00, 0x43, 0x9E, 0x21, 0x81, 0x5F, 0x00,
    0x0C, 0x40, 0x69, 0x00, 0x43, 0x9E, 0x61, 0x75, 0x43, 0xBE, 0x5F, 0x00, 0x0C, 0x12, 0x9E, 0x07,
    0xE6, 0x14, 0x21, 0x82, 0x0B, 0x02, 0x50, 0x43, 0xEE, 0x02, 0xA3, 0x30, 0xE8, 0x0C, 0x0B, 0x02,
    0x52, 0x46, 0xEE, 0x01, 0x7D, 0x3B, 0x0B, 0x02, 0x53, 0x47, 0xEE, 0x05, 0x0A, 0x03, 0x00, 0x00,
    0xEE, 0x02, 0xA0, 0xB3, 0x8C, 0xB8, 0x6F, 0x73, 0x43, 0xBE, 0xA9, 0x71, 0xA9, 0x81, 0x0B, 0x08,
    0x11, 0xB3, 0xE7, 0xD6, 0x9E, 0x08, 0x5E, 0x08, 0x04, 0xB4, 0x0B, 0x08, 0x11, 0xA2, 0xEF, 0xFB,
    0x0A, 0x09, 0x20, 0x20, 0xE6, 0x02, 0xA7, 0x10, 0xE8, 0x01, 0xA7, 0x18, 0xEE, 0xF4, 0x21, 0x01,
    0x52, 0x52, 0x5F, 0x00, 0x0C, 0x40, 0x21, 0x81, 0x5F, 0x00, 0x0C, 0x40, 0x69, 0x00, 0x43, 0x9E,
    0x61, 0x75, 0x43, 0xBE, 0x5F, 0x00, 0x0A, 0xDC, 0x61, 0x75, 0x43, 0xC0, 0x5F, 0x00, 0x0C, 0x12,
    0x9E, 0x07, 0xE6, 0x04, 0x6F, 0x72, 0x43, 0xBE, 0x6F, 0x73, 0x43, 0xC0, 0xA9, 0x73, 0xA9, 0x83,
    0x0B, 0x08, 0x11, 0xA3, 0xE7, 0xE4, 0x9E, 0x08, 0x0B, 0x08, 0x11, 0x94, 0xEF, 0xD4, 0x8D, 0x64,
    0xEE, 0x01, 0xA9, 0x70, 0x61, 0x61, 0x11, 0xB4, 0x5F, 0x00, 0x0C, 0x40, 0x21, 0x81, 0x5F, 0x00,
    0x0C, 0x40, 0x60, 0x7D, 0x43, 0xBE, 0x5F, 0x00, 0x0A, 0xE4, 0x69, 0x00, 0x43, 0x9E, 0x5F, 0x00,
    0x0C, 0x1C, 0x9E, 0x07, 0xE6, 0x02, 0x6E, 0x7B, 0x43, 0xBE, 0xA9, 0x70, 0xAB, 0x61, 0xE6, 0xEA,
    0xA9, 0x63, 0xA9, 0x81, 0x0B, 0x08, 0x11, 0x94, 0xE7, 0xE5, 0x9E, 0x08, 0xDF, 0xE3, 0xDF, 0xBD,
    0xDF, 0xC5, 0xE8, 0x5A, 0x30, 0x20, 0x31, 0x20, 0x32, 0x20, 0x33, 0x20, 0x34, 0x20, 0x35, 0x20,
    0x36, 0x20, 0x37, 0x20, 0x38, 0x20, 0x39, 0x20, 0x31, 0x30, 0x31, 0x31, 0x31, 0x32, 0x31, 0x33,
    0x31, 0x34, 0x31, 0x35, 0x53, 0x47, 0x50, 0x43, 0x46, 0x43, 0x52, 0x46, 0x4E, 0x34, 0x4E, 0x35,
    0x50, 0x53, 0x50, 0x4F, 0x52, 0x4C, 0x52, 0x48, 0xBD, 0x0C, 0x21, 0x04, 0x11, 0x84, 0xBD, 0x68,
    0x21, 0x08, 0x11, 0xA2, 0x61, 0x03, 0x43, 0x9E, 0x4C, 0x35, 0x41, 0x30, 0x52, 0x52, 0x69, 0x00,
    0x43, 0x9E, 0x21, 0x41, 0x5F, 0x00, 0x0C, 0x40, 0xAB, 0x00, 0x5E, 0x06, 0x0A, 0x64, 0xAB, 0x60,
    0xEE, 0x01, 0xA1, 0x84, 0xA9, 0x41, 0x0B, 0x06, 0x00, 0x00, 0xEA, 0x03, 0x69, 0x03, 0x43, 0x9E,
    0xE8, 0xEE, 0x69, 0x01, 0x43, 0x9E, 0xE8, 0xE6, 0xBD, 0x0C, 0x21, 0x04, 0x11, 0x94, 0x21, 0x08,
    0x11, 0xAA, 0xBD, 0x68, 0xE8, 0xDF, 0xBD, 0x2C, 0x21, 0x06, 0x43, 0xBE, 0xBD, 0x88, 0x21, 0x0A,
    0x43, 0xDC, 0x21, 0x65, 0x5F, 0x00, 0x0A, 0xDC, 0xAB, 0x20, 0x5E, 0x06, 0x0A, 0x64, 0xAB, 0x80,
    0xEE, 0x01, 0xA1, 0xA6, 0xA9, 0x61, 0x0B, 0x08, 0x00, 0x00, 0xEA, 0x03, 0x69, 0x02, 0x43, 0x9E,
    0xE8, 0xF0, 0x69, 0x00, 0x43, 0x9E, 0xE8, 0xED, 0xBD, 0x2C, 0x21, 0x06, 0x43, 0xCE, 0xBD, 0x88,
    0x21, 0x0A, 0x43, 0xE4, 0xE8, 0xE6, 0x5D, 0x0E, 0x43, 0xB0, 0x54, 0x0E, 0x43, 0xDA, 0x31, 0xF0,
    0x00, 0x00, 0x6F, 0x00, 0x43, 0xB4, 0x31, 0xF0, 0x00, 0x02, 0x6F, 0x00, 0x43, 0xE2, 0x31, 0xF0,
    0x00, 0x04, 0x6F, 0x00, 0x43, 0xDE, 0x31, 0xF0, 0x00, 0x06, 0x6F, 0x00, 0x43, 0xE0, 0x7F, 0x01,
    0x7D, 0x06, 0x7F, 0x02, 0x6F, 0x00, 0x43, 0xE6, 0x7D, 0x07, 0x6F, 0x00, 0x43, 0xE8, 0x7F, 0x01,
    0x7D, 0x04, 0x7F, 0x02, 0x6F, 0x00, 0x43, 0xEA, 0x7D, 0xF5, 0x6F, 0x0F, 0x43, 0xEC, 0x7D, 0xF3,
    0x6F, 0x0F, 0x43, 0xE4, 0x21, 0x0F, 0x43, 0xC0, 0x1C, 0xF9, 0x01, 0x0C, 0x54, 0x0E, 0x43, 0xB0,
    0x9E, 0x08, 0x5D, 0x0E, 0x43, 0xB0, 0x54, 0x0E, 0x43, 0xDA, 0xAB, 0xF7, 0x61, 0x01, 0x43, 0xB4,
    0x33, 0xF1, 0x00, 0x00, 0x61, 0x01, 0x43, 0xE2, 0x33, 0xF1, 0x00, 0x02, 0x61, 0x01, 0x43, 0xDE,
    0x33, 0xF1, 0x00, 0x04, 0x61, 0x01, 0x43, 0xE0, 0x33, 0xF1, 0x00, 0x06, 0x61, 0x01, 0x43, 0xE6,
    0x7F, 0x01, 0x7D, 0x1E, 0x7F, 0x02, 0x61, 0x01, 0x43, 0xE8, 0x7D, 0x1F, 0x61, 0x01, 0x43, 0xEA,
    0x7F, 0x01, 0x7D, 0x1C, 0x7F, 0x02, 0x61, 0x01, 0x43, 0xEC, 0x7D, 0x1D, 0x21, 0x0F, 0x43, 0xBE,
    0x1C, 0xF1, 0x00, 0x0D, 0x54, 0x0E, 0x43, 0xB0, 0x9E, 0x08, 0x54, 0x02, 0x43, 0xAC, 0x61, 0x01,
    0x43, 0xAA, 0x7F, 0x01, 0x2F, 0x21, 0x7F, 0x02, 0x4D, 0x08, 0x43, 0xAC, 0x4D, 0x08, 0x43, 0xAE,
    0x4D, 0x08, 0x43, 0xAA, 0x4D, 0x05, 0x43, 0xFC, 0x00, 0x01, 0x5F, 0x00, 0x0B, 0x38, 0x9E, 0x06,
    0x5F, 0x00, 0x0B, 0xB2, 0x94, 0x24, 0xE6, 0x06, 0x5F, 0x00, 0x0B, 0x8E, 0x8D, 0x34, 0xE6, 0x02,
    0x6F, 0x03, 0x43, 0xFC, 0x94, 0x42, 0xA3, 0x30, 0x5D, 0x02, 0x43, 0xAC, 0x61, 0x01, 0x43, 0xF8,
    0x7F, 0x01, 0x2D, 0x21, 0xA1, 0x14, 0x21, 0x21, 0x7F, 0x02, 0x6F, 0x04, 0x43, 0xAA, 0x4B, 0x01,
    0x43, 0xF8, 0x9E, 0x06, 0x4D, 0x05, 0x43, 0xFC, 0x00, 0x01, 0x4D, 0x08, 0x43, 0xAC, 0x4D, 0x08,
    0x43, 0xAE, 0x4D, 0x08, 0x43, 0xAA, 0x5E, 0x08, 0x04, 0xB4, 0x5F, 0x00, 0x0B, 0x38, 0xE6, 0x05,
    0x5F, 0x00, 0x0B, 0xB2, 0xA3, 0x30, 0x5D, 0x02, 0x43, 0xDE, 0x54, 0x02, 0x43, 0xDE, 0x50, 0x02,
    0x43, 0xAC, 0xE6, 0x06, 0xD0, 0x72, 0x54, 0x0E, 0x43, 0xDA, 0xAB, 0xF7, 0x7F, 0x01, 0x7B, 0x00,
    0x54, 0x02, 0x43, 0xAC, 0x61, 0x01, 0x43, 0xAA, 0x7F, 0x01, 0x2F, 0x21, 0x7F, 0x02, 0x21, 0x02,
    0x13, 0xE8, 0x7C, 0x01, 0x6F, 0x02, 0x44, 0x4A, 0xD0, 0x84, 0x54, 0x0E, 0x43, 0xDA, 0xAB, 0xF7,
    0x7F, 0x01, 0x93, 0xE1, 0x31, 0xE1, 0x00, 0x04, 0x7F, 0x02, 0x6F, 0x01, 0x43, 0xB6, 0x05, 0x01,
    0x10, 0x00, 0x7F, 0x01, 0x33, 0xE1, 0x00, 0x04, 0x7F, 0x02, 0x8C, 0x98, 0x3A, 0x96, 0xFF, 0xA9,
    0xC9, 0xC7, 0x3A, 0x96, 0xFF, 0xAF, 0x61, 0x01, 0x43, 0xFA, 0x3A, 0x96, 0xFF, 0xAF, 0x7D, 0x12,
    0xA5, 0x1F, 0x7D, 0x1A, 0x97, 0xE1, 0x7B, 0x00, 0x93, 0xF2, 0x93, 0xF1, 0xDF, 0xB1, 0x54, 0x02,
    0x43, 0xAC, 0x61, 0x01, 0x43, 0xF8, 0x7F, 0x01, 0x2F, 0x21, 0x7F, 0x02, 0x67, 0x0C, 0x43, 0xB6,
    0xEE, 0x05, 0x31, 0xF2, 0x00, 0x06, 0xA3, 0x2C, 0x33, 0xF2, 0x00, 0x06, 0x97, 0xF1, 0x97, 0xF2,
    0x7F, 0x01, 0x7B, 0x00, 0x64, 0x02, 0x43, 0xF1, 0x5F, 0x00, 0x0B, 0x38, 0xE6, 0x04, 0x5F, 0x00,
    0x0B, 0x8E, 0x8D, 0x34, 0xEE, 0x01, 0xBD, 0x31, 0x6F, 0x03, 0x43, 0xFC, 0x21, 0x02, 0x14, 0x46,
    0x54, 0x04, 0x43, 0xAC, 0x50, 0x04, 0x43, 0xDE, 0xEE, 0xB4, 0x61, 0x01, 0x43, 0xAA, 0x7F, 0x01,
    0x2F, 0x41, 0x7F, 0x02, 0xE8, 0xAE, 0x5D, 0x0E, 0x43, 0xDA, 0x21, 0x0F, 0x40, 0xA0, 0x6F, 0x00,
    0x43, 0xBE, 0xD1, 0x07, 0x69, 0x07, 0x43, 0xDC, 0xDF, 0xE7, 0x54, 0x02, 0x43, 0xAC, 0x61, 0x01,
    0x43, 0xF8, 0x7F, 0x01, 0x2F, 0x21, 0x7F, 0x02, 0x67, 0x0C, 0x43, 0xB6, 0xEE, 0x02, 0x63, 0x0C,
    0x43, 0xE2, 0xD1, 0x5E, 0xD1, 0x38, 0xD1, 0x40, 0xD1, 0x21, 0x6B, 0x00, 0x43, 0xFC, 0xEE, 0xD6,
    0x4D, 0x05, 0x43, 0xFC, 0x00, 0x01, 0x7C, 0x05, 0x5E, 0x08, 0x03, 0xAE, 0xC9, 0xED, 0x3A, 0x96,
    0xFF, 0xE1, 0xC9, 0x4D, 0x3A, 0x96, 0xFF, 0xE1, 0xC9, 0x03, 0x3A, 0x96, 0xFF, 0xAF, 0x9E, 0x08,
    0x00, 0x00, 0x00, 0x00, 0x00, 0x00, 0x00, 0x00, 0x00, 0x00, 0x00, 0x00, 0x00, 0x00, 0x00, 0x00,
    0x00, 0x00, 0x00, 0x00, 0x00, 0x00, 0x00, 0x00, 0x00, 0x00, 0x00, 0x00, 0x00, 0x00, 0x00, 0x00,
    0x00, 0x00, 0x00, 0x00, 0x00, 0x00, 0x00, 0x00, 0x00, 0x00, 0x00, 0x00, 0x00, 0x00, 0x00, 0x00,
    0x00, 0x00, 0x00, 0x00, 0x00, 0x00, 0x00, 0x00, 0x00, 0x00, 0x00, 0x00, 0x00, 0x00, 0x00, 0x00,
    0x00, 0x00, 0x00, 0x00, 0x00, 0x00, 0x00, 0x00, 0x00, 0x00, 0x00, 0x00, 0x00, 0x00, 0x00, 0x00,
    0x00, 0x00, 0x00, 0x00, 0x00, 0x00, 0x00, 0x00, 0x00, 0x00, 0x00, 0x00, 0x00, 0x00, 0x00, 0x00,
    0x00, 0x26, 0x50, 0x38, 0x30, 0x30, 0x30, 0x20, 0x48, 0x61, 0x72, 0x64, 0x77, 0x61, 0x72, 0x65,
    0x74, 0x65, 0x73, 0x74, 0x20, 0x55, 0x38, 0x30, 0x30, 0x31, 0x20, 0x2D, 0x20, 0x56, 0x65, 0x72,
    0x73, 0x69, 0x6F, 0x6E, 0x20, 0x33, 0x2E, 0x31, 0x00, 0x0A, 0x2A, 0x2A, 0x2A, 0x20, 0x45, 0x52,
    0x52, 0x4F, 0x52, 0x20, 0x00, 0x10, 0x07, 0x2A, 0x2A, 0x2A, 0x20, 0x46, 0x41, 0x54, 0x41, 0x4C,
    0x20, 0x45, 0x52, 0x52, 0x4F, 0x52, 0x00, 0x07, 0x4D, 0x41, 0x58, 0x53, 0x45, 0x47, 0x3D, 0x00,
    0x00, 0xFC, 0x00, 0xFA, 0x00, 0xF6, 0x00, 0xFC, 0x00, 0xFA, 0xA0, 0x00, 0xA1, 0x00, 0xA1, 0x00,
    0x00, 0x00, 0x00, 0x00, 0x01, 0x01, 0x00, 0x02, 0x02, 0x00, 0x03, 0x03, 0x01, 0x00, 0x04, 0x02,
    0x00, 0x08, 0x04, 0x00, 0x10, 0x08, 0x00, 0x20, 0x10, 0x00, 0x40, 0x20, 0x00, 0x80, 0x00, 0x00,
    0xFF, 0x00, 0x00, 0x00, 0x00, 0x00, 0x00, 0x00, 0xFF, 0x20, 0x00, 0x00, 0xFF, 0x01, 0x01, 0x00,
    0x00, 0x00, 0x01, 0x01, 0x00, 0x00, 0x00, 0x00, 0x00, 0x20, 0x88, 0x88, 0x3A, 0x86, 0xFF, 0xC1,
    0x7F, 0x0A, 0x21, 0x02, 0x15, 0x00, 0x7F, 0x0C, 0x7F, 0x10, 0xD9, 0x2B, 0x4D, 0x05, 0x46, 0x7C,
    0x00, 0x00, 0x21, 0x08, 0x00, 0x40, 0x4D, 0x05, 0x46, 0x84, 0x00, 0x00, 0x88, 0x11, 0xD9, 0x4E,
    0x21, 0x02, 0x00, 0x00, 0x21, 0x03, 0x10, 0x00, 0x61, 0x04, 0x3F, 0xF0, 0x61, 0x05, 0x3F, 0xF2,
    0xD8, 0xE2, 0x21, 0x02, 0x00, 0x01, 0x21, 0x03, 0x10, 0x00, 0x61, 0x04, 0x3F, 0xF4, 0x61, 0x05,
    0x3F, 0xF6, 0xD8, 0xEB, 0x21, 0x02, 0x20, 0x00, 0x21, 0x03, 0x0F, 0xF8, 0x61, 0x04, 0x3F, 0xF8,
    0x61, 0x05, 0x3F, 0xFA, 0xD8, 0xF4, 0x21, 0x02, 0x20, 0x01, 0x21, 0x03, 0x0F, 0xF8, 0x61, 0x04,
    0x3F, 0xFC, 0x61, 0x05, 0x3F, 0xFE, 0xD8, 0xFD, 0x21, 0x08, 0x00, 0x46, 0x4D, 0x05, 0x46, 0x84,
    0x00, 0x29, 0x88, 0x11, 0xA4, 0x11, 0xD9, 0x7A, 0x21, 0x07, 0x40, 0x00, 0x21, 0x05, 0x00, 0x01,
    0xC8, 0x11, 0x21, 0x76, 0x2F, 0x75, 0x21, 0x74, 0x2F, 0x76, 0xD9, 0xA2, 0xA6, 0x17, 0xEE, 0x02,
    0xB3, 0x50, 0xF8, 0x09, 0x21, 0x08, 0x00, 0x47, 0x21, 0x05, 0xAA, 0xAA, 0x88, 0x11, 0xA4, 0x11,
    0xD9, 0x8F, 0x21, 0x07, 0x40, 0x00, 0x21, 0x00, 0x04, 0x00, 0x21, 0x76, 0x2F, 0x75, 0x21, 0x74,
    0x2F, 0x76, 0xD9, 0xB6, 0xA6, 0x17, 0xEE, 0x02, 0xA9, 0x71, 0xF0, 0x89, 0x0B, 0x05, 0x55, 0x55,
    0xE6, 0x05, 0x21, 0x08, 0x00, 0x48, 0x21, 0x05, 0x55, 0x55, 0xE8, 0xE8, 0x21, 0x08, 0x00, 0x50,
    0x4D, 0x05, 0x46, 0x84, 0x00, 0x85, 0x88, 0x11, 0xD9, 0xAB, 0xC8, 0x20, 0x3A, 0x86, 0xFF, 0xA3,
    0xC8, 0x0F, 0x3A, 0x86, 0xFF, 0xA7, 0x21, 0x06, 0xFF, 0xA1, 0x21, 0x07, 0xFF, 0xA5, 0xD9, 0x15,
    0x21, 0x06, 0xFF, 0xA3, 0x21, 0x07, 0xFF, 0xA7, 0xD9, 0x1A, 0x4D, 0x05, 0x46, 0x7E, 0x00, 0x00,
    0x21, 0x05, 0xAA, 0xAA, 0x21, 0x00, 0x00, 0x02, 0x93, 0xF0, 0x21, 0x08, 0x00, 0x52, 0x4D, 0x05,
    0x46, 0x84, 0x00, 0x48, 0x88, 0x11, 0xD9, 0xCA, 0x93, 0xF5, 0x93, 0xF8, 0x93, 0xF1, 0x6F, 0x05,
    0x46, 0x8C, 0x21, 0x07, 0x00, 0x04, 0xCE, 0x00, 0xCD, 0x2E, 0x21, 0x08, 0x00, 0x00, 0x21, 0x09,
    0x46, 0x8C, 0x21, 0x0A, 0x00, 0x02, 0x7F, 0x1E, 0x97, 0xF1, 0x97, 0xF8, 0x97, 0xF5, 0x97, 0xF0,
    0x8D, 0x24, 0xE6, 0x09, 0xA0, 0xAE, 0x93, 0xF0, 0x93, 0xF5, 0xD9, 0xB9, 0x69, 0x00, 0x46, 0x7E,
    0x97, 0xF5, 0x97, 0xF0, 0xF0, 0xA7, 0x21, 0x08, 0x00, 0x53, 0x4D, 0x05, 0x46, 0x84, 0x00, 0x4A,
    0x88, 0x11, 0xA4, 0x11, 0xD9, 0xF1, 0x93, 0xF5, 0x93, 0xF8, 0x93, 0xF1, 0x4D, 0x05, 0x46, 0x8E,
    0x00, 0x00, 0x21, 0x07, 0x00, 0x03, 0xCE, 0x00, 0xCD, 0x2E, 0x21, 0x08, 0x00, 0x00, 0x21, 0x09,
    0x46, 0x8E, 0x21, 0x0A, 0x00, 0x02, 0x7F, 0x1E, 0x97, 0xF1, 0x97, 0xF8, 0x97, 0xF5, 0xA0, 0xAE,
    0x61, 0x04, 0x46, 0x8E, 0x8D, 0x24, 0xE6, 0x06, 0x93, 0xF5, 0xD9, 0xE1, 0x69, 0x00, 0x46, 0x7E,
    0x97, 0xF5, 0xE8, 0x07, 0x93, 0xF5, 0xDA, 0x30, 0x97, 0xF5, 0xA6, 0x16, 0xE6, 0x02, 0x69, 0x00,
    0x46, 0x7E, 0x0B, 0x05, 0x55, 0x55, 0xE6, 0x03, 0x21, 0x05, 0x55, 0x55, 0xE8, 0xA3, 0x21, 0x08,
    0x00, 0x54, 0x4D, 0x05, 0x46, 0x84, 0x00, 0x40, 0x88, 0x11, 0xDA, 0x24, 0x93, 0xF8, 0x93, 0xF1,
    0x21, 0x07, 0x00, 0x05, 0x7F, 0x1E, 0x97, 0xF1, 0x97, 0xF8, 0x0B, 0x02, 0x00, 0x01, 0xE6, 0x04,
    0xCE, 0xC1, 0xDA, 0x05, 0x69, 0x00, 0x46, 0x7E, 0x21, 0x08, 0x00, 0x55, 0x4D, 0x05, 0x46, 0x84,
    0x00, 0x85, 0x88, 0x11, 0xDA, 0x39, 0x21, 0x00, 0xFF, 0xFF, 0xF0, 0x81, 0x21, 0x06, 0xFF, 0xA9,
    0xD9, 0x89, 0x21, 0x06, 0xFF, 0xAB, 0xD9, 0x8C, 0x21, 0x06, 0xFF, 0xAD, 0xD9, 0x8F, 0x21, 0x06,
    0xFF, 0xAF, 0xD9, 0x92, 0x21, 0x06, 0xFF, 0xB1, 0xD9, 0x95, 0x21, 0x06, 0xFF, 0xB3, 0xD9, 0x98,
    0x21, 0x06, 0xFF, 0xB5, 0xD9, 0x9B, 0x21, 0x06, 0xFF, 0xB7, 0xD9, 0x9E, 0x21, 0x08, 0x00, 0x56,
    0x4D, 0x05, 0x46, 0x84, 0x00, 0x80, 0x88, 0x11, 0xDA, 0x5B, 0x21, 0x00, 0xFF, 0xFF, 0xF0, 0x81,
    0x21, 0x06, 0xFF, 0xA9, 0xD9, 0x9D, 0x21, 0x06, 0xFF, 0xAB, 0xD9, 0xA0, 0x21, 0x06, 0xFF, 0xAD,
    0xD9, 0xA3, 0x21, 0x06, 0xFF, 0xAF, 0xD9, 0xA6, 0x21, 0x06, 0xFF, 0xB1, 0xD9, 0xA9, 0x21, 0x06,
    0xFF, 0xB3, 0xD9, 0xAC, 0x21, 0x06, 0xFF, 0xB5, 0xD9, 0xAF, 0x21, 0x06, 0xFF, 0xB7, 0xD9, 0xB2,
    0x21, 0x08, 0x00, 0x57, 0x4D, 0x05, 0x46, 0x84, 0x00, 0x80, 0x88, 0x11, 0xDA, 0x7D, 0x21, 0x00,
    0xFF, 0xFF, 0xF0, 0x81, 0x53, 0xF0, 0x44, 0x7E, 0x53, 0xF0, 0x44, 0x82, 0x53, 0xF0, 0x44, 0x86,
    0x53, 0xF0, 0x44, 0x8A, 0x4D, 0x05, 0x44, 0x7E, 0x24, 0xF6, 0x4D, 0x05, 0x44, 0x82, 0x24, 0xF6,
    0x4D, 0x05, 0x44, 0x86, 0x24, 0xF6, 0x4D, 0x05, 0x44, 0x8A, 0x24, 0xF6, 0xC8, 0x20, 0x3A, 0x86,
    0xFF, 0xA9, 0x3A, 0x86, 0xFF, 0xB1, 0x21, 0x06, 0xFF, 0xA9, 0xD9, 0xCC, 0x21, 0x06, 0xFF, 0xAB,
    0xD9, 0xCF, 0x21, 0x06, 0xFF, 0xAD, 0xD9, 0xD2, 0x21, 0x06, 0xFF, 0xAF, 0xD9, 0xD5, 0x21, 0x06,
    0xFF, 0xB1, 0xD9, 0xD8, 0x21, 0x06, 0xFF, 0xB3, 0xD9, 0xDB, 0x21, 0x06, 0xFF, 0xB5, 0xD9, 0xDE,
    0x21, 0x06, 0xFF, 0xB7, 0xD9, 0xE1, 0x57, 0xF0, 0x44, 0x8A, 0x57, 0xF0, 0x44, 0x86, 0x57, 0xF0,
    0x44, 0x82, 0x57, 0xF0, 0x44, 0x7E, 0x21, 0x08, 0x00, 0x60, 0x4D, 0x05, 0x46, 0x84, 0x00, 0x85,
    0x88, 0x11, 0xDA, 0xC0, 0x21, 0x00, 0xFF, 0xFF, 0xF0, 0x81, 0x21, 0x06, 0xFF, 0x83, 0x21, 0x07,
    0xFF, 0x87, 0xD9, 0xCD, 0x21, 0x06, 0xFF, 0x8B, 0x21, 0x07, 0xFF, 0x8F, 0xD9, 0xD2, 0x21, 0x08,
    0x00, 0x61, 0x4D, 0x05, 0x46, 0x84, 0x00, 0x80, 0x88, 0x11, 0xDA, 0xD4, 0x21, 0x00, 0xFF, 0xFF,
    0xF0, 0x81, 0x53, 0xF0, 0x44, 0x7E, 0x53, 0xF0, 0x44, 0x8E, 0x4D, 0x05, 0x44, 0x7E, 0x25, 0xFC,
    0x4D, 0x05, 0x44, 0x8E, 0x25, 0xFC, 0xD9, 0xD4, 0xD9, 0xCA, 0xD9, 0xC0, 0xD9, 0xB6, 0x57, 0xF0,
    0x44, 0x8E, 0x57, 0xF0, 0x44, 0x7E, 0x21, 0x08, 0x00, 0x70, 0x4D, 0x05, 0x46, 0x84, 0x00, 0x00,
    0x88, 0x11, 0xDA, 0xF0, 0x89, 0x66, 0x6F, 0x06, 0x46, 0x80, 0xCD, 0xA5, 0xC8, 0x02, 0xA0, 0x65,
    0x21, 0x07, 0x80, 0x00, 0x7F, 0x01, 0x2F, 0x65, 0x21, 0x64, 0x7F, 0x02, 0x8B, 0x45, 0xE6, 0x09,
    0x21, 0x07, 0xFF, 0xFE, 0xF8, 0x09, 0xAA, 0x60, 0x0A, 0x06, 0x00, 0x00, 0xE9, 0x06, 0x5E, 0x08,
    0x23, 0x12, 0x6F, 0x06, 0x46, 0x80, 0xA8, 0x60, 0xE8, 0xE9, 0x21, 0x08, 0x00, 0x71, 0x4D, 0x05,
    0x46, 0x84, 0x00, 0xE1, 0xDB, 0x11, 0xC8, 0x02, 0x21, 0x07, 0x80, 0x00, 0x7F, 0x01, 0x20, 0x6C,
    0x7F, 0x02, 0x8A, 0xC6, 0xE6, 0x05, 0x21, 0x07, 0xFF, 0xFE, 0xF8, 0x08, 0x5E, 0x08, 0x23, 0x12,
    0xAA, 0x60, 0x0A, 0x06, 0x00, 0x00, 0xE9, 0xEF, 0x4D, 0x05, 0x46, 0x7C, 0x00, 0x00, 0x4D, 0x05,
    0x46, 0x74, 0x00, 0x00, 0x88, 0x11, 0x61, 0x06, 0x46, 0x80, 0x7D, 0x92, 0xDC, 0xF5, 0x61, 0x02,
    0x46, 0x7C, 0x4B, 0x02, 0x46, 0x74, 0xE6, 0x12, 0x6F, 0x02, 0x46, 0x74, 0x4B, 0x06, 0x46, 0x80,
    0xEE, 0x0D, 0x21, 0x08, 0x00, 0x79, 0x4D, 0x05, 0x46, 0x84, 0x00, 0x00, 0xDB, 0x3D, 0xAA, 0x60,
    0x8C, 0x64, 0x5E, 0x06, 0x23, 0x12, 0x6F, 0x06, 0x46, 0x80, 0xA8, 0x60, 0xAA, 0x60, 0x0A, 0x06,
    0x00, 0x00, 0xEA, 0xE4, 0x89, 0x66, 0x21, 0x03, 0xFF, 0xC1, 0xA1, 0x6A, 0x61, 0x0C, 0x46, 0x80,
    0xA1, 0x6B, 0xA1, 0x6D, 0x21, 0x09, 0x80, 0x00, 0x7F, 0x01, 0xBB, 0xA1, 0x09, 0xC0, 0x21, 0x0D,
    0x19, 0xD8, 0x21, 0x0B, 0x1A, 0x4A, 0x1E, 0xC8, 0x7D, 0x92, 0xA3, 0x9F, 0x7D, 0x9A, 0x4C, 0x04,
    0x40, 0xAC, 0xE6, 0x08, 0xC8, 0x27, 0xC0, 0x01, 0x5F, 0x00, 0x09, 0x5A, 0xC0, 0x00, 0x5F, 0x00,
    0x09, 0x5A, 0xE8, 0x06, 0x21, 0x02, 0xFF, 0x87, 0xC4, 0x01, 0x3E, 0x24, 0xCC, 0x00, 0x3E, 0x2C,
    0x3A, 0x24, 0xFF, 0xC1, 0xA4, 0x20, 0x3A, 0x26, 0xFF, 0xC1, 0x4D, 0x05, 0x46, 0x7C, 0x00, 0x00,
    0xA4, 0x10, 0xDD, 0x40, 0x3A, 0x24, 0xFF, 0xC1, 0xA2, 0x20, 0x3A, 0x26, 0xFF, 0xC1, 0x4C, 0x04,
    0x40, 0xAC, 0xE6, 0x08, 0xC8, 0x27, 0xC0, 0x01, 0x5F, 0x00, 0x09, 0x5A, 0xC0, 0x1C, 0x5F, 0x00,
    0x09, 0x5A, 0xE8, 0x06, 0x21, 0x02, 0xFF, 0x87, 0xC4, 0x01, 0x3E, 0x24, 0xCC, 0x1C, 0x3E, 0x2C,
    0x61, 0x03, 0x46, 0x7C, 0xA5, 0x9F, 0x7D, 0x9A, 0x1E, 0xA8, 0x7F, 0x02, 0x41, 0x03, 0x46, 0x7C,
    0x6F, 0x03, 0x46, 0x7C, 0x8D, 0x34, 0x5E, 0x0E, 0x23, 0x14, 0x88, 0x11, 0x88, 0xAA, 0x3A, 0xA7,
    0x00, 0xFC, 0xA8, 0xA0, 0x3A, 0xA7, 0x00, 0xFA, 0xA8, 0xA0, 0x3A, 0xA7, 0x00, 0xF6, 0x3A, 0xA7,
    0x00, 0xF0, 0x3A, 0xA7, 0x11, 0xF0, 0x7D, 0x95, 0x61, 0x94, 0x00, 0x26, 0x6F, 0x04, 0x46, 0x76,
    0x61, 0x94, 0x00, 0x16, 0x6F, 0x04, 0x46, 0x78, 0x4D, 0x95, 0x00, 0x22, 0x40, 0x00, 0x4D, 0x95,
    0x00, 0x24, 0x00, 0x00, 0x4D, 0x95, 0x00, 0x26, 0x20, 0xD2, 0x4D, 0x95, 0x00, 0x12, 0x40, 0x00,
    0x4D, 0x95, 0x00, 0x14, 0x00, 0x00, 0x4D, 0x95, 0x00, 0x16, 0x20, 0xCA, 0x21, 0x0A, 0xA1, 0x00,
    0x21, 0x0B, 0xA1, 0x01, 0x89, 0x55, 0x21, 0x00, 0x00, 0xFF, 0x2E, 0xAD, 0xBA, 0xA1, 0x00, 0xB0,
    0x21, 0x0A, 0xA0, 0x00, 0x2E, 0xAD, 0xA9, 0xA0, 0xA9, 0x50, 0xA6, 0x50, 0xE6, 0xFB, 0x21, 0x0A,
    0xA2, 0x00, 0x21, 0x0B, 0xA2, 0x01, 0x21, 0x05, 0xAA, 0xAA, 0x21, 0x00, 0x00, 0xFF, 0x2E, 0xAD,
    0xBA, 0xA1, 0x00, 0xB0, 0x21, 0x0A, 0xA3, 0x00, 0x21, 0x0B, 0xA3, 0x01, 0x21, 0x05, 0x55, 0x55,
    0x21, 0x00, 0x00, 0xFF, 0x2E, 0xAD, 0xBA, 0xA1, 0x00, 0xB0, 0x89, 0x22, 0x21, 0x08, 0x00, 0x80,
    0xDB, 0xEF, 0x89, 0x33, 0x61, 0x26, 0x15, 0x50, 0x21, 0x0B, 0xA0, 0x00, 0xDC, 0xD7, 0xA8, 0xA1,
    0x61, 0x26, 0x15, 0x50, 0x21, 0x0B, 0xA1, 0x00, 0xDC, 0xDD, 0xA8, 0xA1, 0x61, 0x26, 0x15, 0x50,
    0xDC, 0xE1, 0xAA, 0xA3, 0xA1, 0x39, 0x81, 0x29, 0x61, 0x96, 0x15, 0x50, 0x61, 0x3B, 0x15, 0x5A,
    0xDC, 0xD8, 0xA8, 0xB1, 0x0A, 0x0B, 0x06, 0x06, 0xEE, 0xF5, 0x21, 0x08, 0x00, 0x81, 0x06, 0x01,
    0x01, 0x01, 0xDC, 0x10, 0x21, 0x00, 0x00, 0x1E, 0x61, 0x26, 0x15, 0x50, 0x21, 0x03, 0x15, 0x60,
    0xA1, 0x6A, 0x01, 0x0A, 0x01, 0x00, 0x20, 0x3F, 0xB2, 0xF1, 0x00, 0x02, 0x3A, 0x33, 0x00, 0xA8,
    0xA1, 0x6A, 0x01, 0x0A, 0x20, 0x00, 0x00, 0x3F, 0x3A, 0x33, 0x00, 0xA8, 0xA1, 0x6A, 0x01, 0x0A,
    0x0F, 0x00, 0x20, 0x3D, 0x21, 0x09, 0x46, 0x7A, 0x3A, 0xA1, 0x00, 0x98, 0xAB, 0x90, 0x20, 0x9C,
    0xDC, 0x4D, 0xA6, 0x17, 0xEE, 0x06, 0xA9, 0x30, 0x8C, 0x84, 0xEE, 0xE2, 0x21, 0x08, 0x00, 0x82,
    0xDC, 0x37, 0x21, 0x0B, 0xA2, 0x00, 0xDD, 0x1C, 0xDD, 0x0C, 0x21, 0x0B, 0xA3, 0x00, 0xDD, 0x20,
    0xDD, 0x10, 0x21, 0x08, 0x00, 0x83, 0x88, 0x11, 0x4D, 0x05, 0x46, 0x84, 0x00, 0x25, 0xDC, 0x46,
    0x21, 0x09, 0x46, 0x7A, 0x0D, 0x95, 0xAA, 0xAA, 0xC8, 0x02, 0x20, 0x9D, 0x3A, 0xD7, 0x00, 0xF0,
    0x3A, 0xD7, 0x01, 0xF0, 0x3A, 0xD7, 0x20, 0xF0, 0xA1, 0x6A, 0x01, 0x0A, 0x00, 0x00, 0x3A, 0xA1,
    0x0B, 0x98, 0xAB, 0x90, 0x20, 0x9C, 0xA1, 0x67, 0xDC, 0x79, 0xA1, 0x6A, 0x01, 0x0A, 0x01, 0x00,
    0x3A, 0xA1, 0x0B, 0x98, 0xAB, 0x90, 0x20, 0x9C, 0x06, 0x0D, 0x3F, 0x3F, 0xA8, 0x70, 0xDC, 0x84,
    0xA1, 0x6A, 0x01, 0x0A, 0x20, 0x00, 0x3A, 0xA1, 0x0B, 0x98, 0xAB, 0x90, 0x20, 0x9C, 0x06, 0x0D,
    0x03, 0x03, 0xC7, 0x20, 0xDC, 0x8F, 0x0D, 0x95, 0x55, 0x55, 0xF8, 0x29, 0xA8, 0xA1, 0x0A, 0x0A,
    0x06, 0x06, 0x5E, 0x0E, 0x1A, 0xFC, 0x21, 0x08, 0x00, 0x84, 0x4D, 0x05, 0x46, 0x84, 0x00, 0x85,
    0x88, 0x11, 0xDC, 0x80, 0x21, 0x0A, 0x01, 0x00, 0x89, 0xBB, 0x7F, 0x01, 0x0D, 0xA5, 0x00, 0x01,
    0xA1, 0xAB, 0x0D, 0xA5, 0x00, 0x00, 0x7F, 0x02, 0x76, 0x03, 0x15, 0x7E, 0xA1, 0x34, 0x76, 0x05,
    0x15, 0x96, 0x89, 0x77, 0x5F, 0x00, 0x21, 0x56, 0xC8, 0x02, 0x21, 0x06, 0x0F, 0xFC, 0x21, 0x07,
    0x0F, 0xFA, 0x21, 0x09, 0x0F, 0xF6, 0x21, 0x02, 0x00, 0x04, 0x3A, 0x33, 0x02, 0x60, 0x21, 0x02,
    0x00, 0x04, 0x3A, 0x43, 0x02, 0x70, 0x21, 0x02, 0x00, 0x04, 0x3A, 0x53, 0x02, 0x90, 0x76, 0x03,
    0x15, 0x8E, 0x76, 0x04, 0x15, 0x92, 0xA1, 0x45, 0xF8, 0x12, 0xC8, 0xD0, 0x3A, 0x87, 0x00, 0xF0,
    0xC8, 0x02, 0x3A, 0x86, 0xFF, 0xC1, 0x89, 0xBB, 0x7F, 0x01, 0x21, 0xAC, 0x7F, 0x02, 0x89, 0x00,
    0x3A, 0x86, 0xFF, 0xC1, 0x3A, 0x87, 0x00, 0xF0, 0x6F, 0x00, 0x46, 0x88, 0x6F, 0x0C, 0x46, 0x86,
    0x8D, 0xC4, 0xE6, 0x04, 0x65, 0x00, 0x46, 0x88, 0x5E, 0x08, 0x1C, 0xCC, 0xC8, 0x02, 0x21, 0x06,
    0xFF, 0xC9, 0x21, 0x05, 0xAA, 0xAA, 0x3E, 0x6D, 0x3C, 0x6C, 0xDC, 0xEA, 0x21, 0x05, 0x55, 0x55,
    0x3E, 0x6D, 0x3C, 0x6C, 0xDC, 0xEF, 0x21, 0x06, 0xFF, 0xD1, 0xF8, 0x0D, 0x21, 0x08, 0x00, 0x85,
    0xDC, 0xD7, 0x21, 0x02, 0x90, 0x00, 0x3A, 0x26, 0xFF, 0xC9, 0x3A, 0x26, 0xFF, 0xD1, 0x21, 0x03,
    0x15, 0x7E, 0xA1, 0x34, 0x21, 0x05, 0x15, 0x86, 0x4D, 0x04, 0x46, 0x86, 0xE6, 0x02, 0x21, 0x05,
    0x15, 0x82, 0xDD, 0x98, 0x21, 0x03, 0xA0, 0x00, 0xC0, 0x04, 0xCC, 0xD2, 0xDD, 0x7C, 0x21, 0x08,
    0x00, 0x86, 0xDC, 0xF0, 0x21, 0x03, 0x80, 0x00, 0x88, 0x00, 0xCC, 0xD1, 0xDD, 0x84, 0x21, 0x03,
    0x15, 0x7E, 0x21, 0x04, 0x15, 0x86, 0xA1, 0x35, 0x4D, 0x04, 0x46, 0x86, 0xE6, 0x00, 0xDD, 0xAE,
    0x21, 0x08, 0x00, 0x87, 0xDD, 0x01, 0x21, 0x03, 0xA0, 0x00, 0x88, 0x00, 0xCC, 0xD2, 0xDD, 0x95,
    0x21, 0x08, 0x00, 0x88, 0xDD, 0x09, 0x21, 0x03, 0x80, 0x00, 0xC0, 0x02, 0xCC, 0xD1, 0xDD, 0x9D,
    0x21, 0x03, 0x15, 0x7E, 0x21, 0x04, 0x15, 0x8A, 0xA1, 0x45, 0xDD, 0xC4, 0x21, 0x08, 0x00, 0x89,
    0xDD, 0x17, 0x21, 0x03, 0xA0, 0x00, 0xC0, 0x04, 0xCC, 0xD2, 0xDD, 0xAB, 0x21, 0x08, 0x00, 0x90,
    0xDD, 0x1F, 0x21, 0x03, 0x80, 0x00, 0xC0, 0x02, 0xCC, 0xD1, 0xDD, 0xB3, 0x21, 0x08, 0x00, 0x91,
    0x4D, 0x05, 0x46, 0x84, 0x00, 0x9A, 0x88, 0x11, 0xA4, 0x11, 0xDD, 0x2C, 0x21, 0x02, 0xFF, 0xFF,
    0x3A, 0xA6, 0xFF, 0xC9, 0x3A, 0xA6, 0xFF, 0xD1, 0x21, 0x03, 0x15, 0x7E, 0xA1, 0x34, 0xA1, 0x35,
    0xDD, 0xE7, 0x89, 0x22, 0x21, 0x03, 0x90, 0x00, 0x21, 0x05, 0xAA, 0xAA, 0x21, 0x06, 0x00, 0xFA,
    0x21, 0x00, 0x00, 0xD1, 0x0D, 0x35, 0x00, 0x00, 0x4D, 0x05, 0x46, 0x72, 0x00, 0x00, 0xCC, 0x02,
    0x4D, 0x04, 0x46, 0x86, 0xE6, 0x01, 0xCC, 0x06, 0x3A, 0xC6, 0xFF, 0xC1, 0x3A, 0x87, 0x00, 0xFA,
    0x7D, 0x92, 0xA5, 0x9F, 0x4D, 0x04, 0x46, 0x88, 0xE6, 0x01, 0xA3, 0x9E, 0x7D, 0x9A, 0x2F, 0x25,
    0x7B, 0x0A, 0x7F, 0x02, 0x3A, 0x07, 0x00, 0xFA, 0x3A, 0x06, 0xFF, 0xC1, 0xA0, 0x2F, 0x4D, 0x04,
    0x46, 0x72, 0xEE, 0x09, 0x21, 0x34, 0xDD, 0x80, 0xA6, 0x17, 0xEE, 0x0D, 0xA8, 0x20, 0x0A, 0x02,
    0x40, 0x40, 0xEE, 0xD8, 0xE8, 0x08, 0x21, 0x08, 0x00, 0x92, 0x4D, 0x05, 0x46, 0x84, 0x00, 0x98,
    0x61, 0x05, 0x46, 0x70, 0xDD, 0x46, 0x21, 0x08, 0x00, 0x93, 0x4D, 0x05, 0x46, 0x84, 0x00, 0x9A,
    0x88, 0x11, 0xA4, 0x11, 0xDD, 0x79, 0x21, 0x00, 0x00, 0xD2, 0x3A, 0x06, 0xFF, 0xC9, 0x3A, 0x06,
    0xFF, 0xD1, 0x89, 0x22, 0x4D, 0x04, 0x46, 0x86, 0xE6, 0x02, 0x21, 0x02, 0x40, 0x00, 0x21, 0x06,
    0x00, 0xF6, 0x0D, 0x35, 0x00, 0x00, 0x4D, 0x05, 0x46, 0x72, 0x00, 0x00, 0xCC, 0x02, 0x4D, 0x04,
    0x46, 0x86, 0xE6, 0x01, 0xCC, 0x06, 0x3A, 0xC6, 0xFF, 0xC1, 0x3A, 0x87, 0x00, 0xF6, 0x7D, 0x92,
    0xA5, 0x9F, 0x4D, 0x04, 0x46, 0x88, 0xE6, 0x01, 0xA3, 0x9E, 0x7D, 0x9A, 0x2F, 0x25, 0x7B, 0x0A,
    0x7F, 0x02, 0x3A, 0x07, 0x00, 0xF6, 0x3A, 0x06, 0xFF, 0xC1, 0xA0, 0x2F, 0x4D, 0x04, 0x46, 0x72,
    0xEE, 0x10, 0x21, 0x34, 0xDD, 0xC7, 0xA6, 0x17, 0xEE, 0x14, 0xA8, 0x20, 0x4D, 0x04, 0x46, 0x86,
    0xE6, 0x04, 0x0A, 0x02, 0x80, 0x80, 0xEE, 0xD5, 0xE8, 0x0C, 0x0A, 0x02, 0x40, 0x40, 0xEE, 0xD1,
    0xE8, 0x08, 0x21, 0x08, 0x00, 0x94, 0x4D, 0x05, 0x46, 0x84, 0x00, 0x98, 0x61, 0x05, 0x46, 0x70,
    0xDD, 0x94, 0x21, 0x08, 0x00, 0x95, 0x4D, 0x05, 0x46, 0x84, 0x00, 0x9A, 0x88, 0x11, 0xA4, 0x11,
    0xDD, 0xC7, 0x4D, 0x08, 0x46, 0x88, 0x7D, 0x95, 0x4D, 0x95, 0x00, 0x26, 0x21, 0x28, 0x21, 0x04,
    0x1F, 0x90, 0x21, 0x05, 0x90, 0x00, 0x21, 0x03, 0x00, 0x04, 0xBA, 0x41, 0x03, 0x50, 0x21, 0x00,
    0x00, 0xD0, 0x21, 0x06, 0x00, 0xFC, 0xCB, 0x02, 0xC3, 0x02, 0x4D, 0x04, 0x46, 0x86, 0xE6, 0x01,
    0xC3, 0x06, 0x89, 0x22, 0xA1, 0x25, 0xA1, 0x2A, 0x21, 0x0B, 0x1F, 0x08, 0x21, 0x0D, 0x90, 0x00,
    0xA1, 0x2C, 0x4D, 0x05, 0x46, 0x72, 0x00, 0x00, 0x21, 0x04, 0xAA, 0xAA, 0x3A, 0x36, 0xFF, 0xC1,
    0x3A, 0x87, 0x00, 0xFC, 0x7F, 0x01, 0x1E, 0xC8, 0x7F, 0x02, 0x3A, 0x07, 0x00, 0xFC, 0x3A, 0x06,
    0xFF, 0xC1, 0xA0, 0x2F, 0xA6, 0xB0, 0xEE, 0x1D, 0x4D, 0x04, 0x46, 0x72, 0xEE, 0x21, 0xDE, 0x1C,
    0xA6, 0x17, 0xEE, 0x04, 0xA8, 0x20, 0x0A, 0x02, 0x40, 0x40, 0xEE, 0xE2, 0xAA, 0xB0, 0x8C, 0xB4,
    0xE6, 0x1F, 0x21, 0x08, 0x00, 0x97, 0x88, 0x11, 0xDE, 0x0B, 0x93, 0xF3, 0x21, 0x03, 0x15, 0x82,
    0x21, 0x04, 0x15, 0x7E, 0xA1, 0x45, 0xDE, 0xC2, 0x97, 0xF3, 0x89, 0x22, 0x21, 0x05, 0xAA, 0xAA,
    0xE8, 0xCF, 0x4D, 0x04, 0x46, 0x72, 0xEE, 0xE6, 0x4D, 0x05, 0x46, 0x84, 0x00, 0x90, 0xE8, 0x07,
    0x21, 0x08, 0x00, 0x96, 0x4D, 0x05, 0x46, 0x84, 0x00, 0x98, 0x61, 0x05, 0x46, 0x70, 0xDD, 0xFB,
    0x7D, 0x95, 0x61, 0x04, 0x46, 0x76, 0x6F, 0x94, 0x00, 0x26, 0x61, 0x04, 0x46, 0x78, 0x6F, 0x94,
    0x00, 0x16, 0x88, 0x88, 0x3A, 0x86, 0xFF, 0xC1, 0x3A, 0x87, 0x00, 0xF0, 0x5E, 0x08, 0x23, 0xF4,
    0x89, 0x44, 0x1E, 0xA8, 0x21, 0x08, 0x00, 0x72, 0x4D, 0x05, 0x46, 0x84, 0x00, 0xE5, 0x06, 0x01,
    0x01, 0x01, 0xDE, 0x40, 0x21, 0x07, 0x00, 0x03, 0xCD, 0x0F, 0xA5, 0x9F, 0x7D, 0x9A, 0x2E, 0x6D,
    0xA3, 0x9F, 0x7D, 0x9A, 0xB3, 0x70, 0xFD, 0x07, 0xB3, 0x70, 0xCD, 0x0F, 0xA5, 0x9F, 0x7D, 0x9A,
    0x20, 0x6C, 0xA3, 0x9F, 0x7D, 0x9A, 0xDE, 0x70, 0xA6, 0x17, 0xEE, 0x02, 0xB3, 0x70, 0xFD, 0x0A,
    0x21, 0x08, 0x00, 0x73, 0x4D, 0x05, 0x46, 0x84, 0x00, 0xEA, 0x06, 0x01, 0x01, 0x01, 0xA4, 0x11,
    0xDE, 0x5F, 0x21, 0x07, 0x80, 0x00, 0x21, 0x05, 0x00, 0x01, 0xC8, 0x11, 0xA5, 0x9F, 0x7D, 0x9A,
    0x2F, 0x65, 0x21, 0x64, 0xA3, 0x9F, 0x7D, 0x9A, 0xDE, 0x89, 0xA6, 0x17, 0xEE, 0x02, 0xB3, 0x50,
    0xF8, 0x0B, 0x21, 0x08, 0x00, 0x74, 0x06, 0x01, 0x03, 0x03, 0xDE, 0x74, 0x21, 0x05, 0xAA, 0xAA,
    0xA1, 0x6C, 0x21, 0x0D, 0x00, 0x02, 0x89, 0x77, 0x21, 0x00, 0x7F, 0xFF, 0xA5, 0x9F, 0x7D, 0x9A,
    0x2F, 0x65, 0xBB, 0x61, 0x00, 0xC0, 0x89, 0x77, 0x21, 0x00, 0x80, 0x00, 0xBB, 0x64, 0x00, 0x5E,
    0xAB, 0x71, 0x21, 0x64, 0xA3, 0x9F, 0x7D, 0x9A, 0xDE, 0xA9, 0x0A, 0x0D, 0x55, 0x55, 0xE6, 0x03,
    0x21, 0x05, 0x55, 0x55, 0xE8, 0xE5, 0x21, 0x08, 0x00, 0x75, 0x4D, 0x05, 0x46, 0x84, 0x00, 0xE8,
    0xA6, 0x10, 0xE6, 0x02, 0x21, 0x08, 0x00, 0x76, 0x06, 0x01, 0x03, 0x03, 0xDE, 0x9D, 0x21, 0x04,
    0x00, 0x08, 0x89, 0x77, 0x21, 0x0C, 0x00, 0x00, 0x0B, 0x06, 0x00, 0x00, 0xEE, 0x02, 0x61, 0x0C,
    0x46, 0x80, 0x21, 0x0D, 0x00, 0x00, 0x21, 0x00, 0x10, 0x00, 0xA5, 0x9F, 0x7D, 0x9A, 0xBB, 0xC1,
    0x00, 0x60, 0xA3, 0x9F, 0x7D, 0x9A, 0xF4, 0x92, 0x89, 0x77, 0x4D, 0x05, 0x46, 0x82, 0x00, 0x00,
    0x3A, 0x84, 0xFF, 0xC1, 0xA4, 0x83, 0x3A, 0x86, 0xFF, 0xC1, 0xA5, 0x9F, 0x7D, 0x9A, 0x21, 0x65,
    0xA3, 0x9F, 0x7D, 0x9A, 0x4D, 0x04, 0x46, 0x82, 0xEE, 0x09, 0xA9, 0x71, 0x8D, 0x74, 0xEE, 0xF5,
    0x3A, 0x84, 0xFF, 0xC1, 0xA2, 0x83, 0x3A, 0x86, 0xFF, 0xC1, 0x9E, 0x08, 0xA1, 0x54, 0xA9, 0x40,
    0xDE, 0xED, 0x4D, 0x05, 0x46, 0x82, 0x00, 0x00, 0xE8, 0xF3, 0x65, 0xFE, 0x00, 0x02, 0x7F, 0x01,
    0x7B, 0x00, 0x91, 0xF2, 0x61, 0xF2, 0x00, 0x04, 0xAC, 0x2A, 0x07, 0x02, 0x00, 0x07, 0x0A, 0x0A,
    0x01, 0x01, 0xE6, 0x09, 0x0A, 0x0A, 0x02, 0x02, 0xE6, 0x0B, 0x0A, 0x0A, 0x04, 0x04, 0xE6, 0x0D,
    0xC2, 0xFF, 0x89, 0x33, 0xE8, 0x0E, 0x3A, 0xB5, 0x02, 0xFC, 0x3A, 0x35, 0x05, 0xFC, 0xE8, 0x09,
    0x3A, 0xB5, 0x02, 0xFA, 0x3A, 0x35, 0x05, 0xFA, 0xE8, 0x04, 0x3A, 0xB5, 0x02, 0xF6, 0x3A, 0x35,
    0x05, 0xF6, 0x6F, 0x02, 0x46, 0x72, 0x6F, 0x03, 0x46, 0x70, 0x3A, 0xA7, 0x11, 0xF0, 0x95, 0xF2,
    0x7D, 0x92, 0xA5, 0x9F, 0x7D, 0x9A, 0x7B, 0x00, 0x3A, 0x07, 0x00, 0xFC, 0x3A, 0x06, 0xFF, 0xC1,
    0x01, 0x0F, 0x00, 0x08, 0x93, 0xF2, 0x3A, 0xA5, 0x02, 0xFC, 0x3A, 0x25, 0x05, 0xFC, 0x6F, 0x02,
    0x46, 0x70, 0x4D, 0x05, 0x46, 0x72, 0xFF, 0xFF, 0x3A, 0xA7, 0x11, 0xFC, 0x21, 0x02, 0x50, 0x00,
    0x7D, 0x2A, 0x97, 0xF2, 0x1E, 0xB8, 0x3A, 0xF7, 0x01, 0xF0, 0x3A, 0x77, 0x20, 0xF0, 0x9E, 0x08,
    0x5C, 0x09, 0x00, 0x0E, 0x46, 0x3C, 0x89, 0x77, 0xD0, 0x0A, 0x01, 0x06, 0x0F, 0x00, 0x21, 0x00,
    0x01, 0x00, 0x3A, 0xB3, 0x00, 0x60, 0x89, 0x77, 0xD0, 0x12, 0x5C, 0x01, 0x00, 0x0E, 0x46, 0x3C,
    0x9E, 0x08, 0x91, 0xF2, 0x93, 0xFB, 0x4D, 0x05, 0x46, 0x84, 0x00, 0x95, 0x88, 0x11, 0x01, 0x06,
    0x0F, 0x00, 0x21, 0x0A, 0xA4, 0x00, 0x21, 0x00, 0x01, 0x00, 0x3A, 0x61, 0x00, 0xA0, 0x21, 0x0A,
    0xA4, 0x00, 0x21, 0x00, 0x01, 0x00, 0xBA, 0xA6, 0x00, 0xBE, 0xAB, 0xA0, 0xAB, 0xB0, 0x20, 0xAC,
    0x20, 0xBD, 0x03, 0x0A, 0xA4, 0x00, 0xA1, 0xA7, 0x03, 0x06, 0x0F, 0x00, 0xDF, 0x6B, 0x97, 0xFB,
    0x95, 0xF2, 0x9E, 0x08, 0x5C, 0x09, 0x00, 0x0E, 0x46, 0x3C, 0x89, 0x77, 0xD0, 0x3C, 0xC8, 0x40,
    0x21, 0x09, 0x0F, 0xFC, 0x21, 0x0A, 0x0F, 0xFA, 0x21, 0x0B, 0x0F, 0xF6, 0x21, 0x02, 0x00, 0x04,
    0x3A, 0x33, 0x02, 0x90, 0xAB, 0x33, 0x21, 0x02, 0x00, 0x04, 0x3A, 0x43, 0x02, 0xA0, 0xAB, 0x43,
    0x21, 0x02, 0x00, 0x04, 0x3A, 0x53, 0x02, 0xB0, 0xAB, 0x53, 0xF8, 0x10, 0xD0, 0x54, 0x5C, 0x01,
    0x00, 0x0E, 0x46, 0x3C, 0x9E, 0x08, 0x91, 0xF2, 0x93, 0xF9, 0x88, 0x11, 0x89, 0x22, 0x4D, 0x04,
    0x46, 0x86, 0xE6, 0x04, 0xC2, 0x02, 0xA6, 0xC1, 0xE6, 0x01, 0xC2, 0x42, 0x4D, 0x05, 0x46, 0x84,
    0x00, 0x50, 0x4D, 0x05, 0x46, 0x72, 0x00, 0x00, 0xC8, 0x02, 0x4D, 0x04, 0x46, 0x86, 0xE6, 0x23,
    0xC8, 0x06, 0x3A, 0x86, 0xFF, 0xC1, 0x88, 0x44, 0xA6, 0xC1, 0xE6, 0x09, 0x3A, 0xC7, 0x00, 0xF6,
    0xC4, 0x80, 0x3A, 0x47, 0x00, 0xFC, 0xC4, 0x81, 0x3A, 0x47, 0x00, 0xFA, 0xE8, 0x1F, 0xA6, 0xC0,
    0xE6, 0x09, 0x3A, 0xC7, 0x00, 0xFA, 0xC4, 0x80, 0x3A, 0x47, 0x00, 0xFC, 0xC4, 0x82, 0x3A, 0x47,
    0x00, 0xF6, 0xE8, 0x14, 0x3A, 0xC7, 0x00, 0xFC, 0xC4, 0x81, 0x3A, 0x47, 0x00, 0xFA, 0xC4, 0x82,
    0x3A, 0x47, 0x00, 0xF6, 0xE8, 0x0B, 0x3A, 0x86, 0xFF, 0xC1, 0xC8, 0xD0, 0x3A, 0x87, 0x00, 0xFC,
    0xA8, 0x80, 0x3A, 0x87, 0x00, 0xFA, 0xA8, 0x80, 0x3A, 0x87, 0x00, 0xF6, 0x7D, 0x92, 0xA5, 0x9F,
    0x4D, 0x04, 0x46, 0x88, 0xE6, 0x01, 0xA3, 0x9E, 0x7D, 0x9A, 0x2F, 0x25, 0x7B, 0x0A, 0x7F, 0x02,
    0x3A, 0x87, 0x00, 0xF0, 0x3A, 0x86, 0xFF, 0xC1, 0x61, 0x06, 0x46, 0x72, 0x8C, 0x64, 0xEE, 0x15,
    0x8A, 0xE0, 0xEE, 0x0E, 0xA8, 0x20, 0x4D, 0x04, 0x46, 0x86, 0xE6, 0x06, 0xA6, 0xC1, 0xE6, 0x04,
    0x0A, 0x02, 0x80, 0x80, 0xEE, 0xAB, 0xE8, 0x0D, 0x0A, 0x02, 0x40, 0x40, 0xEE, 0xA7, 0xE8, 0x09,
    0x4D, 0x05, 0x46, 0x84, 0x00, 0x58, 0x61, 0x05, 0x46, 0x70, 0xA0, 0x2F, 0xDF, 0xB2, 0xA6, 0x17,
    0xE6, 0xE9, 0x97, 0xF9, 0x95, 0xF2, 0x9E, 0x08, 0xA6, 0x11, 0xE6, 0x03, 0x8B, 0x45, 0x9E, 0x06,
    0xE8, 0x02, 0x8A, 0xCD, 0x9E, 0x06, 0xA6, 0x10, 0xE6, 0x40, 0x3A, 0x24, 0xFF, 0xC1, 0xA2, 0x20,
    0x3A, 0x26, 0xFF, 0xC1, 0xDF, 0xC6, 0x3A, 0x24, 0xFF, 0xC1, 0xA4, 0x20, 0x3A, 0x26, 0xFF, 0xC1,
    0x9E, 0x08, 0xDF, 0xCD, 0xDF, 0xD7, 0x21, 0x02, 0x15, 0x34, 0x7F, 0x0C, 0x7F, 0x10, 0x61, 0x02,
    0x46, 0x7C, 0x9E, 0x08, 0x5C, 0x09, 0x00, 0x0E, 0x46, 0x3C, 0xA6, 0x10, 0xE6, 0x05, 0x3A, 0x24,
    0xFF, 0xC1, 0xA2, 0x20, 0x3A, 0x26, 0xFF, 0xC1, 0xDF, 0xE9, 0xA1, 0x85, 0x7F, 0x12, 0x7F, 0x26,
    0xA6, 0x10, 0xE6, 0x05, 0x3A, 0x24, 0xFF, 0xC1, 0xA4, 0x20, 0x3A, 0x26, 0xFF, 0xC1, 0x5C, 0x01,
    0x00, 0x0E, 0x46, 0x3C, 0x9E, 0x08, 0x91, 0xF0, 0x91, 0xF2, 0xC8, 0x20, 0x7F, 0x06, 0xC8, 0x20,
    0x7F, 0x06, 0x95, 0xF2, 0x95, 0xF0, 0x9E, 0x08, 0x91, 0xF0, 0x91, 0xF2, 0xC8, 0x08, 0x7F, 0x06,
    0xC8, 0x08, 0x7F, 0x06, 0x95, 0xF2, 0x95, 0xF0, 0x9E, 0x08, 0x5C, 0x09, 0x00, 0x0E, 0x46, 0x3C,
    0x93, 0xF4, 0x93, 0xF5, 0x93, 0xF7, 0x93, 0xF6, 0x93, 0xF8, 0xD0, 0x12, 0x21, 0x02, 0x15, 0x28,
    0x5F, 0x00, 0x0A, 0x4A, 0x97, 0xF5, 0x7F, 0x12, 0xC9, 0x20, 0x7F, 0x16, 0xC9, 0x20, 0x7F, 0x16,
    0xC9, 0x20, 0x7F, 0x16, 0x61, 0x07, 0x46, 0x84, 0x21, 0x06, 0x00, 0x04, 0x88, 0x77, 0xB3, 0x72,
    0x97, 0xF5, 0x0A, 0x07, 0x01, 0x01, 0xEE, 0x02, 0x7F, 0x12, 0xE8, 0x0A, 0x0A, 0x07, 0x02, 0x02,
    0xEE, 0x02, 0x7F, 0x0E, 0xE8, 0x05, 0x0A, 0x07, 0x03, 0x03, 0xEE, 0x02, 0xA0, 0x5D, 0x7F, 0x14,
    0xC9, 0x20, 0x7F, 0x16, 0xF6, 0x95, 0x7F, 0x10, 0xD0, 0x42, 0x5C, 0x01, 0x00, 0x0E, 0x46, 0x3C,
    0xA6, 0x12, 0xEE, 0x02, 0x69, 0x00, 0x46, 0x7C, 0xA2, 0x12, 0xA6, 0x16, 0xE6, 0x01, 0xA4, 0x17,
    0xA4, 0x16, 0x9E, 0x08, 0xD0, 0x47, 0x21, 0x02, 0x15, 0x46, 0x7F, 0x0C, 0x60, 0x0D, 0x46, 0x80,
    0x7F, 0x14, 0x7F, 0x10, 0x61, 0x02, 0x46, 0x7C, 0x41, 0x02, 0x46, 0x7E, 0x9E, 0x08, 0x89, 0x45,
    0x0B, 0x05, 0xFF, 0xFF, 0xEE, 0x25, 0x21, 0x06, 0xFF, 0xFF, 0x20, 0x28, 0x88, 0x68, 0xA0, 0x86,
    0xB2, 0x84, 0xB2, 0x84, 0xB2, 0x84, 0xB2, 0x84, 0x06, 0x08, 0x0F, 0x0F, 0x88, 0x68, 0xA0, 0x86,
    0xB2, 0x84, 0xB2, 0x84, 0xB2, 0x84, 0xA0, 0x80, 0x06, 0x08, 0x1F, 0x1F, 0x88, 0xE8, 0xA0, 0x8E,
    0xA0, 0x08, 0xB2, 0x84, 0x06, 0x08, 0xF0, 0xF0, 0x88, 0xE8, 0xA0, 0x8E, 0xA0, 0x08, 0x06, 0x08,
    0xE0, 0xE0, 0x88, 0x68, 0xA0, 0xE6, 0xA0, 0x8E, 0xA9, 0x21, 0xF3, 0xA1, 0x8B, 0x46, 0x9E, 0x06,
    0x97, 0xF5, 0x5E, 0x08, 0x23, 0x12, 0xCD, 0x55, 0x0B, 0x06, 0xFF, 0xA3, 0xEE, 0x01, 0xCD, 0x75,
    0xC8, 0xCF, 0x3E, 0x78, 0xC8, 0x00, 0x3E, 0x78, 0xC8, 0x07, 0x3E, 0x78, 0x3E, 0x6D, 0x3C, 0x6C,
    0xD0, 0xCD, 0xC8, 0x4F, 0x3E, 0x78, 0x0A, 0x0D, 0xAA, 0xAA, 0x9E, 0x06, 0xCD, 0xAA, 0xE8, 0xF0,
    0xCD, 0xAA, 0x7C, 0x01, 0xC8, 0x27, 0x3E, 0x68, 0x3E, 0x6D, 0x3C, 0x6C, 0x7C, 0x05, 0xDF, 0xDF,
    0xD0, 0xDD, 0x0A, 0x0D, 0x55, 0x55, 0x9E, 0x06, 0xCD, 0x55, 0xE8, 0xF3, 0xC8, 0x07, 0x3E, 0x68,
    0xCD, 0xFF, 0x3E, 0x6D, 0xC8, 0x02, 0xF8, 0x01, 0x3C, 0x6C, 0xDF, 0xED, 0x8A, 0xDC, 0x5E, 0x06,
    0x23, 0x7A, 0x9E, 0x08, 0xC8, 0x87, 0x3E, 0x68, 0x4D, 0x05, 0x46, 0x8A, 0x00, 0x00, 0xC8, 0x20,
    0x3E, 0x68, 0xC8, 0xFF, 0x4D, 0x04, 0x46, 0x8A, 0xEE, 0x04, 0xF8, 0x04, 0xDF, 0xFE, 0x5E, 0x08,
    0x23, 0x7A, 0xC8, 0x03, 0x3E, 0x68, 0x0B, 0x06, 0xFF, 0xAB, 0x9E, 0x0E, 0x4C, 0x04, 0x40, 0xAC,
    0x9E, 0x0E, 0x5E, 0x08, 0x04, 0x46, 0x7C, 0x01, 0x93, 0xF0, 0x4D, 0x05, 0x46, 0x8A, 0xFF, 0xFF,
    0xC8, 0x03, 0x3E, 0x68, 0x21, 0x00, 0xED, 0x4D, 0x3A, 0x06, 0xFF, 0xE1, 0x3A, 0x86, 0xFF, 0xE1,
    0x97, 0xF0, 0x7C, 0x05, 0x7F, 0x01, 0x8D, 0x07, 0x7B, 0x00, 0xCD, 0xAA, 0xC8, 0x18, 0x3E, 0x78,
    0xC8, 0x11, 0xC0, 0x00, 0x3E, 0x78, 0x3E, 0x70, 0xC8, 0x12, 0x3E, 0x78, 0x3E, 0x7D, 0x3E, 0x78,
    0x3C, 0x7C, 0xDF, 0xAA, 0xD1, 0x27, 0x0A, 0x0D, 0x55, 0x55, 0x9E, 0x06, 0xCD, 0x55, 0xE8, 0xEE,
    0x21, 0x06, 0xFF, 0x81, 0x21, 0x07, 0xFF, 0x85, 0x21, 0x05, 0xFF, 0xA9, 0x21, 0x04, 0xFF, 0x87,
    0x21, 0x03, 0xFF, 0x85, 0xE8, 0x21, 0x21, 0x06, 0xFF, 0x83, 0x21, 0x07, 0xFF, 0x87, 0x21, 0x05,
    0xFF, 0xAB, 0x21, 0x04, 0xFF, 0x87, 0x21, 0x03, 0xFF, 0x85, 0xE8, 0x16, 0x21, 0x06, 0xFF, 0x89,
    0x21, 0x07, 0xFF, 0x8D, 0x21, 0x05, 0xFF, 0xAD, 0x21, 0x04, 0xFF, 0x8F, 0x21, 0x03, 0xFF, 0x8D,
    0xE8, 0x0B, 0x21, 0x06, 0xFF, 0x8B, 0x21, 0x07, 0xFF, 0x8F, 0x21, 0x05, 0xFF, 0xB1, 0x21, 0x04,
    0xFF, 0x8F, 0x21, 0x03, 0xFF, 0x8D, 0xE8, 0x00, 0xC0, 0x57, 0xC8, 0x02, 0x3E, 0x50, 0x3E, 0x58,
    0x21, 0x02, 0x25, 0xD4, 0x21, 0x00, 0x00, 0x09, 0x3A, 0x22, 0x00, 0x70, 0x21, 0x02, 0x25, 0xDD,
    0x21, 0x00, 0x00, 0x02, 0x3A, 0x22, 0x00, 0x40, 0x4D, 0x05, 0x46, 0x8A, 0x00, 0x00, 0xC8, 0x00,
    0x3E, 0x68, 0x21, 0x00, 0x10, 0x00, 0x4D, 0x04, 0x46, 0x8A, 0xEE, 0x0A, 0xF0, 0x84, 0xDF, 0xF8,
    0x5E, 0x08, 0x23, 0x7A, 0x18, 0x14, 0x8C, 0x03, 0x00, 0x05, 0x68, 0x11, 0x02, 0x02, 0x20, 0x00,
    0xC8, 0x18, 0x3E, 0x78, 0xC8, 0x03, 0x3E, 0x58, 0x0B, 0x07, 0xFF, 0x87, 0x9E, 0x0E, 0x4C, 0x04,
    0x40, 0xAC, 0x9E, 0x0E, 0x5F, 0x00, 0x04, 0x46, 0x5E, 0x08, 0x04, 0x86, 0x93, 0xF0, 0x4D, 0x05,
    0x46, 0x8A, 0xFF, 0xFF, 0xC8, 0x18, 0x3E, 0x78, 0xC8, 0x38, 0x3E, 0x38, 0x97, 0xF0, 0x7F, 0x01,
    0x8D, 0x07, 0x7B, 0x00, 0x00, 0x17, 0x49, 0x4E, 0x43, 0x4F, 0x52, 0x52, 0x45, 0x43, 0x54, 0x20,
    0x4C, 0x4F, 0x41, 0x44, 0x20, 0x41, 0x44, 0x44, 0x52, 0x45, 0x53, 0x53, 0x0D, 0x00, 0x00, 0x06,
    0x41, 0x42, 0x4F, 0x52, 0x54, 0x0D, 0x00, 0x0C, 0x45, 0x4E, 0x54, 0x52, 0x59, 0x20, 0x50, 0x4F,
    0x49, 0x4E, 0x54, 0x20, 0x4C, 0x01, 0x40, 0xAC, 0x02, 0x02, 0x5E, 0x0E, 0x04, 0xB4, 0x4D, 0x08,
    0x46, 0xFA, 0x4D, 0x08, 0x46, 0xFC, 0x4D, 0x08, 0x46, 0xFE, 0x5F, 0x00, 0x0B, 0x38, 0x5E, 0x06,
    0x04, 0xB4, 0x61, 0x02, 0x43, 0x9C, 0xAB, 0x20, 0x76, 0x22, 0x40, 0xB0, 0x6F, 0x02, 0x46, 0xF8,
    0x53, 0xF0, 0x43, 0xDE, 0x5F, 0x00, 0x0B, 0x38, 0x5F, 0x00, 0x0B, 0x52, 0x6F, 0x02, 0x43, 0xDE,
    0xC8, 0x53, 0x7F, 0x22, 0x7F, 0x20, 0xC8, 0x05, 0x7F, 0x22, 0x7F, 0x20, 0xC1, 0x0A, 0xC9, 0x00,
    0x61, 0x08, 0x46, 0xF8, 0xC8, 0x02, 0x7F, 0x22, 0x20, 0x88, 0xA9, 0x80, 0x0A, 0x08, 0x20, 0x20,
    0xE6, 0x06, 0x0A, 0x08, 0x0D, 0x0D, 0xE6, 0x03, 0x88, 0x89, 0x7F, 0x22, 0xE8, 0xF5, 0xC8, 0x03,
    0x7F, 0x22, 0xAC, 0x98, 0x7F, 0x22, 0x7F, 0x20, 0xA2, 0xB7, 0x0A, 0x0B, 0x06, 0x06, 0xE6, 0x07,
    0x0A, 0x0B, 0x18, 0x18, 0x5E, 0x06, 0x27, 0xD4, 0xF1, 0x1E, 0x5E, 0x08, 0x27, 0xD4, 0x21, 0x09,
    0x40, 0xB0, 0x21, 0x0B, 0x00, 0x80, 0xC1, 0x0A, 0xC9, 0x00, 0xA1, 0x98, 0xA1, 0xBA, 0x7F, 0x20,
    0xA2, 0xB7, 0x0A, 0x0B, 0x04, 0x04, 0xEE, 0x02, 0x7F, 0x20, 0xE8, 0x7A, 0x0A, 0x0B, 0x18, 0x18,
    0xE6, 0x71, 0x0A, 0x0B, 0x02, 0x02, 0xEE, 0x0C, 0x7F, 0x20, 0xA0, 0xB2, 0x7F, 0x20, 0xA0, 0xBA,
    0x7F, 0x20, 0x8D, 0xB4, 0xE6, 0x03, 0x2E, 0x9B, 0xA9, 0x90, 0xAB, 0xB0, 0x88, 0xB9, 0xF2, 0x88,
    0x7F, 0x20, 0xA2, 0xB7, 0x0A, 0x0B, 0x03, 0x03, 0xEE, 0xFB, 0x7F, 0x20, 0x8A, 0x9B, 0xEE, 0x05,
    0x8D, 0xB4, 0xE6, 0x0A, 0xC8, 0x06, 0x7F, 0x22, 0xE8, 0xD6, 0xAA, 0x10, 0xE6, 0x53, 0xA1, 0x89,
    0xA1, 0xAB, 0xC8, 0x15, 0x7F, 0x22, 0xE8, 0xD0, 0x21, 0x01, 0x00, 0x28, 0x61, 0x15, 0x40, 0xB0,
    0xAC, 0xD5, 0x61, 0x00, 0x43, 0xDE, 0xA3, 0x0F, 0x8D, 0x04, 0xEE, 0x06, 0x0B, 0x05, 0x80, 0x00,
    0xEF, 0x03, 0x21, 0x02, 0x26, 0x14, 0xE8, 0x40, 0xC8, 0x06, 0x7F, 0x22, 0xA1, 0x59, 0xC1, 0x0A,
    0xC9, 0x00, 0xA1, 0x98, 0x7F, 0x20, 0xA2, 0xB7, 0x0A, 0x0B, 0x04, 0x04, 0xEE, 0x02, 0x7F, 0x20,
    0xE8, 0x26, 0x0A, 0x0B, 0x18, 0x18, 0xE6, 0x2E, 0x0A, 0x0B, 0x02, 0x02, 0xEE, 0x0F, 0x7F, 0x20,
    0xA0, 0xB2, 0x7F, 0x20, 0xA0, 0xBA, 0x7F, 0x20, 0x93, 0xF8, 0x61, 0x08, 0x43, 0xDE, 0x7F, 0x01,
    0x2E, 0x8B, 0x7F, 0x02, 0x97, 0xF8, 0xA9, 0x90, 0x88, 0xB9, 0xF2, 0x8B, 0x7F, 0x20, 0xA2, 0xB7,
    0x0A, 0x0B, 0x03, 0x03, 0xEE, 0xFB, 0x7F, 0x20, 0x8A, 0x9B, 0xEE, 0x03, 0xC8, 0x06, 0x7F, 0x22,
    0xE8, 0xD6, 0xAA, 0x10, 0xE6, 0x0F, 0xA1, 0x89, 0xC8, 0x15, 0x7F, 0x22, 0xE8, 0xD1, 0x21, 0x02,
    0x26, 0x36, 0x7F, 0x0C, 0x21, 0x01, 0x00, 0x14, 0x61, 0x15, 0x40, 0xB0, 0xAC, 0xD5, 0x7F, 0x0E,
    0x7F, 0x10, 0xE8, 0x06, 0x21, 0x02, 0x26, 0x2E, 0x7F, 0x0C, 0xC8, 0x18, 0x7F, 0x22, 0x7F, 0x20,
    0x57, 0xF0, 0x43, 0xDE, 0x9E, 0x08, 0x4C, 0x01, 0x40, 0xAC, 0x02, 0x02, 0x5E, 0x0E, 0x04, 0xB4,
    0x4D, 0x08, 0x46, 0xFA, 0x4D, 0x08, 0x46, 0xFC, 0x4D, 0x08, 0x46, 0xFE, 0x5F, 0x00, 0x0B, 0x38,
    0x5E, 0x06, 0x04, 0xB4, 0x61, 0x02, 0x43, 0x9C, 0xAB, 0x20, 0x76, 0x22, 0x40, 0xB0, 0x6F, 0x02,
    0x46, 0xF8, 0x5F, 0x00, 0x0B, 0x38, 0x5E, 0x06, 0x04, 0xB4, 0x5F, 0x00, 0x0B, 0xB2, 0x94, 0x28,
    0x5E, 0x06, 0x04, 0xB4, 0x5F, 0x00, 0x0B, 0xB2, 0x8C, 0x01, 0x83, 0x93, 0x5E, 0x07, 0x04, 0xB4,
    0xA9, 0x30, 0xA1, 0x3B, 0xA1, 0x9A, 0x21, 0x0D, 0x01, 0x00, 0xA6, 0x06, 0xEE, 0x28, 0x0A, 0x08,
    0x45, 0x45, 0xEE, 0x0E, 0x5F, 0x00, 0x0B, 0x22, 0x0A, 0x08, 0x3D, 0x3D, 0x5E, 0x0E, 0x04, 0xB4,
    0x5F, 0x00, 0x0B, 0x46, 0x5E, 0x06, 0x04, 0xB4, 0x5F, 0x00, 0x0B, 0x8E, 0xA1, 0x3A, 0xE6, 0x17,
    0x0A, 0x08, 0x52, 0x52, 0x5E, 0x0E, 0x04, 0xB4, 0x5F, 0x00, 0x0B, 0x22, 0x0A, 0x08, 0x4C, 0x4C,
    0x5E, 0x0E, 0x04, 0xB4, 0x5F, 0x00, 0x0B, 0x22, 0x0A, 0x08, 0x3D, 0x3D, 0x5E, 0x0E, 0x04, 0xB4,
    0x5F, 0x00, 0x0B, 0x46, 0x5E, 0x06, 0x04, 0xB4, 0x5F, 0x00, 0x0B, 0x8E, 0xA1, 0x3D, 0x53, 0xF0,
    0x43, 0xDE, 0x6F, 0x08, 0x43, 0xDE, 0xC8, 0x4C, 0x7F, 0x22, 0x7F, 0x20, 0xC8, 0x05, 0x7F, 0x22,
    0x7F, 0x20, 0xC1, 0x0A, 0xC9, 0x00, 0x61, 0x0C, 0x46, 0xF8, 0xC8, 0x02, 0x7F, 0x22, 0x20, 0xC8,
    0xA9, 0xC0, 0x0A, 0x08, 0x20, 0x20, 0xE6, 0x06, 0x0A, 0x08, 0x0D, 0x0D, 0xE6, 0x03, 0x88, 0x89,
    0x7F, 0x22, 0xE8, 0xF5, 0xC8, 0x03, 0x7F, 0x22, 0xAC, 0x98, 0x7F, 0x22, 0x7F, 0x20, 0xA2, 0xB7,
    0x0A, 0x0B, 0x06, 0x06, 0xE6, 0x07, 0x0A, 0x0B, 0x18, 0x18, 0x5E, 0x06, 0x2A, 0x42, 0xF1, 0x1E,
    0x5E, 0x08, 0x2A, 0x42, 0x21, 0x04, 0x41, 0x30, 0x21, 0x02, 0x41, 0x32, 0x21, 0x01, 0x00, 0x3F,
    0x0D, 0x45, 0x00, 0x00, 0xBB, 0x41, 0x01, 0x20, 0x21, 0x01, 0x00, 0x00, 0x4C, 0x15, 0x41, 0x30,
    0xD6, 0xD6, 0xA9, 0x10, 0x4C, 0x15, 0x41, 0x30, 0x07, 0x07, 0x21, 0x01, 0x00, 0x0C, 0x4C, 0x15,
    0x41, 0x30, 0x80, 0x80, 0x21, 0x01, 0x00, 0x0F, 0xA1, 0xD5, 0x6E, 0x1D, 0x41, 0x30, 0xA9, 0x10,
    0x6E, 0x15, 0x41, 0x30, 0x21, 0x01, 0x00, 0x14, 0xA1, 0xA5, 0x6E, 0x1D, 0x41, 0x30, 0xA9, 0x10,
    0x6E, 0x15, 0x41, 0x30, 0x21, 0x01, 0x00, 0x28, 0xA1, 0x95, 0x6E, 0x1D, 0x41, 0x30, 0xA9, 0x10,
    0x6E, 0x15, 0x41, 0x30, 0x21, 0x01, 0x00, 0x2A, 0xA1, 0xB5, 0x6E, 0x1D, 0x41, 0x30, 0xA9, 0x10,
    0x6E, 0x15, 0x41, 0x30, 0x21, 0x01, 0x00, 0x7A, 0xA1, 0x95, 0x6E, 0x1D, 0x41, 0x30, 0xA9, 0x10,
    0x6E, 0x15, 0x41, 0x30, 0x21, 0x01, 0x00, 0x7C, 0xA1, 0x95, 0x81, 0xB5, 0xAB, 0x50, 0x6E, 0x1D,
    0x41, 0x30, 0xA9, 0x10, 0x6E, 0x15, 0x41, 0x30, 0x21, 0x01, 0x00, 0x7E, 0x4C, 0x15, 0x41, 0x30,
    0x80, 0x80, 0xA9, 0x10, 0x4C, 0x15, 0x41, 0x30, 0x00, 0x00, 0x21, 0x0C, 0x41, 0x30, 0x21, 0x0D,
    0x00, 0x80, 0xC1, 0x0A, 0xC9, 0x00, 0xA1, 0xC8, 0xA1, 0xDA, 0xC8, 0x02, 0x7F, 0x22, 0x21, 0x02,
    0x00, 0x40, 0x83, 0x2D, 0xEF, 0x03, 0xA1, 0xA2, 0x21, 0x0D, 0x00, 0x00, 0xA0, 0x28, 0x7F, 0x22,
    0xA0, 0xA8, 0x7F, 0x22, 0x20, 0xC8, 0x88, 0x89, 0x7F, 0x22, 0xA9, 0xC0, 0xF2, 0x85, 0xC8, 0x03,
    0x7F, 0x22, 0xA0, 0x98, 0x7F, 0x22, 0x7F, 0x20, 0x0A, 0x0B, 0x06, 0x06, 0xEE, 0x03, 0x8D, 0xD4,
    0xE6, 0x09, 0xE8, 0xDF, 0x0A, 0x0B, 0x18, 0x18, 0xE6, 0x34, 0xAA, 0x10, 0xE6, 0x32, 0xA1, 0x8C,
    0xA1, 0xAD, 0xE8, 0xD8, 0xC1, 0x0A, 0xC9, 0x00, 0xA1, 0x98, 0xA1, 0xBA, 0xC8, 0x02, 0x7F, 0x22,
    0x21, 0x02, 0x00, 0x40, 0x83, 0x2B, 0xEF, 0x03, 0xA1, 0xA2, 0x21, 0x0B, 0x00, 0x00, 0xA0, 0x28,
    0x7F, 0x22, 0xA0, 0xA8, 0x7F, 0x22, 0x93, 0xF8, 0x61, 0x08, 0x43, 0xDE, 0x7F, 0x01, 0x20, 0x88,
    0x7F, 0x02, 0x97, 0xF8, 0x88, 0x89, 0x7F, 0x22, 0xA9, 0x90, 0xF2, 0x8B, 0xC8, 0x03, 0x7F, 0x22,
    0xA0, 0x98, 0x7F, 0x22, 0x7F, 0x20, 0x0A, 0x0B, 0x06, 0x06, 0xEE, 0x03, 0x8D, 0xB4, 0xE6, 0x0C,
    0xE8, 0xD9, 0x0A, 0x0B, 0x18, 0x18, 0xE6, 0x05, 0xAA, 0x10, 0xE6, 0x03, 0xA1, 0x89, 0xA1, 0xAB,
    0xE8, 0xD2, 0x21, 0x02, 0x26, 0x2E, 0x7F, 0x0C, 0xC8, 0x18, 0x7F, 0x22, 0x7F, 0x20, 0x57, 0xF0,
    0x43, 0xDE, 0x9E, 0x08, 0x4C, 0x04, 0x40, 0xAC, 0x5E, 0x06, 0x04, 0xB4, 0xC8, 0x51, 0xC0, 0x1E,
    0x5F, 0x00, 0x09, 0x24, 0x7F, 0x20, 0x9E, 0x08, 0x4C, 0x04, 0x40, 0xAC, 0x5E, 0x06, 0x04, 0xB4,
    0xC8, 0x52, 0xC0, 0x1E, 0x5F, 0x00, 0x09, 0x24, 0x7F, 0x20, 0x9E, 0x08, 0x4C, 0x01, 0x40, 0xAC,
    0x02, 0x02, 0x21, 0x02, 0x00, 0x01, 0x9E, 0x0E, 0x4D, 0x08, 0x46, 0xFA, 0x4D, 0x08, 0x46, 0xFC,
    0x4D, 0x08, 0x46, 0xFE, 0x0B, 0x07, 0x00, 0x01, 0xE6, 0x15, 0x0B, 0x07, 0x00, 0x02, 0xE6, 0x37,
    0x0B, 0x07, 0x00, 0x03, 0xE6, 0x03, 0x21, 0x02, 0x00, 0x02, 0x9E, 0x08, 0xC8, 0x46, 0x7F, 0x22,
    0xA0, 0xE8, 0x7F, 0x22, 0x7F, 0x20, 0x0A, 0x0B, 0x06, 0x06, 0x21, 0x02, 0x00, 0x00, 0x9E, 0x06,
    0xA0, 0xBA, 0x9E, 0x08, 0xC8, 0x52, 0x7F, 0x22, 0xA0, 0xE8, 0x5F, 0x00, 0x09, 0x1A, 0xA0, 0x58,
    0x5F, 0x00, 0x09, 0x1A, 0xA0, 0xD8, 0x5F, 0x00, 0x09, 0x1A, 0xA1, 0xA0, 0xA0, 0x08, 0x5F, 0x00,
    0x09, 0x1A, 0xA1, 0xA0, 0x5F, 0x00, 0x09, 0x1A, 0x7F, 0x20, 0x0A, 0x0B, 0x06, 0x06, 0xA0, 0xBA,
    0xC2, 0x00, 0x9E, 0x0E, 0x5F, 0x00, 0x08, 0xF0, 0x7F, 0x01, 0x2E, 0x88, 0x7F, 0x02, 0xA9, 0x90,
    0xFA, 0x87, 0xC8, 0x06, 0x5F, 0x00, 0x09, 0x1A, 0x21, 0x02, 0x00, 0x00, 0x9E, 0x08, 0xC8, 0x57,
    0x7F, 0x22, 0xA0, 0xE8, 0x5F, 0x00, 0x09, 0x1A, 0xA0, 0x58, 0x5F, 0x00, 0x09, 0x1A, 0xA0, 0xD8,
    0x5F, 0x00, 0x09, 0x1A, 0xA1, 0xA0, 0xA0, 0x08, 0x5F, 0x00, 0x09, 0x1A, 0xA1, 0xA0, 0x5F, 0x00,
    0x09, 0x1A, 0x7F, 0x01, 0x20, 0x88, 0x7F, 0x02, 0x5F, 0x00, 0x09, 0x1A, 0xA9, 0x90, 0xFA, 0x87,
    0x7F, 0x20, 0x0A, 0x0B, 0x06, 0x06, 0x21, 0x02, 0x00, 0x00, 0x9E, 0x06, 0xA0, 0xBA, 0x9E, 0x08,
    0x64, 0x00, 0x43, 0xF0, 0x5F, 0x00, 0x0B, 0x38, 0x5E, 0x06, 0x04, 0xB4, 0x61, 0x02, 0x43, 0x9C,
    0xAB, 0x20, 0x76, 0x22, 0x40, 0xB0, 0x6F, 0x02, 0x46, 0xF8, 0x53, 0xF0, 0x43, 0xDE, 0x5F, 0x00,
    0x0B, 0x38, 0x5F, 0x00, 0x0B, 0x52, 0x6F, 0x02, 0x43, 0xDE, 0xC8, 0x01, 0x7F, 0x06, 0xC8, 0x1B,
    0x7F, 0x06, 0xC8, 0x53, 0x7F, 0x06, 0x7F, 0x04, 0xC8, 0x05, 0x7F, 0x06, 0x7F, 0x04, 0xC1, 0x0A,
    0xC9, 0x00, 0x61, 0x08, 0x46, 0xF8, 0xC8, 0x02, 0x7F, 0x06, 0x20, 0x88, 0xA9, 0x80, 0x0A, 0x08,
    0x20, 0x20, 0xE6, 0x06, 0x0A, 0x08, 0x0D, 0x0D, 0xE6, 0x03, 0x88, 0x89, 0x7F, 0x06, 0xE8, 0xF5,
    0xC8, 0x03, 0x7F, 0x06, 0xAC, 0x98, 0x7F, 0x06, 0x7F, 0x04, 0xA2, 0xB7, 0x0A, 0x0B, 0x06, 0x06,
    0xE6, 0x07, 0x0A, 0x0B, 0x18, 0x18, 0x5E, 0x06, 0x2C, 0xD6, 0xF1, 0x1E, 0x5E, 0x08, 0x2C, 0xD6,
    0x21, 0x09, 0x40, 0xB0, 0x21, 0x0B, 0x00, 0x80, 0xC1, 0x0A, 0xC9, 0x00, 0xA1, 0x98, 0xA1, 0xBA,
    0x7F, 0x04, 0xA2, 0xB7, 0x0A, 0x0B, 0x04, 0x04, 0xEE, 0x02, 0x7F, 0x04, 0xE8, 0x7A, 0x0A, 0x0B,
    0x18, 0x18, 0xE6, 0x71, 0x0A, 0x0B, 0x02, 0x02, 0xEE, 0x0C, 0x7F, 0x04, 0xA0, 0xB2, 0x7F, 0x04,
    0xA0, 0xBA, 0x7F, 0x04, 0x8D, 0xB4, 0xE6, 0x03, 0x2E, 0x9B, 0xA9, 0x90, 0xAB, 0xB0, 0x88, 0xB9,
    0xF2, 0x88, 0x7F, 0x04, 0xA2, 0xB7, 0x0A, 0x0B, 0x03, 0x03, 0xEE, 0xFB, 0x7F, 0x04, 0x8A, 0x9B,
    0xEE, 0x05, 0x8D, 0xB4, 0xE6, 0x0A, 0xC8, 0x06, 0x7F, 0x06, 0xE8, 0xD6, 0xAA, 0x10, 0xE6, 0x53,
    0xA1, 0x89, 0xA1, 0xAB, 0xC8, 0x15, 0x7F, 0x06, 0xE8, 0xD0, 0x21, 0x01, 0x00, 0x28, 0x61, 0x15,
    0x40, 0xB0, 0xAC, 0xD5, 0x61, 0x00, 0x43, 0xDE, 0xA3, 0x0F, 0x8D, 0x04, 0xEE, 0x06, 0x0B, 0x05,
    0x80, 0x00, 0xEF, 0x03, 0x21, 0x02, 0x26, 0x14, 0xE8, 0x40, 0xC8, 0x06, 0x7F, 0x06, 0xA1, 0x59,
    0xC1, 0x0A, 0xC9, 0x00, 0xA1, 0x98, 0x7F, 0x04, 0xA2, 0xB7, 0x0A, 0x0B, 0x04, 0x04, 0xEE, 0x02,
    0x7F, 0x04, 0xE8, 0x26, 0x0A, 0x0B, 0x18, 0x18, 0xE6, 0x2E, 0x0A, 0x0B, 0x02, 0x02, 0xEE, 0x0F,
    0x7F, 0x04, 0xA0, 0xB2, 0x7F, 0x04, 0xA0, 0xBA, 0x7F, 0x04, 0x93, 0xF8, 0x61, 0x08, 0x43, 0xDE,
    0x7F, 0x01, 0x2E, 0x8B, 0x7F, 0x02, 0x97, 0xF8, 0xA9, 0x90, 0x88, 0xB9, 0xF2, 0x8B, 0x7F, 0x04,
    0xA2, 0xB7, 0x0A, 0x0B, 0x03, 0x03, 0xEE, 0xFB, 0x7F, 0x04, 0x8A, 0x9B, 0xEE, 0x03, 0xC8, 0x06,
    0x7F, 0x06, 0xE8, 0xD6, 0xAA, 0x10, 0xE6, 0x0F, 0xA1, 0x89, 0xC8, 0x15, 0x7F, 0x06, 0xE8, 0xD1,
    0x21, 0x02, 0x26, 0x36, 0x7F, 0x0C, 0x21, 0x01, 0x00, 0x14, 0x61, 0x15, 0x40, 0xB0, 0xAC, 0xD5,
    0x7F, 0x0E, 0x7F, 0x10, 0xE8, 0x06, 0x21, 0x02, 0x26, 0x2E, 0x7F, 0x0C, 0xC8, 0x18, 0x7F, 0x06,
    0x7F, 0x04, 0x62, 0x00, 0x43, 0xF0, 0x57, 0xF0, 0x43, 0xDE, 0x9E, 0x08, 0x64, 0x00, 0x43, 0xF0,
    0x5F, 0x00, 0x0B, 0x38, 0x5E, 0x06, 0x04, 0xB4, 0x61, 0x02, 0x43, 0x9C, 0xAB, 0x20, 0x76, 0x22,
    0x40, 0xB0, 0x6F, 0x02, 0x46, 0xF8, 0x5F, 0x00, 0x0B, 0x38, 0x5E, 0x06, 0x04, 0xB4, 0x5F, 0x00,
    0x0B, 0xB2, 0x94, 0x28, 0x5E, 0x06, 0x04, 0xB4, 0x5F, 0x00, 0x0B, 0xB2, 0x8C, 0x01, 0x83, 0x93,
    0x5E, 0x07, 0x04, 0xB4, 0xA9, 0x30, 0xA1, 0x3B, 0xA1, 0x9A, 0x21, 0x0D, 0x01, 0x00, 0xA6, 0x06,
    0xEE, 0x28, 0x0A, 0x08, 0x45, 0x45, 0xEE, 0x0E, 0x5F, 0x00, 0x0B, 0x22, 0x0A, 0x08, 0x3D, 0x3D,
    0x5E, 0x0E, 0x04, 0xB4, 0x5F, 0x00, 0x0B, 0x46, 0x5E, 0x06, 0x04, 0xB4, 0x5F, 0x00, 0x0B, 0x8E,
    0xA1, 0x3A, 0xE6, 0x17, 0x0A, 0x08, 0x52, 0x52, 0x5E, 0x0E, 0x04, 0xB4, 0x5F, 0x00, 0x0B, 0x22,
    0x0A, 0x08, 0x4C, 0x4C, 0x5E, 0x0E, 0x04, 0xB4, 0x5F, 0x00, 0x0B, 0x22, 0x0A, 0x08, 0x3D, 0x3D,
    0x5E, 0x0E, 0x04, 0xB4, 0x5F, 0x00, 0x0B, 0x46, 0x5E, 0x06, 0x04, 0xB4, 0x5F, 0x00, 0x0B, 0x8E,
    0xA1, 0x3D, 0x53, 0xF0, 0x43, 0xDE, 0x6F, 0x08, 0x43, 0xDE, 0xC8, 0x01, 0x7F, 0x06, 0xC8, 0x1B,
    0x7F, 0x06, 0xC8, 0x4C, 0x7F, 0x06, 0x7F, 0x04, 0xC8, 0x05, 0x7F, 0x06, 0x7F, 0x04, 0xC1, 0x0A,
    0xC9, 0x00, 0x61, 0x0C, 0x46, 0xF8, 0xC8, 0x02, 0x7F, 0x06, 0x20, 0xC8, 0xA9, 0xC0, 0x0A, 0x08,
    0x20, 0x20, 0xE6, 0x06, 0x0A, 0x08, 0x0D, 0x0D, 0xE6, 0x03, 0x88, 0x89, 0x7F, 0x06, 0xE8, 0xF5,
    0xC8, 0x03, 0x7F, 0x06, 0xAC, 0x98, 0x7F, 0x06, 0x7F, 0x04, 0xA2, 0xB7, 0x0A, 0x0B, 0x06, 0x06,
    0xE6, 0x07, 0x0A, 0x0B, 0x18, 0x18, 0x5E, 0x06, 0x2F, 0x3E, 0xF1, 0x1E, 0x5E, 0x08, 0x2F, 0x3E,
    0x21, 0x04, 0x41, 0x30, 0x21, 0x02, 0x41, 0x32, 0x21, 0x01, 0x00, 0x3F, 0x0D, 0x45, 0x00, 0x00,
    0xBB, 0x41, 0x01, 0x20, 0x21, 0x01, 0x00, 0x00, 0x4C, 0x15, 0x41, 0x30, 0xD6, 0xD6, 0xA9, 0x10,
    0x4C, 0x15, 0x41, 0x30, 0x07, 0x07, 0x21, 0x01, 0x00, 0x0C, 0x4C, 0x15, 0x41, 0x30, 0x80, 0x80,
    0x21, 0x01, 0x00, 0x0F, 0xA1, 0xD5, 0x6E, 0x1D, 0x41, 0x30, 0xA9, 0x10, 0x6E, 0x15, 0x41, 0x30,
    0x21, 0x01, 0x00, 0x14, 0xA1, 0xA5, 0x6E, 0x1D, 0x41, 0x30, 0xA9, 0x10, 0x6E, 0x15, 0x41, 0x30,
    0x21, 0x01, 0x00, 0x28, 0xA1, 0x95, 0x6E, 0x1D, 0x41, 0x30, 0xA9, 0x10, 0x6E, 0x15, 0x41, 0x30,
    0x21, 0x01, 0x00, 0x2A, 0xA1, 0xB5, 0x6E, 0x1D, 0x41, 0x30, 0xA9, 0x10, 0x6E, 0x15, 0x41, 0x30,
    0x21, 0x01, 0x00, 0x7A, 0xA1, 0x95, 0x6E, 0x1D, 0x41, 0x30, 0xA9, 0x10, 0x6E, 0x15, 0x41, 0x30,
    0x21, 0x01, 0x00, 0x7C, 0xA1, 0x95, 0x81, 0xB5, 0xAB, 0x50, 0x6E, 0x1D, 0x41, 0x30, 0xA9, 0x10,
    0x6E, 0x15, 0x41, 0x30, 0x21, 0x01, 0x00, 0x7E, 0x4C, 0x15, 0x41, 0x30, 0x80, 0x80, 0xA9, 0x10,
    0x4C, 0x15, 0x41, 0x30, 0x00, 0x00, 0x21, 0x0C, 0x41, 0x30, 0x21, 0x0D, 0x00, 0x80, 0xC1, 0x0A,
    0xC9, 0x00, 0xA1, 0xC8, 0xA1, 0xDA, 0xC8, 0x02, 0x7F, 0x06, 0x21, 0x02, 0x00, 0x40, 0x83, 0x2D,
    0xEF, 0x03, 0xA1, 0xA2, 0x21, 0x0D, 0x00, 0x00, 0xA0, 0x28, 0x7F, 0x06, 0xA0, 0xA8, 0x7F, 0x06,
    0x20, 0xC8, 0x88, 0x89, 0x7F, 0x06, 0xA9, 0xC0, 0xF2, 0x85, 0xC8, 0x03, 0x7F, 0x06, 0xA0, 0x98,
    0x7F, 0x06, 0x7F, 0x04, 0x0A, 0x0B, 0x06, 0x06, 0xEE, 0x03, 0x8D, 0xD4, 0xE6, 0x09, 0xE8, 0xDF,
    0x0A, 0x0B, 0x18, 0x18, 0xE6, 0x34, 0xAA, 0x10, 0xE6, 0x32, 0xA1, 0x8C, 0xA1, 0xAD, 0xE8, 0xD8,
    0xC1, 0x0A, 0xC9, 0x00, 0xA1, 0x98, 0xA1, 0xBA, 0xC8, 0x02, 0x7F, 0x06, 0x21, 0x02, 0x00, 0x40,
    0x83, 0x2B, 0xEF, 0x03, 0xA1, 0xA2, 0x21, 0x0B, 0x00, 0x00, 0xA0, 0x28, 0x7F, 0x06, 0xA0, 0xA8,
    0x7F, 0x06, 0x93, 0xF8, 0x61, 0x08, 0x43, 0xDE, 0x7F, 0x01, 0x20, 0x88, 0x7F, 0x02, 0x97, 0xF8,
    0x88, 0x89, 0x7F, 0x06, 0xA9, 0x90, 0xF2, 0x8B, 0xC8, 0x03, 0x7F, 0x06, 0xA0, 0x98, 0x7F, 0x06,
    0x7F, 0x04, 0x0A, 0x0B, 0x06, 0x06, 0xEE, 0x03, 0x8D, 0xB4, 0xE6, 0x0C, 0xE8, 0xD9, 0x0A, 0x0B,
    0x18, 0x18, 0xE6, 0x05, 0xAA, 0x10, 0xE6, 0x03, 0xA1, 0x89, 0xA1, 0xAB, 0xE8, 0xD2, 0x21, 0x02,
    0x26, 0x2E, 0x7F, 0x0C, 0xC8, 0x18, 0x7F, 0x06, 0x7F, 0x04, 0x62, 0x00, 0x43, 0xF0, 0x57, 0xF0,
    0x43, 0xDE, 0x9E, 0x08, 0xC8, 0x01, 0x7F, 0x06, 0xC8, 0x1B, 0x7F, 0x06, 0xC8, 0x51, 0x7F, 0x06,
    0x7F, 0x04, 0x9E, 0x08, 0x4D, 0x08, 0x43, 0xA6, 0x4D, 0x08, 0x43, 0xA8, 0x64, 0x00, 0x43, 0xF0,
    0x4C, 0x04, 0x43, 0xA0, 0xE6, 0x0C, 0x61, 0x00, 0x43, 0xA4, 0x5F, 0x00, 0x08, 0x5C, 0x6F, 0x00,
    0x43, 0xA4, 0x60, 0x28, 0x41, 0xB0, 0x6A, 0x00, 0x43, 0xA0, 0xDF, 0x41, 0xEE, 0xF1, 0x61, 0x00,
    0x43, 0xA8, 0x4B, 0x00, 0x43, 0xA6, 0xE6, 0xEC, 0xDF, 0x4F, 0x6F, 0x00, 0x43, 0xA8, 0x60, 0x28,
    0x42, 0xB0, 0x5F, 0x00, 0x08, 0x90, 0xE8, 0xF3, 0xDF, 0x29, 0x53, 0xF0, 0x43, 0xDE, 0x5F, 0x00,
    0x0B, 0x38, 0x5F, 0x00, 0x0B, 0x52, 0x6F, 0x02, 0x43, 0xDE, 0x64, 0x04, 0x43, 0xF0, 0x21, 0x02,
    0x40, 0xB0, 0x21, 0x01, 0x00, 0x80, 0xC8, 0x3C, 0xBA, 0x24, 0x01, 0x86, 0xEE, 0x0D, 0xAB, 0x20,
    0xA9, 0x10, 0x20, 0x28, 0x0A, 0x08, 0x0D, 0x0D, 0xE6, 0x07, 0x0C, 0x25, 0x20, 0x20, 0x0A, 0x08,
    0x3E, 0x3E, 0xE6, 0x02, 0xA9, 0x20, 0xF1, 0x8B, 0xDF, 0x01, 0xE6, 0x4A, 0xDE, 0xB0, 0x21, 0x02,
    0x40, 0xB0, 0x20, 0x28, 0x0A, 0x08, 0x2F, 0x2F, 0xEE, 0x0C, 0x21, 0x04, 0x41, 0x30, 0x21, 0x01,
    0x00, 0x7F, 0xBB, 0x21, 0x01, 0x40, 0x4D, 0x05, 0x43, 0x9E, 0x00, 0x7F, 0x5F, 0x00, 0x0A, 0x76,
    0xE8, 0x37, 0x66, 0x05, 0x43, 0xF0, 0xEE, 0x2F, 0xDF, 0x5B, 0xEF, 0x02, 0xDE, 0xAE, 0xE8, 0xE6,
    0xC8, 0x2E, 0x5F, 0x00, 0x08, 0x90, 0x8C, 0x34, 0xEE, 0x15, 0xDE, 0xB1, 0x5F, 0x00, 0x0A, 0x2A,
    0x54, 0x00, 0x40, 0xB0, 0x5D, 0x00, 0x41, 0x3C, 0x21, 0x04, 0x30, 0xAC, 0x21, 0x02, 0x41, 0x30,
    0x21, 0x01, 0x00, 0x06, 0xBB, 0x41, 0x01, 0x20, 0x4D, 0x05, 0x43, 0x9E, 0x00, 0x10, 0x5F, 0x00,
    0x0A, 0x64, 0xE8, 0x16, 0xDF, 0x3D, 0x93, 0xF4, 0x61, 0x04, 0x43, 0xDE, 0xA3, 0x4F, 0x8D, 0x44,
    0x97, 0xF4, 0xEE, 0x06, 0x0B, 0x04, 0x80, 0x00, 0xEF, 0x03, 0x21, 0x02, 0x30, 0x86, 0xE8, 0x05,
    0xDE, 0xD4, 0xDF, 0x5C, 0xE8, 0xBB, 0x21, 0x02, 0x30, 0xA2, 0x5F, 0x00, 0x0A, 0x4A, 0xDE, 0xDD,
    0x57, 0xF0, 0x43, 0xDE, 0x9E, 0x08, 0x00, 0x19, 0x2F, 0x49, 0x4E, 0x43, 0x4F, 0x52, 0x52, 0x45,
    0x43, 0x54, 0x20, 0x4C, 0x4F, 0x41, 0x44, 0x20, 0x41, 0x44, 0x44, 0x52, 0x45, 0x53, 0x53, 0x20,
    0x0D, 0x00, 0x00, 0x07, 0x2F, 0x41, 0x42, 0x4F, 0x52, 0x54, 0x0D, 0x00, 0x45, 0x4E, 0x54, 0x52,
    0x59, 0x20, 0x50, 0x4F, 0x49, 0x4E, 0x54, 0x20, 0x93, 0xF0, 0x93, 0xF1, 0x93, 0xF2, 0x3A, 0x94,
    0xFF, 0x81, 0x66, 0x00, 0x43, 0xF0, 0xEE, 0x01, 0xA2, 0x97, 0x61, 0x00, 0x43, 0xA6, 0xDF, 0xEA,
    0x6F, 0x00, 0x43, 0xA6, 0x6E, 0x29, 0x42, 0xB0, 0xC9, 0x38, 0x3A, 0x96, 0xFF, 0x85, 0x97, 0xF2,
    0x97, 0xF1, 0x97, 0xF0, 0x7F, 0x01, 0x7B, 0x00, 0x93, 0xF1, 0xC9, 0x30, 0x3A, 0x96, 0xFF, 0x85,
    0xC9, 0x38, 0x3A, 0x96, 0xFF, 0x85, 0x97, 0xF1, 0x7F, 0x01, 0x7B, 0x00, 0xA1, 0x02, 0xA9, 0x00,
    0x0B, 0x00, 0x00, 0xE8, 0x9E, 0x07, 0x8D, 0x08, 0x9E, 0x08, 0x3A, 0x04, 0xFF, 0x85, 0xA6, 0x02,
    0xE6, 0xFC, 0x3A, 0x86, 0xFF, 0x81, 0x0A, 0x08, 0x0D, 0x0D, 0x9E, 0x08, 0x61, 0x02, 0x43, 0x9E,
    0x4C, 0x25, 0x41, 0x30, 0x0D, 0x0D, 0x69, 0x00, 0x43, 0x9E, 0x8D, 0x18, 0x60, 0x18, 0x41, 0x30,
    0xA9, 0x10, 0xD0, 0x15, 0xE6, 0x03, 0x4B, 0x01, 0x43, 0x9E, 0xE7, 0xF8, 0x4D, 0x08, 0x43, 0x9E,
    0x21, 0x01, 0x00, 0x3F, 0x4D, 0x05, 0x41, 0x30, 0x20, 0x20, 0x21, 0x04, 0x41, 0x30, 0x21, 0x02,
    0x41, 0x32, 0xBB, 0x41, 0x01, 0x20, 0x9E, 0x08, 0x4D, 0x08, 0x43, 0xA6, 0x4D, 0x08, 0x43, 0xA8,
    0x5F, 0x00, 0x0B, 0x38, 0x8D, 0x28, 0xC3, 0x03, 0xDF, 0xF7, 0x9E, 0x07, 0x6E, 0x0B, 0x40, 0xAF,
    0x8C, 0x34, 0x9E, 0x06, 0x93, 0xF3, 0xDF, 0xFE, 0x97, 0xF3, 0x9E, 0x08, 0x8C, 0xB8, 0xDF, 0xF5,
    0x9E, 0x07, 0xF3, 0x03, 0xA0, 0x83, 0x93, 0xF3, 0xDF, 0xFA, 0x97, 0xF3, 0x9E, 0x07, 0x8A, 0xB8,
    0x9E, 0x06, 0x8D, 0x81, 0x9E, 0x08, 0x60, 0x28, 0x40, 0xB0, 0xA9, 0x20, 0x5F, 0x00, 0x0A, 0xB4,
    0x9E, 0x07, 0x80, 0x8B, 0xB3, 0x09, 0x00, 0x0C, 0x60, 0x28, 0x40, 0xB0, 0xA9, 0x20, 0x5F, 0x00,
    0x0A, 0xB4, 0x9E, 0x07, 0x80, 0x8B, 0x84, 0x08, 0x8D, 0x83, 0x9E, 0x08, 0xA0, 0x39, 0xDF, 0xF2,
    0x21, 0x02, 0x00, 0x08, 0xD0, 0x18, 0x93, 0xF4, 0xA1, 0x45, 0x61, 0x04, 0x43, 0xDE, 0x7F, 0x01,
    0x2E, 0x48, 0x7F, 0x02, 0x97, 0xF4, 0xA9, 0x40, 0xF9, 0x0B, 0x9E, 0x08, 0x8D, 0x28, 0xD0, 0x25,
    0xA0, 0x84, 0xD0, 0x27, 0xA0, 0x8C, 0x9E, 0x08, 0x66, 0x05, 0x43, 0xF0, 0xE6, 0x02, 0x8D, 0x41,
    0x9E, 0x08, 0x21, 0x04, 0x41, 0x30, 0x21, 0x02, 0x40, 0xB0, 0x21, 0x01, 0x00, 0x40, 0xBB, 0x21,
    0x01, 0x40, 0x4D, 0x05, 0x43, 0x9E, 0x00, 0x80, 0xD0, 0x70, 0xDF, 0xE7, 0xDF, 0xC9, 0x0A, 0x09,
    0x4C, 0x4C, 0xE6, 0x01, 0xE8, 0x02, 0xDF, 0xED, 0xDF, 0xCF, 0x0A, 0x09, 0x39, 0x39, 0xE6, 0x0D,
    0x0A, 0x09, 0x30, 0x30, 0xE6, 0x0A, 0x0A, 0x09, 0x37, 0x37, 0xE6, 0x07, 0xDF, 0xE4, 0x5F, 0x00,
    0x08, 0x90, 0x0A, 0x08, 0x0A, 0x0A, 0x9E, 0x06, 0xE8, 0xF9, 0x8D, 0x43, 0x9E, 0x08, 0xDF, 0xED,
    0x0A, 0x08, 0x0D, 0x0D, 0xEE, 0xFC, 0x21, 0x01, 0x02, 0x00, 0x61, 0x00, 0x43, 0xA8, 0x4B, 0x00,
    0x43, 0xA6, 0xEE, 0x03, 0xAB, 0x10, 0xEE, 0xF9, 0x9E, 0x08, 0xDF, 0xF0, 0x0A, 0x09, 0x20, 0x20,
    0x9E, 0x0D, 0xDF, 0xFF, 0xE8, 0xF0, 0x61, 0x00, 0x43, 0xA8, 0x4B, 0x00, 0x43, 0xA6, 0xE6, 0xFB,
    0xD0, 0xBB, 0x6F, 0x00, 0x43, 0xA8, 0x60, 0x28, 0x42, 0xB0, 0x9E, 0x08, 0x61, 0x00, 0x43, 0xA8,
    0x4B, 0x00, 0x43, 0xA6, 0xE6, 0xFB, 0xD0, 0xC6, 0x60, 0x29, 0x42, 0xB0, 0x9E, 0x08, 0xD0, 0x15,
    0x0A, 0x08, 0x2F, 0x2F, 0xEE, 0xFC, 0x8D, 0x48, 0xCB, 0x50, 0xD0, 0x1B, 0x6E, 0x48, 0x40, 0xB0,
    0x0A, 0x08, 0x0D, 0x0D, 0xEE, 0x02, 0xD0, 0x31, 0x9E, 0x08, 0x0A, 0x08, 0x20, 0x20, 0xE7, 0xF5,
    0xA9, 0x40, 0xFB, 0x0D, 0xD0, 0x28, 0x0A, 0x08, 0x0D, 0x0D, 0xEE, 0xFC, 0x6E, 0x08, 0x41, 0x00,
    0x9E, 0x08, 0xC8, 0x37, 0xE8, 0x03, 0xC8, 0x39, 0xE8, 0x01, 0xC8, 0x30, 0x6E, 0x08, 0x41, 0x30,
    0x4D, 0x05, 0x43, 0x9E, 0x00, 0x01, 0xD0, 0xDE, 0xE8, 0xB2, 0x53, 0xF0, 0x43, 0xDE, 0x83, 0x11,
    0xA1, 0x1A, 0xA1, 0x15, 0xA1, 0x16, 0xA1, 0x1B, 0x6F, 0x01, 0x43, 0xA6, 0x6F, 0x01, 0x43, 0xA8,
    0x5F, 0x00, 0x0B, 0x38, 0x5F, 0x00, 0x0B, 0x38, 0x5F, 0x00, 0x0B, 0x52, 0x6F, 0x02, 0x43, 0xDE,
    0xE6, 0x4F, 0xDF, 0x80, 0xE6, 0x4D, 0xA1, 0x3A, 0xDF, 0x83, 0x83, 0xA3, 0xE5, 0x49, 0xA1, 0x35,
    0xA9, 0x50, 0x0A, 0x08, 0x0D, 0x0D, 0xE6, 0x0D, 0xA2, 0x85, 0x0A, 0x08, 0x45, 0x45, 0xEE, 0x40,
    0x5F, 0x00, 0x0B, 0x22, 0x0A, 0x08, 0x3D, 0x3D, 0xEE, 0x3B, 0x5F, 0x00, 0x0B, 0x22, 0xDF, 0x96,
    0xA1, 0x3B, 0x21, 0x02, 0x40, 0xB0, 0x21, 0x01, 0x00, 0x80, 0xC8, 0x3C, 0xBA, 0x24, 0x01, 0x86,
    0xEE, 0x0D, 0xAB, 0x20, 0xA9, 0x10, 0x20, 0x28, 0x0A, 0x08, 0x0D, 0x0D, 0xE6, 0x07, 0x0C, 0x25,
    0x20, 0x20, 0x0A, 0x08, 0x3E, 0x3E, 0xE6, 0x02, 0xA9, 0x20, 0xF1, 0x8B, 0x21, 0x04, 0x41, 0x30,
    0x21, 0x02, 0x40, 0xB0, 0x21, 0x01, 0x00, 0x40, 0xBB, 0x21, 0x01, 0x40, 0x4D, 0x05, 0x43, 0x9E,
    0x00, 0x80, 0xD1, 0x25, 0xD0, 0x70, 0xD0, 0x71, 0x21, 0x02, 0x40, 0xB0, 0x20, 0x28, 0x0A, 0x08,
    0x30, 0x30, 0xE6, 0x13, 0x0A, 0x08, 0x37, 0x37, 0xE6, 0x1B, 0x0A, 0x08, 0x39, 0x39, 0xE6, 0x01,
    0xDF, 0x8F, 0x21, 0x02, 0x34, 0x66, 0x5F, 0x00, 0x0A, 0x4A, 0x57, 0xF0, 0x43, 0xDE, 0x9E, 0x08,
    0x5E, 0x08, 0x04, 0xB4, 0x5F, 0x00, 0x0A, 0x2A, 0xE8, 0xF8, 0xA1, 0x52, 0x8D, 0x24, 0xE6, 0xFA,
    0xC8, 0x2E, 0x5F, 0x00, 0x08, 0x90, 0x83, 0x62, 0xA1, 0x25, 0xA1, 0xA2, 0x81, 0x62, 0xA1, 0x2A,
    0xA1, 0x57, 0x8D, 0x74, 0xE6, 0x19, 0x03, 0x07, 0x00, 0x1E, 0xEF, 0x03, 0x01, 0x07, 0x00, 0x1E,
    0xE8, 0x02, 0x21, 0x07, 0x00, 0x1E, 0xA1, 0x76, 0xDF, 0xD4, 0x61, 0x08, 0x43, 0xDE, 0xA1, 0xA9,
    0xCC, 0x00, 0x7F, 0x01, 0x20, 0x8B, 0x7F, 0x02, 0xDF, 0xD0, 0xA9, 0x90, 0xFF, 0x06, 0xA0, 0xCB,
    0xDF, 0xD4, 0xC8, 0x0D, 0xD1, 0x76, 0xE8, 0xBE, 0xA1, 0xB2, 0xA1, 0x2A, 0x21, 0x06, 0x00, 0x00,
    0xDF, 0xE8, 0xE8, 0xF7, 0xCC, 0x04, 0x83, 0x33, 0x5F, 0x00, 0x0A, 0xB4, 0xE7, 0x0D, 0xBE, 0xB8,
    0xBE, 0x38, 0xAA, 0xC0, 0xA6, 0xC0, 0xEE, 0x04, 0x0A, 0x0C, 0x02, 0x02, 0x5E, 0x0E, 0x0B, 0x38,
    0x5F, 0x00, 0x0B, 0x22, 0x9E, 0x06, 0xE8, 0xF0, 0x0A, 0x08, 0x20, 0x20, 0xEE, 0xB9, 0x5E, 0x08,
    0x0B, 0x46, 0xCC, 0x00, 0xC8, 0x2F, 0xD1, 0x97, 0xA1, 0xA2, 0xA0, 0x2B, 0xDF, 0xFA, 0xA0, 0xAB,
    0xDF, 0xFC, 0xA1, 0x62, 0xA0, 0xAB, 0xDF, 0xFF, 0xA0, 0xCB, 0xC4, 0x02, 0xC8, 0x00, 0xBE, 0xB8,
    0x80, 0x8C, 0x00, 0x08, 0x30, 0x30, 0x0A, 0x08, 0x3A, 0x3A, 0xE7, 0x02, 0x00, 0x08, 0x07, 0x07,
    0xD1, 0xAC, 0xF4, 0x0C, 0x9E, 0x08, 0x00, 0x0B, 0x53, 0x45, 0x4E, 0x44, 0x20, 0x41, 0x42, 0x4F,
    0x52, 0x54, 0x0D, 0x00, 0x21, 0x04, 0x41, 0x30, 0x21, 0x02, 0x40, 0xB0, 0x21, 0x01, 0x00, 0x7F,
    0xBB, 0x21, 0x01, 0x40, 0x4D, 0x05, 0x43, 0x9E, 0x00, 0x7F, 0x5E, 0x08, 0x0A, 0x76, 0x00, 0x00,
    0x00, 0x00, 0x00, 0x17, 0x42, 0x4F, 0x4F, 0x54, 0x49, 0x4E, 0x47, 0x20, 0x46, 0x52, 0x4F, 0x4D,
    0x20, 0x48, 0x41, 0x52, 0x44, 0x20, 0x44, 0x49, 0x53, 0x4B, 0x0D, 0x00, 0x00, 0x14, 0x42, 0x4F,
    0x4F, 0x54, 0x49, 0x4E, 0x47, 0x20, 0x46, 0x52, 0x4F, 0x4D, 0x20, 0x46, 0x4C, 0x4F, 0x50, 0x50,
    0x59, 0x0D, 0x00, 0x19, 0x42, 0x4F, 0x4F, 0x54, 0x49, 0x4E, 0x47, 0x20, 0x46, 0x52, 0x4F, 0x4D,
    0x20, 0x55, 0x44, 0x4F, 0x53, 0x20, 0x46, 0x4C, 0x4F, 0x50, 0x50, 0x59, 0x0D, 0x00, 0x00, 0x0F,
    0x42, 0x4F, 0x4F, 0x54, 0x49, 0x4E, 0x47, 0x20, 0x52, 0x45, 0x4D, 0x4F, 0x54, 0x45, 0x0D, 0x62,
    0x6F, 0x6F, 0x74, 0x30, 0x2E, 0x75, 0x64, 0x00, 0x62, 0x6F, 0x6F, 0x74, 0x30, 0x2E, 0x72, 0x6D,
    0x00, 0x00, 0x00, 0x06, 0x41, 0x42, 0x4F, 0x52, 0x54, 0x0D, 0x5F, 0x00, 0x15, 0x9A, 0xA1, 0x24,
    0x8D, 0x24, 0xE6, 0x41, 0x4D, 0x05, 0x44, 0x2E, 0x06, 0x08, 0x4D, 0x05, 0x43, 0xFE, 0x2A, 0x20,
    0x7C, 0x05, 0x5E, 0x08, 0x03, 0xAE, 0x5F, 0x00, 0x0B, 0x38, 0x5E, 0x06, 0x04, 0xB4, 0x0A, 0x08,
    0x44, 0x44, 0xE6, 0x0B, 0x0A, 0x08, 0x46, 0x46, 0xE6, 0x0F, 0x0A, 0x08, 0x55, 0x55, 0xE6, 0x14,
    0x0A, 0x08, 0x52, 0x52, 0xE6, 0x1C, 0x5E, 0x08, 0x04, 0xB4, 0x21, 0x02, 0x34, 0x92, 0x5F, 0x00,
    0x0A, 0x4A, 0x21, 0x04, 0x00, 0x01, 0xE8, 0x1F, 0x21, 0x02, 0x34, 0xAC, 0x5F, 0x00, 0x0A, 0x4A,
    0x21, 0x04, 0x00, 0x01, 0x5E, 0x08, 0x35, 0xF0, 0x21, 0x02, 0x34, 0xC2, 0x5F, 0x00, 0x0A, 0x4A,
    0x54, 0x06, 0x34, 0x8E, 0x61, 0x05, 0x40, 0xAA, 0x21, 0x04, 0x00, 0x01, 0xE8, 0x6A, 0x21, 0x02,
    0x34, 0xDE, 0x5F, 0x00, 0x0A, 0x4A, 0x54, 0x06, 0x34, 0x8E, 0x61, 0x05, 0x40, 0xAA, 0x21, 0x04,
    0x00, 0x01, 0x5E, 0x08, 0x37, 0x12, 0x21, 0x00, 0x40, 0x00, 0x7D, 0x0A, 0x93, 0xF4, 0x21, 0x07,
    0x00, 0x01, 0x21, 0x06, 0x00, 0x00, 0x21, 0x08, 0x80, 0x00, 0x21, 0x09, 0x80, 0x00, 0x14, 0x04,
    0x00, 0x00, 0x00, 0x00, 0x21, 0x0A, 0x02, 0x00, 0x7F, 0x1E, 0x54, 0x06, 0x34, 0x8E, 0x61, 0x05,
    0x40, 0xAA, 0x97, 0xF4, 0x8D, 0x24, 0x5E, 0x06, 0x80, 0x00, 0x93, 0xF2, 0x21, 0x02, 0x35, 0xDE,
    0x7F, 0x0C, 0x97, 0xF5, 0x5F, 0x00, 0x0A, 0xE4, 0x7F, 0x10, 0x5E, 0x08, 0x03, 0xAE, 0x00, 0x10,
    0x48, 0x41, 0x52, 0x44, 0x20, 0x44, 0x49, 0x53, 0x4B, 0x20, 0x45, 0x52, 0x52, 0x4F, 0x52, 0x20,
    0x4C, 0x01, 0x40, 0xAC, 0x02, 0x02, 0x5E, 0x0E, 0x04, 0xB4, 0x21, 0x00, 0x40, 0x00, 0x7D, 0x0A,
    0x93, 0xF4, 0x21, 0x07, 0x00, 0x01, 0x21, 0x06, 0x00, 0x60, 0x21, 0x08, 0x80, 0x00, 0x21, 0x09,
    0x80, 0x00, 0x14, 0x04, 0x00, 0x00, 0x00, 0x00, 0x21, 0x0A, 0x02, 0x00, 0x7F, 0x24, 0x54, 0x06,
    0x34, 0x8E, 0x61, 0x05, 0x40, 0xAA, 0x97, 0xF4, 0x8D, 0x24, 0x5E, 0x06, 0x80, 0x00, 0x93, 0xF2,
    0x21, 0x02, 0x36, 0x42, 0x7F, 0x0C, 0x97, 0xF5, 0x5F, 0x00, 0x0A, 0xE4, 0x7F, 0x10, 0x5E, 0x08,
    0x03, 0xAE, 0x00, 0x0D, 0x46, 0x4C, 0x4F, 0x50, 0x50, 0x59, 0x20, 0x45, 0x52, 0x52, 0x4F, 0x52,
    0x20, 0x00, 0x4C, 0x01, 0x40, 0xAC, 0x02, 0x02, 0x5E, 0x0E, 0x04, 0xB4, 0x4D, 0x08, 0x46, 0xFA,
    0x4D, 0x08, 0x46, 0xFC, 0x4D, 0x08, 0x46, 0xFE, 0xC8, 0x53, 0x7F, 0x22, 0x7F, 0x20, 0xC8, 0x01,
    0x7F, 0x22, 0x7F, 0x20, 0xC1, 0x0A, 0xC9, 0x00, 0x21, 0x08, 0x34, 0xEF, 0xC8, 0x02, 0x7F, 0x22,
    0x20, 0x88, 0xA9, 0x80, 0x0A, 0x08, 0x00, 0x00, 0xE6, 0x03, 0x88, 0x89, 0x7F, 0x22, 0xE8, 0xF8,
    0xC8, 0x03, 0x7F, 0x22, 0xAC, 0x98, 0x7F, 0x22, 0x7F, 0x20, 0xA2, 0xB7, 0x0A, 0x0B, 0x06, 0x06,
    0xE6, 0x0B, 0x0A, 0x0B, 0x18, 0x18, 0xE6, 0x01, 0xF1, 0x1A, 0x21, 0x02, 0x35, 0x02, 0x7F, 0x0C,
    0xC8, 0x18, 0x7F, 0x22, 0x7F, 0x20, 0x9E, 0x08, 0x21, 0x09, 0x80, 0x00, 0xC1, 0x0A, 0xC9, 0x00,
    0xA1, 0x98, 0x7F, 0x20, 0xA2, 0xB7, 0x0A, 0x0B, 0x04, 0x04, 0xEE, 0x03, 0x7F, 0x20, 0x5E, 0x08,
    0x80, 0x00, 0x0A, 0x0B, 0x18, 0x18, 0xE6, 0xE9, 0x0A, 0x0B, 0x02, 0x02, 0xEE, 0x09, 0x7F, 0x20,
    0xA0, 0xB2, 0x7F, 0x20, 0xA0, 0xBA, 0x7F, 0x20, 0x2E, 0x9B, 0xA9, 0x90, 0x88, 0xB9, 0xF2, 0x85,
    0x7F, 0x20, 0xA2, 0xB7, 0x0A, 0x0B, 0x03, 0x03, 0xEE, 0xFB, 0x7F, 0x20, 0x8A, 0x9B, 0xEE, 0x03,
    0xC8, 0x06, 0x7F, 0x22, 0xE8, 0xDB, 0xAA, 0x10, 0xE6, 0xD0, 0xA1, 0x89, 0xC8, 0x15, 0x7F, 0x22,
    0xE8, 0xD6, 0x64, 0x00, 0x43, 0xF0, 0xBD, 0x01, 0x7F, 0x06, 0xC8, 0x1B, 0x7F, 0x06, 0xC8, 0x53,
    0x7F, 0x06, 0x7F, 0x04, 0xC8, 0x01, 0x7F, 0x06, 0x7F, 0x04, 0xC1, 0x0A, 0xC9, 0x00, 0x21, 0x08,
    0x34, 0xF8, 0xC8, 0x02, 0x7F, 0x06, 0x20, 0x88, 0xA9, 0x80, 0x0A, 0x08, 0x00, 0x00, 0xE6, 0x03,
    0x88, 0x89, 0x7F, 0x06, 0xE8, 0xF8, 0xC8, 0x03, 0x7F, 0x06, 0xAC, 0x98, 0x7F, 0x06, 0x7F, 0x04,
    0xA2, 0xB7, 0x0A, 0x0B, 0x06, 0x06, 0xE6, 0x0D, 0x0A, 0x0B, 0x18, 0x18, 0xE6, 0x01, 0xF1, 0x1A,
    0x21, 0x02, 0x35, 0x02, 0x7F, 0x0C, 0xC8, 0x18, 0x7F, 0x06, 0x7F, 0x04, 0x62, 0x00, 0x43, 0xF0,
    0x9E, 0x08, 0x21, 0x09, 0x80, 0x00, 0xC1, 0x0A, 0xC9, 0x00, 0xA1, 0x98, 0x7F, 0x04, 0xA2, 0xB7,
    0x0A, 0x0B, 0x04, 0x04, 0xEE, 0x05, 0x7F, 0x04, 0x62, 0x00, 0x43, 0xF0, 0x5E, 0x08, 0x80, 0x00,
    0x0A, 0x0B, 0x18, 0x18, 0xE6, 0xE5, 0x0A, 0x0B, 0x02, 0x02, 0xEE, 0x09, 0x7F, 0x04, 0xA0, 0xB2,
    0x7F, 0x04, 0xA0, 0xBA, 0x7F, 0x04, 0x2E, 0x9B, 0xA9, 0x90, 0x88, 0xB9, 0xF2, 0x85, 0x7F, 0x04,
    0xA2, 0xB7, 0x0A, 0x0B, 0x03, 0x03, 0xEE, 0xFB, 0x7F, 0x04, 0x8A, 0x9B, 0xEE, 0x03, 0xC8, 0x06,
    0x7F, 0x06, 0xE8, 0xD9, 0xAA, 0x10, 0xE6, 0xCC, 0xA1, 0x89, 0xC8, 0x15, 0x7F, 0x06, 0xE8, 0xD4,
    0x00, 0x00, 0x00, 0x00, 0x00, 0x00, 0x00, 0x00, 0x00, 0x00, 0x00, 0x00, 0x00, 0x00, 0x00, 0x00,
    0x00, 0x00, 0x00, 0x00, 0x00, 0x00, 0x00, 0x00, 0x00, 0x00, 0x00, 0x00, 0x00, 0x00, 0x00, 0x00,
    0x00, 0x00, 0x00, 0x00, 0x00, 0x00, 0x00, 0x00, 0x00, 0x00, 0x00, 0x00, 0x00, 0x00, 0x00, 0x00,
    0x00, 0x00, 0x00, 0x00, 0x00, 0x00, 0x00, 0x00, 0x00, 0x00, 0x00, 0x00, 0x00, 0x00, 0x00, 0x00,
    0x00, 0x00, 0x00, 0x00, 0x00, 0x00, 0x00, 0x00, 0x00, 0x00, 0x00, 0x00, 0x00, 0x00, 0x00, 0x00,
    0x00, 0x00, 0x00, 0x00, 0x00, 0x00, 0x00, 0x00, 0x00, 0x00, 0x00, 0x00, 0x00, 0x00, 0x00, 0x00,
    0x00, 0x00, 0x00, 0x00, 0x00, 0x00, 0x00, 0x00, 0x00, 0x00, 0x00, 0x00, 0x00, 0x00, 0x00, 0x00,
    0x00, 0x00, 0x00, 0x00, 0x00, 0x00, 0x00, 0x00, 0x00, 0x00, 0x00, 0x00, 0x00, 0x00, 0x00, 0x00,
    0x00, 0x00, 0x00, 0x00, 0x00, 0x00, 0x00, 0x00, 0x00, 0x00, 0x00, 0x00, 0x00, 0x00, 0x00, 0x00,
    0x00, 0x00, 0x00, 0x00, 0x00, 0x00, 0x00, 0x00, 0x00, 0x00, 0x00, 0x00, 0x00, 0x00, 0x00, 0x00,
    0x00, 0x00, 0x00, 0x00, 0x00, 0x00, 0x00, 0x00, 0x00, 0x00, 0x00, 0x00, 0x00, 0x00, 0x00, 0x00,
    0x00, 0x00, 0x00, 0x00, 0x00, 0x00, 0x00, 0x00, 0x00, 0x00, 0x00, 0x00, 0x00, 0x00, 0x00, 0x00,
    0x00, 0x00, 0x00, 0x00, 0x00, 0x00, 0x00, 0x00, 0x00, 0x00, 0x00, 0x00, 0x00, 0x00, 0x00, 0x00,
    0x00, 0x00, 0x00, 0x00, 0x00, 0x00, 0x00, 0x00, 0x00, 0x00, 0x00, 0x00, 0x00, 0x00, 0x00, 0x00,
    0x00, 0x00, 0x00, 0x00, 0x00, 0x00, 0x00, 0x00, 0x00, 0x00, 0x00, 0x00, 0x00, 0x00, 0x00, 0x00,
    0x00, 0x00, 0x00, 0x00, 0x00, 0x00, 0x00, 0x00, 0x00, 0x00, 0x00, 0x00, 0x00, 0x00, 0x00, 0x00,
    0x00, 0x00, 0x00, 0x00, 0x00, 0x00, 0x00, 0x00, 0x00, 0x00, 0x00, 0x00, 0x00, 0x00, 0x00, 0x00,
    0x00, 0x00, 0x00, 0x00, 0x00, 0x00, 0x00, 0x00, 0x00, 0x00, 0x00, 0x00, 0x00, 0x00, 0x00, 0x00,
    0x00, 0x00, 0x00, 0x00, 0x00, 0x00, 0x00, 0x00, 0x00, 0x00, 0x00, 0x00, 0x00, 0x00, 0x00, 0x00,
    0x00, 0x00, 0x00, 0x00, 0x00, 0x00, 0x00, 0x00, 0x00, 0x00, 0x00, 0x00, 0x00, 0x00, 0x00, 0x00,
    0x00, 0x00, 0x00, 0x00, 0x00, 0x00, 0x00, 0x00, 0x00, 0x00, 0x00, 0x00, 0x00, 0x00, 0x00, 0x00,
    0x00, 0x00, 0x00, 0x00, 0x00, 0x00, 0x00, 0x00, 0x00, 0x00, 0x00, 0x00, 0x00, 0x00, 0x00, 0x00,
    0x00, 0x00, 0x00, 0x00, 0x00, 0x00, 0x00, 0x00, 0x00, 0x00, 0x00, 0x00, 0x00, 0x00, 0x00, 0x00,
    0x00, 0x00, 0x00, 0x00, 0x00, 0x00, 0x00, 0x00, 0x00, 0x00, 0x00, 0x00, 0x00, 0x00, 0x00, 0x00,
    0x00, 0x00, 0x00, 0x00, 0x00, 0x00, 0x00, 0x00, 0x00, 0x00, 0x00, 0x00, 0x00, 0x00, 0x00, 0x00,
    0x00, 0x00, 0x00, 0x00, 0x00, 0x00, 0x00, 0x00, 0x00, 0x00, 0x00, 0x00, 0x00, 0x00, 0x00, 0x00,
    0x00, 0x00, 0x00, 0x00, 0x00, 0x00, 0x00, 0x00, 0x00, 0x00, 0x00, 0x00, 0x00, 0x00, 0x00, 0x00,
    0x00, 0x00, 0x00, 0x00, 0x00, 0x00, 0x00, 0x00, 0x00, 0x00, 0x00, 0x00, 0x00, 0x00, 0x00, 0x00,
    0x00, 0x00, 0x00, 0x00, 0x00, 0x00, 0x00, 0x00, 0x00, 0x00, 0x00, 0x00, 0x00, 0x00, 0x00, 0x00,
    0x00, 0x00, 0x00, 0x00, 0x00, 0x00, 0x00, 0x00, 0x00, 0x00, 0x00, 0x00, 0x00, 0x00, 0x00, 0x00,
    0x00, 0x00, 0x00, 0x00, 0x00, 0x00, 0x00, 0x00, 0x00, 0x00, 0x00, 0x00, 0x00, 0x00, 0x00, 0x00,
    0x00, 0x00, 0x00, 0x00, 0x00, 0x00, 0x00, 0x00, 0x00, 0x00, 0x00, 0x00, 0x00, 0x00, 0x00, 0x00,
    0x00, 0x00, 0x00, 0x00, 0x00, 0x00, 0x00, 0x00, 0x00, 0x00, 0x00, 0x00, 0x00, 0x00, 0x00, 0x00,
    0x00, 0x00, 0x00, 0x00, 0x00, 0x00, 0x00, 0x00, 0x00, 0x00, 0x00, 0x00, 0x00, 0x00, 0x00, 0x00,
    0x00, 0x00, 0x00, 0x00, 0x00, 0x00, 0x00, 0x00, 0x00, 0x00, 0x00, 0x00, 0x00, 0x00, 0x00, 0x00,
    0x00, 0x00, 0x00, 0x00, 0x00, 0x00, 0x00, 0x00, 0x00, 0x00, 0x00, 0x00, 0x00, 0x00, 0x00, 0x00,
    0x00, 0x00, 0x00, 0x00, 0x00, 0x00, 0x00, 0x00, 0x00, 0x00, 0x00, 0x00, 0x00, 0x00, 0x00, 0x00,
    0x00, 0x00, 0x00, 0x00, 0x00, 0x00, 0x00, 0x00, 0x00, 0x00, 0x00, 0x00, 0x00, 0x00, 0x00, 0x00,
    0x00, 0x00, 0x00, 0x00, 0x00, 0x00, 0x00, 0x00, 0x00, 0x00, 0x00, 0x00, 0x00, 0x00, 0x00, 0x00,
    0x00, 0x00, 0x00, 0x00, 0x00, 0x00, 0x00, 0x00, 0x00, 0x00, 0x00, 0x00, 0x00, 0x00, 0x00, 0x00,
    0x00, 0x00, 0x00, 0x00, 0x00, 0x00, 0x00, 0x00, 0x00, 0x00, 0x00, 0x00, 0x00, 0x00, 0x00, 0x00,
    0x00, 0x00, 0x00, 0x00, 0x00, 0x00, 0x00, 0x00, 0x00, 0x00, 0x00, 0x00, 0x00, 0x00, 0x00, 0x00,
    0x00, 0x00, 0x00, 0x00, 0x00, 0x00, 0x00, 0x00, 0x00, 0x00, 0x00, 0x00, 0x00, 0x00, 0x00, 0x00,
    0x00, 0x00, 0x00, 0x00, 0x00, 0x00, 0x00, 0x00, 0x00, 0x00, 0x00, 0x00, 0x00, 0x00, 0x00, 0x00,
    0x00, 0x00, 0x00, 0x00, 0x00, 0x00, 0x00, 0x00, 0x00, 0x00, 0x00, 0x00, 0x00, 0x00, 0x00, 0x00,
    0x00, 0x00, 0x00, 0x00, 0x00, 0x00, 0x00, 0x00, 0x00, 0x00, 0x00, 0x00, 0x00, 0x00, 0x00, 0x00,
    0x00, 0x00, 0x00, 0x00, 0x00, 0x00, 0x00, 0x00, 0x00, 0x00, 0x00, 0x00, 0x00, 0x00, 0x00, 0x00,
    0x00, 0x00, 0x00, 0x00, 0x00, 0x00, 0x00, 0x00, 0x00, 0x00, 0x00, 0x00, 0x00, 0x00, 0x00, 0x00,
    0x00, 0x00, 0x00, 0x00, 0x00, 0x00, 0x00, 0x00, 0x00, 0x00, 0x00, 0x00, 0x00, 0x00, 0x00, 0x00,
    0x00, 0x00, 0x00, 0x00, 0x00, 0x00, 0x00, 0x00, 0x00, 0x00, 0x00, 0x00, 0x00, 0x00, 0x00, 0x00,
    0x00, 0x00, 0x00, 0x00, 0x00, 0x00, 0x00, 0x00, 0x00, 0x00, 0x00, 0x00, 0x00, 0x00, 0x00, 0x00,
    0x00, 0x00, 0x00, 0x00, 0x00, 0x00, 0x00, 0x00, 0x00, 0x00, 0x00, 0x00, 0x00, 0x00, 0x00, 0x00,
    0x00, 0x00, 0x00, 0x00, 0x00, 0x00, 0x00, 0x00, 0x00, 0x00, 0x00, 0x00, 0x00, 0x00, 0x00, 0x00,
    0x00, 0x00, 0x00, 0x00, 0x00, 0x00, 0x00, 0x00, 0x00, 0x00, 0x00, 0x00, 0x00, 0x00, 0x00, 0x00,
    0x00, 0x00, 0x00, 0x00, 0x00, 0x00, 0x00, 0x00, 0x00, 0x00, 0x00, 0x00, 0x00, 0x00, 0x00, 0x00,
    0x00, 0x00, 0x00, 0x00, 0x00, 0x00, 0x00, 0x00, 0x00, 0x00, 0x00, 0x00, 0x00, 0x00, 0x00, 0x00,
    0x00, 0x00, 0x00, 0x00, 0x00, 0x00, 0x00, 0x00, 0x00, 0x00, 0x00, 0x00, 0x00, 0x00, 0x00, 0x00,
    0x00, 0x00, 0x00, 0x00, 0x00, 0x00, 0x00, 0x00, 0x00, 0x00, 0x00, 0x00, 0x00, 0x00, 0x00, 0x00,
    0x00, 0x00, 0x00, 0x00, 0x00, 0x00, 0x00, 0x00, 0x00, 0x00, 0x00, 0x00, 0x00, 0x00, 0x00, 0x00,
    0x00, 0x00, 0x00, 0x00, 0x00, 0x00, 0x00, 0x00, 0x00, 0x00, 0x00, 0x00, 0x00, 0x00, 0x00, 0x00,
    0x00, 0x00, 0x00, 0x00, 0x00, 0x00, 0x00, 0x00, 0x00, 0x00, 0x00, 0x00, 0x00, 0x00, 0x00, 0x00,
    0x00, 0x00, 0x00, 0x00, 0x00, 0x00, 0x00, 0x00, 0x00, 0x00, 0x00, 0x00, 0x00, 0x00, 0x00, 0x00,
    0x00, 0x00, 0x00, 0x00, 0x00, 0x00, 0x00, 0x00, 0x00, 0x00, 0x00, 0x00, 0x00, 0x00, 0x00, 0x00,
    0x00, 0x00, 0x00, 0x00, 0x00, 0x00, 0x00, 0x00, 0x00, 0x00, 0x00, 0x00, 0x00, 0x00, 0x00, 0x00,
    0x00, 0x00, 0x00, 0x00, 0x00, 0x00, 0x00, 0x00, 0x00, 0x00, 0x00, 0x00, 0x00, 0x00, 0x00, 0x00,
    0x00, 0x00, 0x00, 0x00, 0x00, 0x00, 0x00, 0x00, 0x00, 0x00, 0x00, 0x00, 0x00, 0x00, 0x00, 0x00,
    0x00, 0x00, 0x00, 0x00, 0x00, 0x00, 0x00, 0x00, 0x00, 0x00, 0x00, 0x00, 0x00, 0x00, 0x00, 0x00,
    0x00, 0x00, 0x00, 0x00, 0x00, 0x00, 0x00, 0x00, 0x00, 0x00, 0x00, 0x00, 0x00, 0x00, 0x00, 0x00,
    0x00, 0x00, 0x00, 0x00, 0x00, 0x00, 0x00, 0x00, 0x00, 0x00, 0x00, 0x00, 0x00, 0x00, 0x00, 0x00,
    0x00, 0x00, 0x00, 0x00, 0x00, 0x00, 0x00, 0x00, 0x00, 0x00, 0x00, 0x00, 0x00, 0x00, 0x00, 0x00,
    0x00, 0x00, 0x00, 0x00, 0x00, 0x00, 0x00, 0x00, 0x00, 0x00, 0x00, 0x00, 0x00, 0x00, 0x00, 0x00,
    0x00, 0x00, 0x00, 0x00, 0x00, 0x00, 0x00, 0x00, 0x00, 0x00, 0x00, 0x00, 0x00, 0x00, 0x00, 0x00,
    0x00, 0x00, 0x00, 0x00, 0x00, 0x00, 0x00, 0x00, 0x00, 0x00, 0x00, 0x00, 0x00, 0x00, 0x00, 0x00,
    0x00, 0x00, 0x00, 0x00, 0x00, 0x00, 0x00, 0x00, 0x00, 0x00, 0x00, 0x00, 0x00, 0x00, 0x00, 0x00,
    0x00, 0x00, 0x00, 0x00, 0x00, 0x00, 0x00, 0x00, 0x00, 0x00, 0x00, 0x00, 0x00, 0x00, 0x00, 0x00,
    0x00, 0x00, 0x00, 0x00, 0x00, 0x00, 0x00, 0x00, 0x00, 0x00, 0x00, 0x00, 0x00, 0x00, 0x00, 0x00,
    0x00, 0x00, 0x00, 0x00, 0x00, 0x00, 0x00, 0x00, 0x00, 0x00, 0x00, 0x00, 0x00, 0x00, 0x00, 0x00,
    0x00, 0x00, 0x00, 0x00, 0x00, 0x00, 0x00, 0x00, 0x00, 0x00, 0x00, 0x00, 0x00, 0x00, 0x00, 0x00,
    0x00, 0x00, 0x00, 0x00, 0x00, 0x00, 0x00, 0x00, 0x00, 0x00, 0x00, 0x00, 0x00, 0x00, 0x00, 0x00,
    0x00, 0x00, 0x00, 0x00, 0x00, 0x00, 0x00, 0x00, 0x00, 0x00, 0x00, 0x00, 0x00, 0x00, 0x00, 0x00,
    0x00, 0x00, 0x00, 0x00, 0x00, 0x00, 0x00, 0x00, 0x00, 0x00, 0x00, 0x00, 0x00, 0x00, 0x00, 0x00,
    0x00, 0x00, 0x00, 0x00, 0x00, 0x00, 0x00, 0x00, 0x00, 0x00, 0x00, 0x00, 0x00, 0x00, 0x00, 0x00,
    0x00, 0x00, 0x00, 0x00, 0x00, 0x00, 0x00, 0x00, 0x00, 0x00, 0x00, 0x00, 0x00, 0x00, 0x00, 0x00,
    0x00, 0x00, 0x00, 0x00, 0x00, 0x00, 0x00, 0x00, 0x00, 0x00, 0x00, 0x00, 0x00, 0x00, 0x00, 0x00,
    0x00, 0x00, 0x00, 0x00, 0x00, 0x00, 0x00, 0x00, 0x00, 0x00, 0x00, 0x00, 0x00, 0x00, 0x00, 0x00,
    0x00, 0x00, 0x00, 0x00, 0x00, 0x00, 0x00, 0x00, 0x00, 0x00, 0x00, 0x00, 0x00, 0x00, 0x00, 0x00,
    0x00, 0x00, 0x00, 0x00, 0x00, 0x00, 0x00, 0x00, 0x00, 0x00, 0x00, 0x00, 0x00, 0x00, 0x00, 0x00,
    0x00, 0x00, 0x00, 0x00, 0x00, 0x00, 0x00, 0x00, 0x00, 0x00, 0x00, 0x00, 0x00, 0x00, 0x00, 0x00,
    0x00, 0x00, 0x00, 0x00, 0x00, 0x00, 0x00, 0x00, 0x00, 0x00, 0x00, 0x00, 0x00, 0x00, 0x00, 0x00,
    0x00, 0x00, 0x00, 0x00, 0x00, 0x00, 0x00, 0x00, 0x00, 0x00, 0x00, 0x00, 0x00, 0x00, 0x00, 0x00,
    0x00, 0x00, 0x00, 0x00, 0x00, 0x00, 0x00, 0x00, 0x00, 0x00, 0x00, 0x00, 0x00, 0x00, 0x00, 0x00,
    0x00, 0x00, 0x00, 0x00, 0x00, 0x00, 0x00, 0x00, 0x00, 0x00, 0x00, 0x00, 0x00, 0x00, 0x00, 0x00,
    0x00, 0x00, 0x00, 0x00, 0x00, 0x00, 0x00, 0x00, 0x00, 0x00, 0x00, 0x00, 0x00, 0x00, 0x00, 0x00,
    0x00, 0x00, 0x00, 0x00, 0x00, 0x00, 0x00, 0x00, 0x00, 0x00, 0x00, 0x00, 0x00, 0x00, 0x00, 0x00,
    0x00, 0x00, 0x00, 0x00, 0x00, 0x00, 0x00, 0x00, 0x00, 0x00, 0x00, 0x00, 0x00, 0x00, 0x00, 0x00,
    0x00, 0x00, 0x00, 0x00, 0x00, 0x00, 0x00, 0x00, 0x00, 0x00, 0x00, 0x00, 0x00, 0x00, 0x00, 0x00,
    0x00, 0x00, 0x00, 0x00, 0x00, 0x00, 0x00, 0x00, 0x00, 0x00, 0x00, 0x00, 0x00, 0x00, 0x00, 0x00,
    0x00, 0x00, 0x00, 0x00, 0x00, 0x00, 0x00, 0x00, 0x00, 0x00, 0x00, 0x00, 0x00, 0x00, 0x00, 0x00,
    0x00, 0x00, 0x00, 0x00, 0x00, 0x00, 0x00, 0x00, 0x00, 0x00, 0x00, 0x00, 0x00, 0x00, 0x00, 0x00,
    0xDF, 0x6E, 0x94, 0x42, 0x21, 0x04, 0xFF, 0xA1, 0x21, 0x05, 0xFF, 0xA3, 0x21, 0x00, 0x00, 0x0F,
    0x3E, 0x50, 0x3A, 0x86, 0xFF, 0xA5, 0xC0, 0x10, 0x21, 0x01, 0xFF, 0xFF, 0x3C, 0x58, 0x06, 0x08,
    0x07, 0x07, 0x0A, 0x08, 0x07, 0x07, 0xEE, 0x05, 0xF1, 0x87, 0xF0, 0x0A, 0x21, 0x02, 0x00, 0xC1,
    0x9E, 0x08, 0x3C, 0x58, 0x06, 0x08, 0x07, 0x07, 0x0A, 0x08, 0x06, 0x06, 0xE6, 0x06, 0x0A, 0x08,
    0x01, 0x01, 0xEE, 0xF4, 0x21, 0x02, 0x00, 0x20, 0x9E, 0x08, 0x82, 0x77, 0x60, 0x7F, 0x3F, 0x18,
    0x3E, 0x4F, 0x3E, 0x4E, 0x3E, 0x4B, 0x3E, 0x43, 0x3E, 0x4A, 0x3E, 0x42, 0xA1, 0xA3, 0x3E, 0x4B,
    0x3E, 0x43, 0x3E, 0x46, 0x21, 0x01, 0xFF, 0xFF, 0x3C, 0x58, 0x06, 0x08, 0x07, 0x07, 0x0A, 0x08,
    0x07, 0x07, 0xE6, 0x02, 0xF1, 0x87, 0xE8, 0xDA, 0x21, 0x01, 0xFF, 0xFF, 0x3C, 0x58, 0x06, 0x08,
    0x07, 0x07, 0x0A, 0x08, 0x07, 0x07, 0xEE, 0x02, 0xF1, 0x87, 0xE8, 0xD0, 0x3C, 0x58, 0x06, 0x08,
    0x07, 0x07, 0x0A, 0x08, 0x00, 0x00, 0x5E, 0x06, 0x3E, 0xF4, 0x21, 0x06, 0xC0, 0x00, 0x0A, 0x0F,
    0x21, 0x21, 0xE6, 0x1B, 0x0A, 0x0F, 0x08, 0x08, 0xE6, 0x18, 0x0A, 0x0F, 0xF8, 0xF8, 0xE6, 0x15,
    0x21, 0x01, 0xFF, 0xFF, 0x3C, 0x58, 0xA6, 0x81, 0xE6, 0x03, 0xF1, 0x84, 0x5E, 0x08, 0x3E, 0x2C,
    0x7D, 0x12, 0x7D, 0x6A, 0x3A, 0x82, 0x03, 0x40, 0x7D, 0x1A, 0x21, 0x01, 0xFF, 0xFF, 0x3C, 0x58,
    0xA6, 0x81, 0xEE, 0x03, 0xF1, 0x84, 0x5E, 0x08, 0x3E, 0x2C, 0x21, 0x01, 0xFF, 0xFF, 0x3C, 0x58,
    0xA6, 0x80, 0xE6, 0x01, 0xF1, 0x84, 0x3C, 0x58, 0x06, 0x08, 0x07, 0x07, 0xBD, 0x20, 0x0A, 0x08,
    0x06, 0x06, 0x9E, 0x06, 0x21, 0x01, 0x40, 0x4F, 0x3A, 0x96, 0xFF, 0xA5, 0x3E, 0x51, 0x3C, 0x49,
    0x0A, 0x08, 0x04, 0x04, 0xEE, 0x06, 0x7D, 0x12, 0x7D, 0x6A, 0x3A, 0x40, 0x03, 0x80, 0x7D, 0x1A,
    0x9E, 0x08, 0x3C, 0x4A, 0xC2, 0x00, 0x9E, 0x08, 0x00, 0x21, 0x22, 0x08, 0x18, 0xF8, 0xA7, 0x18,
    0xA3, 0x00, 0xA7, 0xCF, 0xA7, 0x87, 0x21, 0x02, 0xFF, 0xA3, 0x3C, 0x29, 0xA6, 0x95, 0x9E, 0x06,
    0x76, 0x01, 0x3F, 0x1E, 0xBD, 0x04, 0x20, 0x1A, 0xA9, 0x10, 0x3A, 0x12, 0x00, 0x28, 0xEC, 0xFB,
    0x9E, 0x08, 0x00, 0x00, 0x00, 0x00, 0x00, 0x00, 0x00, 0x00, 0x00, 0x00, 0x00, 0x00, 0x00, 0x00,
    0x00, 0x00, 0x00, 0x00, 0x00, 0x00, 0x00, 0x00, 0x00, 0x00, 0x00, 0x00, 0x00, 0x00, 0x00, 0x00,
    0x00, 0x00, 0x00, 0x00, 0x00, 0x00, 0x00, 0x00, 0x00, 0x00, 0x00, 0x00, 0x00, 0x00, 0x00, 0x00,
    0x00, 0x00, 0x00, 0x00, 0x00, 0x00, 0x00, 0x00, 0x00, 0x00, 0x00, 0x00, 0x00, 0x00, 0x00, 0x00,
    0x00, 0x00, 0x00, 0x00, 0x00, 0x00, 0x00, 0x00, 0x00, 0x00, 0x00, 0x00, 0x00, 0x00, 0x00, 0x00,
    0x00, 0x00, 0x00, 0x00, 0x00, 0x00, 0x00, 0x00, 0x00, 0x00, 0x00, 0x00, 0x00, 0x00, 0x00, 0x00,
    0x00, 0x00, 0x00, 0x00, 0x00, 0x00, 0x00, 0x00, 0x00, 0x00, 0x00, 0x00, 0x00, 0x00, 0x00, 0x00,
    0x00, 0x00, 0x00, 0x00, 0x00, 0x00, 0x00, 0x00, 0x00, 0x00, 0x00, 0x00, 0x00, 0x00, 0x00, 0x00,
    0x00, 0x00, 0x00, 0x00, 0x00, 0x00, 0x00, 0x00, 0x00, 0x00, 0x00, 0x00, 0x00, 0x00, 0x00, 0x00,
    0x00, 0x00, 0x00, 0x00, 0x00, 0x00, 0x00, 0x00, 0x00, 0x00, 0x00, 0x00, 0x00, 0x00, 0x00, 0x00,
    0x00, 0x00, 0x00, 0x00, 0x00, 0x00, 0x00, 0x00, 0x00, 0x00, 0x00, 0x00, 0x00, 0x00, 0x00, 0x00,
    0x6D, 0x61, 0x92, 0x9E, 0x9E, 0x74, 0x61, 0x8B, 0xD0, 0xDD, 0x2F, 0x22, 0xCE, 0xA3, 0x31, 0x5C,
};
// Generated from: doc/p8000/eproms/16BIT/MON16_{1H,1L,2H,2L}_3.3 — Byte-Verschränkung wie make_full.sh
// (gerade Adresse = nH = D8–15, ungerade = nL = D0–7; n = 1: 0000–1FFF, n = 2: 2000–3FFF).
// NICHT aus full/: full/MON16_3.3 ist in 2L ab 3001H falsch (MON16-Prüfsumme stimmt nur für die Einzelabzüge).
// Size: 16384 bytes
static constexpr uint8_t P8K_MON16_3_3[16384] = {
    0x00, 0x00, 0xC0, 0x00, 0x80, 0x00, 0x02, 0x12, 0x28, 0x43, 0x29, 0x20, 0x5A, 0x46, 0x54, 0x2F,
    0x4B, 0x45, 0x41, 0x57, 0x20, 0x42, 0x65, 0x72, 0x6C, 0x69, 0x6E, 0x2C, 0x20, 0x44, 0x41, 0x54,
    0x45, 0x20, 0x30, 0x31, 0x2E, 0x31, 0x31, 0x2E, 0x31, 0x39, 0x38, 0x38, 0x00, 0x2C, 0x55, 0x38,
    0x30, 0x30, 0x30, 0x2D, 0x53, 0x6F, 0x66, 0x74, 0x77, 0x61, 0x72, 0x65, 0x6D, 0x6F, 0x6E, 0x69,
    0x74, 0x6F, 0x72, 0x20, 0x56, 0x65, 0x72, 0x73, 0x69, 0x6F, 0x6E, 0x20, 0x33, 0x2E, 0x33, 0x20,
    0x2D, 0x20, 0x53, 0x4B, 0x53, 0x2F, 0x56, 0x32, 0x20, 0x0D, 0x00, 0x01, 0x44, 0x00, 0x0D, 0xFE,
    0x00, 0x01, 0x43, 0x00, 0x0F, 0x4C, 0x00, 0x01, 0x46, 0x00, 0x0F, 0xAA, 0x00, 0x01, 0x4D, 0x00,
    0x0F, 0xCE, 0x00, 0x02, 0x50, 0x52, 0x0F, 0xFA, 0x00, 0x03, 0x50, 0x52, 0x53, 0x00, 0x10, 0x06,
    0x00, 0x03, 0x50, 0x53, 0x52, 0x00, 0x10, 0x06, 0x00, 0x02, 0x50, 0x57, 0x10, 0x00, 0x00, 0x03,
    0x50, 0x57, 0x53, 0x00, 0x10, 0x0C, 0x00, 0x03, 0x50, 0x53, 0x57, 0x00, 0x10, 0x0C, 0x00, 0x02,
    0x48, 0x52, 0x10, 0xE0, 0x00, 0x02, 0x48, 0x57, 0x10, 0xE6, 0x00, 0x02, 0x46, 0x46, 0x11, 0x46,
    0x00, 0x02, 0x46, 0x52, 0x11, 0x54, 0x00, 0x02, 0x46, 0x57, 0x11, 0x5A, 0x00, 0x01, 0x52, 0x00,
    0x11, 0xC0, 0x00, 0x01, 0x42, 0x00, 0x14, 0x8E, 0x00, 0x01, 0x47, 0x00, 0x14, 0xFE, 0x00, 0x01,
    0x4E, 0x00, 0x15, 0xA8, 0x00, 0x01, 0x54, 0x00, 0x17, 0x32, 0x00, 0x02, 0x47, 0x45, 0x26, 0x84,
    0x00, 0x01, 0x53, 0x00, 0x28, 0xB2, 0x00, 0x01, 0x51, 0x00, 0x2B, 0x20, 0x00, 0x04, 0x51, 0x52,
    0x45, 0x53, 0x2B, 0x34, 0x00, 0x03, 0x52, 0x47, 0x45, 0x00, 0x2C, 0x1C, 0x00, 0x02, 0x52, 0x53,
    0x2D, 0xB8, 0x00, 0x02, 0x52, 0x51, 0x30, 0x20, 0x00, 0x04, 0x4C, 0x4F, 0x41, 0x44, 0x30, 0x74,
    0x00, 0x04, 0x53, 0x45, 0x4E, 0x44, 0x33, 0x7C, 0x00, 0x04, 0x51, 0x55, 0x49, 0x54, 0x30, 0x30,
    0x00, 0x01, 0x4F, 0x00, 0x35, 0x9E, 0xFF, 0xFF, 0x47, 0x45, 0x20, 0x53, 0x4B, 0x53, 0x2E, 0x49,
    0x4E, 0x49, 0x54, 0x20, 0x3C, 0x35, 0x3E, 0x0D, 0xCF, 0x60, 0x08, 0xCF, 0xFF, 0xB7, 0xFE, 0x18,
    0x14, 0x8C, 0x03, 0xC1, 0x05, 0xEA, 0x11, 0x18, 0x18, 0x14, 0x8C, 0x03, 0xC1, 0x05, 0xEA, 0x11,
    0x1C, 0x18, 0x14, 0x8C, 0x03, 0xC1, 0x05, 0xEA, 0x11, 0x18, 0x18, 0x14, 0x8C, 0x03, 0xC1, 0x05,
    0xEA, 0x11, 0x1C, 0x02, 0x10, 0x02, 0x20, 0x00, 0x08, 0x7F, 0x11, 0x13, 0x00, 0x00, 0x7F, 0x00,
    0x00, 0x04, 0x00, 0x01, 0x20, 0x00, 0x00, 0x00, 0x00, 0x00, 0x00, 0x00, 0x00, 0x00, 0x00, 0x00,
    0x40, 0x00, 0x80, 0x00, 0x06, 0x00, 0x00, 0x00, 0x40, 0x00, 0x80, 0x00, 0x06, 0x2E, 0x00, 0x00,
    0xC0, 0x00, 0x80, 0x00, 0x06, 0x58, 0x00, 0x00, 0x40, 0x00, 0x80, 0x00, 0x07, 0x1A, 0x00, 0x00,
    0x40, 0x00, 0x80, 0x00, 0x35, 0x82, 0x00, 0x00, 0x40, 0x00, 0x80, 0x00, 0x07, 0xAC, 0x00, 0x00,
    0x40, 0x00, 0x80, 0x00, 0x07, 0xE4, 0x80, 0x00, 0x07, 0xE4, 0x80, 0x00, 0x07, 0xE4, 0x80, 0x00,
    0x07, 0xE4, 0x80, 0x00, 0x09, 0x2C, 0x80, 0x00, 0x07, 0xE4, 0x80, 0x00, 0x07, 0xE4, 0x80, 0x00,
    0x07, 0xE4, 0x80, 0x00, 0x07, 0xE4, 0x80, 0x00, 0x07, 0xE4, 0x80, 0x00, 0x07, 0xE4, 0x80, 0x00,
    0x07, 0xE4, 0x80, 0x00, 0x07, 0xE4, 0x80, 0x00, 0x07, 0xE4, 0x80, 0x00, 0x07, 0xE4, 0x80, 0x00,
    0x07, 0xE4, 0x80, 0x00, 0x07, 0xE4, 0x80, 0x00, 0x07, 0xE4, 0x80, 0x00, 0x07, 0xE4, 0x80, 0x00,
    0x07, 0xE4, 0x80, 0x00, 0x07, 0xE4, 0x80, 0x00, 0x07, 0xE4, 0x80, 0x00, 0x08, 0x9E, 0x80, 0x00,
    0x09, 0x18, 0x8D, 0xE8, 0x7D, 0xEC, 0x21, 0x01, 0x40, 0x00, 0x7D, 0x1A, 0x8D, 0x38, 0x3B, 0x37,
    0x00, 0xF0, 0x21, 0x04, 0x40, 0x00, 0x21, 0x02, 0x40, 0x02, 0x0D, 0x45, 0x00, 0x00, 0x21, 0x01,
    0x04, 0x00, 0xBB, 0x41, 0x01, 0x20, 0x21, 0x01, 0x9E, 0x00, 0x7D, 0x1B, 0x6F, 0x01, 0x43, 0xE4,
    0x4D, 0x05, 0x40, 0xB0, 0x20, 0x20, 0x21, 0x04, 0x40, 0xB0, 0x21, 0x02, 0x40, 0xB2, 0x21, 0x01,
    0x00, 0x80, 0xBB, 0x41, 0x01, 0x20, 0x21, 0x04, 0x01, 0x68, 0x21, 0x02, 0x43, 0xF2, 0xBD, 0x17,
    0xBB, 0x41, 0x01, 0x20, 0x21, 0x04, 0x01, 0x76, 0x21, 0x02, 0x44, 0x00, 0x21, 0x01, 0x00, 0x4E,
    0xBB, 0x41, 0x01, 0x20, 0x21, 0x06, 0x80, 0x00, 0x21, 0x07, 0x07, 0xE4, 0x21, 0x03, 0x00, 0x68,
    0x21, 0x02, 0x44, 0x9C, 0x1D, 0x26, 0xA9, 0x23, 0xF3, 0x83, 0x21, 0x0E, 0x80, 0x00, 0x21, 0x0F,
    0x40, 0x20, 0x5D, 0x0E, 0x43, 0xDA, 0x21, 0x0F, 0x40, 0xA0, 0x21, 0x01, 0x44, 0x00, 0x7D, 0x1D,
    0x6F, 0x0E, 0x43, 0xEA, 0x6F, 0x0E, 0x43, 0xDE, 0x6F, 0x01, 0x43, 0xEC, 0x4D, 0x05, 0x43, 0xE0,
    0x80, 0x00, 0x4D, 0x05, 0x43, 0xE2, 0xC0, 0x00, 0x64, 0x03, 0x43, 0xF1, 0x62, 0x04, 0x43, 0xF1,
    0x7C, 0x01, 0xC8, 0x0F, 0x3A, 0x86, 0xFF, 0x95, 0x21, 0x02, 0x01, 0x38, 0x21, 0x00, 0x00, 0x02,
    0x21, 0x01, 0xFF, 0x97, 0x3A, 0x22, 0x00, 0x10, 0xC8, 0x4F, 0x3A, 0x86, 0xFF, 0x9D, 0x3A, 0x84,
    0xFF, 0x99, 0x21, 0x02, 0x01, 0x3B, 0x21, 0x00, 0x00, 0x02, 0x21, 0x01, 0xFF, 0x9F, 0x3A, 0x22,
    0x00, 0x10, 0x21, 0x02, 0xFF, 0xFF, 0x3A, 0x94, 0xFF, 0x93, 0xA6, 0x95, 0xE6, 0x02, 0xF2, 0x85,
    0xE8, 0x64, 0x3A, 0x84, 0xFF, 0x9B, 0x06, 0x08, 0x7F, 0x7F, 0x3A, 0x04, 0xFF, 0x99, 0x21, 0x02,
    0xFF, 0xFF, 0x3A, 0x94, 0xFF, 0x93, 0xA6, 0x96, 0xE6, 0x02, 0xF2, 0x85, 0xE8, 0x56, 0x3A, 0x86,
    0xFF, 0x93, 0x3A, 0x06, 0xFF, 0x91, 0x0A, 0x08, 0x2A, 0x2A, 0xEE, 0x4F, 0x0A, 0x00, 0xAA, 0xAA,
    0xEE, 0x4C, 0x21, 0x02, 0xFF, 0xFF, 0x3A, 0x94, 0xFF, 0x93, 0xA6, 0x95, 0xE6, 0x02, 0xF2, 0x85,
    0xE8, 0x44, 0x3A, 0x84, 0xFF, 0x9B, 0x06, 0x08, 0x7F, 0x7F, 0x3A, 0x04, 0xFF, 0x99, 0x21, 0x02,
    0xFF, 0xFF, 0x3A, 0x94, 0xFF, 0x93, 0xA6, 0x96, 0xE6, 0x02, 0xF2, 0x85, 0xE8, 0x36, 0x3A, 0x86,
    0xFF, 0x93, 0x3A, 0x06, 0xFF, 0x91, 0x0A, 0x08, 0x55, 0x55, 0xEE, 0x2F, 0x0A, 0x00, 0x55, 0x55,
    0xEE, 0x2C, 0x21, 0x02, 0xFF, 0xFF, 0x3A, 0x94, 0xFF, 0x93, 0xA6, 0x95, 0xE6, 0x02, 0xF2, 0x85,
    0xE8, 0x24, 0x3A, 0x84, 0xFF, 0x9B, 0x06, 0x08, 0x7F, 0x7F, 0x3A, 0x04, 0xFF, 0x99, 0x0A, 0x08,
    0x00, 0x00, 0xEE, 0x1B, 0x0A, 0x00, 0x01, 0x01, 0xE6, 0x03, 0x0A, 0x00, 0x02, 0x02, 0xEE, 0x15,
    0x6E, 0x00, 0x40, 0xAC, 0xC8, 0x08, 0x6F, 0x00, 0x40, 0xAA, 0x21, 0x02, 0x01, 0x3A, 0x21, 0x00,
    0x00, 0x05, 0x21, 0x01, 0xFF, 0x9F, 0x3A, 0x22, 0x00, 0x10, 0xC8, 0x00, 0x3A, 0x86, 0xFF, 0xE1,
    0xDF, 0x53, 0xDF, 0x60, 0xDF, 0x1B, 0xDF, 0x05, 0xE8, 0x0D, 0xC0, 0x00, 0x6E, 0x00, 0x40, 0xAC,
    0xC8, 0x04, 0x6F, 0x00, 0x40, 0xAA, 0xC8, 0x07, 0x3A, 0x86, 0xFF, 0x9F, 0xDF, 0x61, 0xDF, 0x6E,
    0xDF, 0x29, 0xDF, 0x13, 0x7C, 0x05, 0x21, 0x06, 0x00, 0x32, 0x5F, 0x00, 0x0B, 0xBE, 0xAB, 0x60,
    0xEE, 0xFC, 0x21, 0x02, 0x00, 0x2C, 0x5F, 0x00, 0x0B, 0xDE, 0x5F, 0x00, 0x17, 0x32, 0x8D, 0x24,
    0xE6, 0x09, 0x4D, 0x05, 0x44, 0x2E, 0x07, 0x40, 0x4D, 0x05, 0x43, 0xFE, 0x2A, 0x20, 0x7C, 0x05,
    0x5E, 0x08, 0x04, 0x4C, 0x4D, 0x05, 0x43, 0xFE, 0x40, 0x20, 0x4D, 0x05, 0x44, 0x2E, 0x07, 0x40,
    0x21, 0x07, 0x01, 0x28, 0x21, 0x08, 0x00, 0x10, 0x61, 0x00, 0x43, 0xA2, 0x5F, 0x00, 0x09, 0xFA,
    0x6F, 0x00, 0x43, 0xA2, 0x20, 0x7B, 0x6E, 0x2B, 0x41, 0xB0, 0x68, 0x00, 0x43, 0xA0, 0xA9, 0x70,
    0xAB, 0x80, 0xEE, 0xF2, 0x21, 0x07, 0x48, 0x00, 0x0C, 0x75, 0x01, 0x01, 0x7C, 0x05, 0x21, 0x0F,
    0x40, 0xA0, 0x0D, 0xF9, 0x04, 0x4C, 0x60, 0x09, 0x43, 0xF0, 0x07, 0x01, 0x00, 0x06, 0x6E, 0x09,
    0x43, 0xF0, 0x60, 0x08, 0x43, 0xFE, 0x5F, 0x00, 0x0A, 0x26, 0x5F, 0x00, 0x0B, 0x92, 0xEE, 0x08,
    0x66, 0x02, 0x43, 0xF1, 0xE6, 0x05, 0xC8, 0x4E, 0x61, 0x01, 0x43, 0x9C, 0x6E, 0x18, 0x40, 0xB0,
    0x62, 0x02, 0x43, 0xF1, 0x61, 0x0B, 0x43, 0x9C, 0x21, 0x08, 0x00, 0x00, 0x5F, 0x00, 0x0C, 0xB6,
    0xE6, 0x05, 0x0A, 0x08, 0x20, 0x20, 0xE6, 0x02, 0xA9, 0x80, 0xE8, 0xF8, 0x21, 0x0A, 0x00, 0x5A,
    0x6F, 0x0B, 0x43, 0x9C, 0x21, 0xA9, 0x0B, 0x09, 0xFF, 0xFF, 0x5E, 0x06, 0x05, 0xEC, 0xA9, 0xA1,
    0x8B, 0x89, 0xE6, 0x05, 0x81, 0x9A, 0xA9, 0xA2, 0x07, 0x0A, 0xFF, 0xFE, 0xE8, 0xF1, 0x5F, 0x00,
    0x0C, 0xB6, 0x0A, 0xA8, 0xEE, 0xF7, 0xA9, 0xA0, 0xF9, 0x86, 0xA9, 0xA0, 0x07, 0x0A, 0xFF, 0xFE,
    0x21, 0xA2, 0x1E, 0x28, 0x93, 0xF0, 0xC0, 0x03, 0x3A, 0x06, 0xFF, 0xA9, 0xC0, 0x57, 0xC8, 0x02,
    0x3A, 0x06, 0xFF, 0xA9, 0x3A, 0x86, 0xFF, 0xA9, 0x97, 0xF0, 0x9E, 0x08, 0x93, 0xF0, 0xC0, 0x03,
    0x3A, 0x06, 0xFF, 0xAB, 0xC0, 0x57, 0xC8, 0x02, 0x3A, 0x06, 0xFF, 0xAB, 0x3A, 0x86, 0xFF, 0xAB,
    0x97, 0xF0, 0x9E, 0x08, 0x93, 0xF0, 0xC0, 0x03, 0x3A, 0x06, 0xFF, 0xAD, 0xC0, 0x57, 0xC8, 0x02,
    0x3A, 0x06, 0xFF, 0xAD, 0x3A, 0x86, 0xFF, 0xAD, 0x97, 0xF0, 0x9E, 0x08, 0x93, 0xF0, 0xC0, 0x03,
    0x3A, 0x06, 0xFF, 0xB1, 0xC0, 0x57, 0xC8, 0x02, 0x3A, 0x06, 0xFF, 0xB1, 0x3A, 0x86, 0xFF, 0xB1,
    0x97, 0xF0, 0x9E, 0x08, 0x93, 0xF0, 0x93, 0xF1, 0x93, 0xF2, 0x21, 0x02, 0x01, 0x3F, 0x21, 0x00,
    0x00, 0x09, 0x21, 0x01, 0xFF, 0x85, 0x3A, 0x22, 0x00, 0x10, 0x21, 0x02, 0x01, 0x63, 0x21, 0x00,
    0x00, 0x02, 0x21, 0x01, 0xFF, 0x87, 0x3A, 0x22, 0x00, 0x10, 0x97, 0xF2, 0x97, 0xF1, 0x97, 0xF0,
    0x9E, 0x08, 0x93, 0xF0, 0x93, 0xF1, 0x93, 0xF2, 0x21, 0x02, 0x01, 0x48, 0x21, 0x00, 0x00, 0x09,
    0x21, 0x01, 0xFF, 0x87, 0x3A, 0x22, 0x00, 0x10, 0x21, 0x02, 0x01, 0x63, 0x21, 0x00, 0x00, 0x02,
    0x21, 0x01, 0xFF, 0x87, 0x3A, 0x22, 0x00, 0x10, 0x97, 0xF2, 0x97, 0xF1, 0x97, 0xF0, 0x9E, 0x08,
    0x93, 0xF0, 0x93, 0xF1, 0x93, 0xF2, 0x21, 0x02, 0x01, 0x51, 0x21, 0x00, 0x00, 0x09, 0x21, 0x01,
    0xFF, 0x8D, 0x3A, 0x22, 0x00, 0x10, 0x21, 0x02, 0x01, 0x65, 0x21, 0x00, 0x00, 0x02, 0x21, 0x01,
    0xFF, 0x8F, 0x3A, 0x22, 0x00, 0x10, 0x97, 0xF2, 0x97, 0xF1, 0x97, 0xF0, 0x9E, 0x08, 0x93, 0xF0,
    0x93, 0xF1, 0x93, 0xF2, 0x21, 0x02, 0x01, 0x5A, 0x21, 0x00, 0x00, 0x09, 0x21, 0x01, 0xFF, 0x8F,
    0x3A, 0x22, 0x00, 0x10, 0x21, 0x02, 0x01, 0x65, 0x21, 0x00, 0x00, 0x02, 0x21, 0x01, 0xFF, 0x8F,
    0x3A, 0x22, 0x00, 0x10, 0x97, 0xF2, 0x97, 0xF1, 0x97, 0xF0, 0x9E, 0x08, 0xC8, 0x3F, 0x5F, 0x00,
    0x0A, 0x26, 0x4D, 0x05, 0x43, 0x9E, 0x00, 0x00, 0x21, 0x0F, 0x40, 0xA0, 0x5E, 0x08, 0x04, 0x4C,
    0x21, 0x02, 0x06, 0x08, 0x5E, 0x08, 0x07, 0x1E, 0x00, 0x24, 0x55, 0x4E, 0x49, 0x4D, 0x50, 0x4C,
    0x45, 0x4D, 0x45, 0x4E, 0x54, 0x45, 0x44, 0x20, 0x49, 0x4E, 0x53, 0x54, 0x52, 0x55, 0x43, 0x54,
    0x49, 0x4F, 0x4E, 0x20, 0x54, 0x52, 0x41, 0x50, 0x20, 0x20, 0x49, 0x44, 0x3D, 0x20, 0x21, 0x02,
    0x06, 0x34, 0xE8, 0x75, 0x00, 0x21, 0x50, 0x52, 0x49, 0x56, 0x49, 0x4C, 0x45, 0x47, 0x45, 0x44,
    0x20, 0x49, 0x4E, 0x53, 0x54, 0x52, 0x55, 0x43, 0x54, 0x49, 0x4F, 0x4E, 0x20, 0x54, 0x52, 0x41,
    0x50, 0x20, 0x20, 0x49, 0x44, 0x3D, 0x20, 0x00, 0x93, 0xE0, 0x7D, 0x02, 0xA3, 0x0F, 0x7D, 0x0A,
    0x4C, 0xF1, 0x00, 0x03, 0x01, 0x01, 0xEE, 0x03, 0x65, 0xFF, 0x00, 0x04, 0xE8, 0x39, 0x4C, 0xF1,
    0x00, 0x03, 0x02, 0x02, 0xEE, 0x03, 0x63, 0xFF, 0x00, 0x04, 0xE8, 0x32, 0x97, 0xF0, 0x4C, 0xF4,
    0x00, 0x01, 0xEE, 0x22, 0x6F, 0x00, 0x43, 0xBE, 0x5D, 0x0E, 0x43, 0xDA, 0x21, 0x0F, 0x40, 0xA0,
    0x5F, 0x00, 0x13, 0xDA, 0x69, 0x07, 0x43, 0xDC, 0x6B, 0x01, 0x43, 0xE0, 0x6B, 0x00, 0x43, 0xFC,
    0x5E, 0x0E, 0x15, 0x24, 0x4D, 0x05, 0x43, 0xFC, 0x00, 0x01, 0x5F, 0x00, 0x16, 0x20, 0x7C, 0x05,
    0x21, 0x02, 0x06, 0xEA, 0x5F, 0x00, 0x0B, 0xDE, 0x61, 0x05, 0x43, 0xE0, 0x5F, 0x00, 0x0C, 0x70,
    0x5F, 0x00, 0x0B, 0xF8, 0x5E, 0x08, 0x04, 0x4C, 0x93, 0xF0, 0x60, 0xF0, 0x00, 0x03, 0xA0, 0x0B,
    0x8C, 0x38, 0x03, 0x03, 0x00, 0x04, 0x61, 0x33, 0x06, 0xF6, 0x7C, 0x05, 0x1F, 0x30, 0xA1, 0x03,
    0x7D, 0x02, 0xA5, 0x0F, 0x7D, 0x0A, 0x97, 0xE0, 0x7B, 0x00, 0x00, 0x09, 0x42, 0x52, 0x45, 0x41,
    0x4B, 0x20, 0x41, 0x54, 0x20, 0x20, 0x0A, 0x08, 0x0A, 0x26, 0x0B, 0x30, 0x0B, 0xBE, 0x0B, 0xDE,
    0x0C, 0x70, 0x0B, 0xF8, 0x0C, 0x78, 0x0D, 0xEC, 0x0D, 0xB6, 0x00, 0x00, 0x00, 0x00, 0x04, 0x4C,
    0x3E, 0x00, 0x0A, 0x66, 0x0A, 0xA4, 0x2B, 0x48, 0x0C, 0x0A, 0x21, 0x02, 0x07, 0x30, 0x21, 0xF5,
    0x5F, 0x00, 0x0B, 0xDE, 0x5F, 0x00, 0x0C, 0x70, 0x5F, 0x00, 0x0B, 0xF8, 0x5E, 0x08, 0x04, 0x4C,
    0x00, 0x0D, 0x4D, 0x4D, 0x55, 0x20, 0x54, 0x52, 0x41, 0x50, 0x20, 0x49, 0x44, 0x3D, 0x20, 0x00,
    0x93, 0xF0, 0xA9, 0xF1, 0x21, 0xF0, 0xAB, 0xF1, 0xA6, 0x80, 0xEE, 0x02, 0xA6, 0x82, 0xEE, 0x1C,
    0x97, 0xF0, 0x66, 0x00, 0x43, 0xF0, 0xEE, 0x0B, 0x5D, 0x0E, 0x43, 0xDA, 0x21, 0x0F, 0x40, 0xA0,
    0x6F, 0x00, 0x43, 0xBE, 0x5F, 0x00, 0x13, 0xDA, 0x69, 0x07, 0x43, 0xDC, 0xE8, 0x04, 0x62, 0x00,
    0x43, 0xF0, 0x21, 0x0F, 0x40, 0xA0, 0x7C, 0x05, 0x5F, 0x00, 0x0B, 0xBE, 0x21, 0x02, 0x07, 0xA4,
    0x5F, 0x00, 0x0B, 0xDE, 0x5E, 0x08, 0x04, 0x4C, 0x3A, 0x84, 0xFF, 0xC1, 0xA0, 0x80, 0xA2, 0x83,
    0x3A, 0x86, 0xFF, 0xC1, 0x3A, 0x06, 0xFF, 0xC1, 0x4D, 0x05, 0x46, 0x82, 0xFF, 0xFF, 0x97, 0xF0,
    0x7F, 0x01, 0x7B, 0x00, 0x00, 0x05, 0x4E, 0x4D, 0x49, 0x20, 0x0D, 0x00, 0x21, 0x02, 0x07, 0xB2,
    0xE8, 0xB6, 0x00, 0x2F, 0x55, 0x4E, 0x49, 0x4E, 0x49, 0x54, 0x49, 0x41, 0x4C, 0x49, 0x5A, 0x45,
    0x44, 0x20, 0x4E, 0x4F, 0x4E, 0x56, 0x45, 0x43, 0x54, 0x4F, 0x52, 0x45, 0x44, 0x20, 0x49, 0x4E,
    0x54, 0x45, 0x52, 0x52, 0x55, 0x50, 0x54, 0x20, 0x45, 0x4E, 0x54, 0x52, 0x59, 0x20, 0x20, 0x49,
    0x44, 0x3D, 0x20, 0x00, 0x21, 0x02, 0x07, 0xEA, 0xE8, 0x9A, 0x00, 0x2C, 0x55, 0x4E, 0x49, 0x4E,
    0x49, 0x54, 0x49, 0x41, 0x4C, 0x49, 0x5A, 0x45, 0x44, 0x20, 0x56, 0x45, 0x43, 0x54, 0x4F, 0x52,
    0x45, 0x44, 0x20, 0x49, 0x4E, 0x54, 0x45, 0x52, 0x52, 0x55, 0x50, 0x54, 0x20, 0x45, 0x4E, 0x54,
    0x52, 0x59, 0x20, 0x20, 0x49, 0x44, 0x3D, 0x20, 0x00, 0x00, 0x00, 0x00, 0x00, 0x00, 0x00, 0x00,
    0x00, 0x00, 0x00, 0x00, 0x00, 0x00, 0x00, 0x00, 0x00, 0x00, 0x00, 0x00, 0x00, 0x00, 0x00, 0x00,
    0x00, 0x00, 0x00, 0x00, 0x00, 0x00, 0x00, 0x00, 0x00, 0x00, 0x00, 0x00, 0x00, 0x00, 0x00, 0x00,
    0x00, 0x00, 0x00, 0x00, 0x00, 0x00, 0x00, 0x00, 0x00, 0x00, 0x00, 0x00, 0x00, 0x00, 0x00, 0x00,
    0x00, 0x00, 0x00, 0x00, 0x00, 0x00, 0x00, 0x00, 0x00, 0x00, 0x00, 0x00, 0x00, 0x00, 0x00, 0x00,
    0x00, 0x00, 0x00, 0x00, 0x00, 0x00, 0x00, 0x00, 0x00, 0x00, 0x00, 0x00, 0x00, 0x00, 0x00, 0x00,
    0x00, 0x00, 0x00, 0x00, 0x00, 0x00, 0x00, 0x00, 0x00, 0x00, 0x00, 0x00, 0x00, 0x00, 0x00, 0x00,
    0x00, 0x00, 0x00, 0x00, 0x00, 0x00, 0x00, 0x00, 0x00, 0x00, 0x00, 0x00, 0x00, 0x00, 0x00, 0x00,
    0x00, 0x00, 0x00, 0x00, 0x00, 0x00, 0x00, 0x00, 0x00, 0x00, 0x00, 0x00, 0x00, 0x00, 0x93, 0xF0,
    0x93, 0xF1, 0x93, 0xF2, 0x4D, 0x01, 0x44, 0x2E, 0x35, 0x82, 0xEE, 0x06, 0x4D, 0x05, 0x43, 0xFE,
    0x2A, 0x20, 0x4D, 0x05, 0x44, 0x2E, 0x07, 0x40, 0x3A, 0x94, 0xFF, 0x89, 0x66, 0x00, 0x43, 0xF0,
    0xEE, 0x19, 0xA2, 0x97, 0x4A, 0x09, 0x43, 0xF4, 0xEE, 0x03, 0x62, 0x02, 0x43, 0xF0, 0xE8, 0x1B,
    0x4A, 0x09, 0x43, 0xF5, 0xEE, 0x03, 0x64, 0x02, 0x43, 0xF0, 0xE8, 0x15, 0x0A, 0x09, 0x1B, 0x1B,
    0xEE, 0x09, 0x66, 0x03, 0x43, 0xF0, 0xEE, 0x03, 0x66, 0x04, 0x43, 0xF0, 0xE6, 0x03, 0x64, 0x05,
    0x43, 0xF0, 0xE8, 0x09, 0x61, 0x00, 0x43, 0xA2, 0xDF, 0x80, 0x6F, 0x00, 0x43, 0xA2, 0x6E, 0x29,
    0x41, 0xB0, 0x68, 0x00, 0x43, 0xA0, 0xC9, 0x38, 0x3A, 0x96, 0xFF, 0x8D, 0x97, 0xF2, 0x97, 0xF1,
    0x97, 0xF0, 0x7F, 0x01, 0x8D, 0x07, 0x7B, 0x00, 0x93, 0xF1, 0xC9, 0x30, 0x3A, 0x96, 0xFF, 0x8D,
    0xC9, 0x38, 0x3A, 0x96, 0xFF, 0x8D, 0x97, 0xF1, 0x7F, 0x01, 0x7B, 0x00, 0x93, 0xF0, 0x93, 0xF1,
    0x93, 0xF2, 0x3A, 0x94, 0xFF, 0x93, 0xA6, 0x95, 0xEE, 0xFC, 0x3A, 0x14, 0xFF, 0x9B, 0x06, 0x01,
    0x7E, 0x7E, 0x3A, 0x94, 0xFF, 0x99, 0x0A, 0x01, 0x04, 0x04, 0xE6, 0x11, 0x0A, 0x01, 0x24, 0x24,
    0xEE, 0x04, 0x4C, 0x05, 0x40, 0xAD, 0x00, 0x00, 0xE8, 0x44, 0x0A, 0x01, 0x44, 0x44, 0xE6, 0x41,
    0x0A, 0x01, 0x64, 0x64, 0xE6, 0x3E, 0x0A, 0x01, 0x10, 0x10, 0xE6, 0x31, 0xE8, 0x3A, 0x4D, 0x01,
    0x44, 0x2E, 0x35, 0x82, 0xEE, 0x06, 0x4D, 0x05, 0x43, 0xFE, 0x2A, 0x20, 0x4D, 0x05, 0x44, 0x2E,
    0x07, 0x40, 0x66, 0x00, 0x43, 0xF0, 0xEE, 0x19, 0xA2, 0x97, 0x4A, 0x09, 0x43, 0xF4, 0xEE, 0x03,
    0x62, 0x02, 0x43, 0xF0, 0xE8, 0x26, 0x4A, 0x09, 0x43, 0xF5, 0xEE, 0x03, 0x64, 0x02, 0x43, 0xF0,
    0xE8, 0x20, 0x0A, 0x09, 0x1B, 0x1B, 0xEE, 0x09, 0x66, 0x03, 0x43, 0xF0, 0xEE, 0x03, 0x66, 0x04,
    0x43, 0xF0, 0xE6, 0x03, 0x64, 0x05, 0x43, 0xF0, 0xE8, 0x14, 0x61, 0x00, 0x43, 0xA2, 0xDF, 0xE3,
    0x6F, 0x00, 0x43, 0xA2, 0x6E, 0x29, 0x41, 0xB0, 0x68, 0x00, 0x43, 0xA0, 0xE8, 0x0A, 0x61, 0x00,
    0x46, 0xFC, 0xDF, 0xED, 0x6F, 0x00, 0x46, 0xFC, 0x6E, 0x29, 0x47, 0x00, 0x68, 0x00, 0x46, 0xFA,
    0xE8, 0x00, 0xC9, 0xED, 0x3A, 0x96, 0xFF, 0xE1, 0xC9, 0x4D, 0x3A, 0x96, 0xFF, 0xE1, 0x97, 0xF2,
    0x97, 0xF1, 0x97, 0xF0, 0x7F, 0x01, 0x8D, 0x07, 0x7B, 0x00, 0xA1, 0x02, 0xA9, 0x00, 0x0B, 0x00,
    0x01, 0x00, 0x9E, 0x07, 0x8D, 0x08, 0x9E, 0x08, 0x4C, 0x04, 0x43, 0xA0, 0xE6, 0xFD, 0x93, 0xF2,
    0x61, 0x00, 0x43, 0xA4, 0xD0, 0x0E, 0x6F, 0x00, 0x43, 0xA4, 0x60, 0x28, 0x41, 0xB0, 0x6A, 0x00,
    0x43, 0xA0, 0x97, 0xF2, 0x9E, 0x08, 0x93, 0xF0, 0x4C, 0x04, 0x40, 0xAC, 0x66, 0x02, 0x43, 0xF0,
    0xEE, 0xFD, 0x3A, 0x04, 0xFF, 0x8D, 0xA6, 0x02, 0xE6, 0xF9, 0x3A, 0x86, 0xFF, 0x89, 0xE8, 0x0F,
    0x66, 0x02, 0x43, 0xF0, 0xEE, 0xFD, 0xC8, 0x27, 0xDF, 0xA2, 0xA6, 0x02, 0xE6, 0xF9, 0x4C, 0x05,
    0x40, 0xAD, 0xFF, 0xFF, 0x97, 0xF0, 0x93, 0xF0, 0xA0, 0x80, 0xC8, 0x26, 0xDF, 0xB8, 0x97, 0xF0,
    0x0A, 0x08, 0x0D, 0x0D, 0x9E, 0x08, 0x4C, 0x04, 0x46, 0xFA, 0xE6, 0xFD, 0x93, 0xF2, 0x61, 0x00,
    0x46, 0xFE, 0xD0, 0x3D, 0x6F, 0x00, 0x46, 0xFE, 0x60, 0x28, 0x47, 0x00, 0x6A, 0x00, 0x46, 0xFA,
    0x97, 0xF2, 0x9E, 0x08, 0x7C, 0x01, 0x3A, 0x04, 0xFF, 0x93, 0xA6, 0x05, 0xEE, 0xFB, 0x3A, 0x04,
    0xFF, 0x9B, 0x06, 0x00, 0x7E, 0x7E, 0x0A, 0x00, 0x10, 0x10, 0xEE, 0xF4, 0x3A, 0x84, 0xFF, 0x99,
    0x7C, 0x05, 0x9E, 0x08, 0x7C, 0x01, 0xC0, 0x10, 0xDF, 0xF9, 0x7C, 0x05, 0x9E, 0x08, 0x7C, 0x01,
    0xC0, 0x10, 0xDF, 0xEF, 0x7C, 0x05, 0x9E, 0x08, 0x93, 0xF0, 0x3A, 0x04, 0xFF, 0x93, 0xA6, 0x06,
    0xEE, 0xFC, 0x3A, 0x86, 0xFF, 0x91, 0x97, 0xF0, 0xA2, 0x00, 0x3A, 0x06, 0xFF, 0x93, 0xA4, 0x00,
    0x3A, 0x06, 0xFF, 0x93, 0x9E, 0x08, 0x93, 0xF0, 0x3A, 0x04, 0xFF, 0x93, 0xA6, 0x06, 0xEE, 0xFC,
    0x97, 0xF0, 0xA2, 0x00, 0x3A, 0x06, 0xFF, 0x93, 0x3A, 0x86, 0xFF, 0x91, 0x9E, 0x08, 0x7C, 0x01,
    0x93, 0xF0, 0xC0, 0x04, 0xD0, 0x1F, 0x97, 0xF0, 0x93, 0xF0, 0xA0, 0x08, 0xC0, 0x00, 0xD0, 0x15,
    0x97, 0xF0, 0x7C, 0x05, 0x9E, 0x08, 0x7C, 0x01, 0xC0, 0x02, 0xD0, 0x2A, 0x3A, 0x04, 0xFF, 0x93,
    0xA6, 0x05, 0xEE, 0xFC, 0x3A, 0x04, 0xFF, 0x9B, 0x06, 0x00, 0x7E, 0x7E, 0x0A, 0x00, 0x00, 0x00,
    0xEE, 0xF5, 0x3A, 0x04, 0xFF, 0x99, 0x7C, 0x05, 0x9E, 0x08, 0xD0, 0x92, 0xD0, 0x84, 0x9E, 0x08,
    0x6F, 0x01, 0x43, 0x9A, 0x8D, 0x18, 0xD0, 0x07, 0x66, 0x03, 0x43, 0xF1, 0xEE, 0x07, 0x0A, 0x08,
    0x61, 0x61, 0xE7, 0x04, 0x0A, 0x08, 0x7B, 0x7B, 0xEF, 0x01, 0xA2, 0x85, 0x72, 0x28, 0x01, 0x00,
    0x4A, 0x08, 0x43, 0xF2, 0xE6, 0x0C, 0x4A, 0x08, 0x43, 0xF3, 0xE6, 0x0F, 0x0A, 0x08, 0x0D, 0x0D,
    0xE6, 0x12, 0xA9, 0x10, 0x4B, 0x01, 0x43, 0x9A, 0xE7, 0xE6, 0x8D, 0x41, 0x9E, 0x08, 0xDF, 0xDF,
    0xED, 0xE2, 0x60, 0x08, 0x43, 0xFE, 0xD0, 0xA9, 0xE8, 0xDD, 0x8D, 0x14, 0xE6, 0xDC, 0xC8, 0x08,
    0xD0, 0xAE, 0xDF, 0xE9, 0xE8, 0xFA, 0xC8, 0x0A, 0xD0, 0xB2, 0x74, 0x22, 0x01, 0x00, 0x8D, 0x43,
    0x9E, 0x08, 0x21, 0x02, 0x40, 0xB0, 0x21, 0x01, 0x00, 0x80, 0x4D, 0x05, 0x43, 0x9C, 0x00, 0x00,
    0xD0, 0x39, 0x5E, 0x06, 0x05, 0xEC, 0xDF, 0x67, 0x6B, 0x00, 0x43, 0x9C, 0x0A, 0x08, 0x0D, 0x0D,
    0x9E, 0x08, 0xC8, 0x20, 0xD0, 0xC8, 0xC8, 0x08, 0xD0, 0xCA, 0xAB, 0x10, 0x9E, 0x08, 0xC8, 0x0D,
    0xD0, 0xCE, 0xC8, 0x0A, 0xD0, 0xD0, 0xDF, 0xFF, 0x9E, 0x08, 0x4D, 0x04, 0x43, 0xF6, 0x9E, 0x06,
    0x61, 0x01, 0x43, 0xF6, 0x8D, 0x08, 0xD0, 0xD9, 0xAB, 0x10, 0xEE, 0xFD, 0x9E, 0x08, 0x21, 0x20,
    0x0B, 0x00, 0x00, 0x00, 0x9E, 0x06, 0x6F, 0x00, 0x43, 0x9E, 0xA9, 0x21, 0x21, 0x04, 0x41, 0x30,
    0xBA, 0x21, 0x00, 0x40, 0xDF, 0xF6, 0x9E, 0x08, 0x61, 0x03, 0x43, 0x9E, 0x4C, 0x35, 0x41, 0x30,
    0x0D, 0x0D, 0x69, 0x00, 0x43, 0x9E, 0xDF, 0xFF, 0x9E, 0x08, 0x8D, 0x38, 0x60, 0x38, 0x41, 0x30,
    0xA9, 0x30, 0xD0, 0xF7, 0xE6, 0x04, 0x4B, 0x03, 0x43, 0x9E, 0xE7, 0xF8, 0xE8, 0x06, 0xC8, 0x0A,
    0xD0, 0xFE, 0xD0, 0x2D, 0x66, 0x04, 0x43, 0xF1, 0xEE, 0xF1, 0x4D, 0x05, 0x43, 0x9E, 0x00, 0x00,
    0x21, 0x00, 0x00, 0x40, 0x4D, 0x05, 0x41, 0x30, 0x20, 0x20, 0x21, 0x02, 0x41, 0x30, 0x21, 0x04,
    0x41, 0x32, 0xBB, 0x21, 0x00, 0x40, 0x9E, 0x08, 0x0A, 0x08, 0x30, 0x30, 0x9E, 0x07, 0x0A, 0x08,
    0x3A, 0x3A, 0xE7, 0x08, 0x0A, 0x08, 0x41, 0x41, 0x9E, 0x07, 0x0A, 0x08, 0x47, 0x47, 0xEF, 0x06,
    0x02, 0x08, 0x07, 0x07, 0x06, 0x08, 0x0F, 0x0F, 0x8D, 0x83, 0x9E, 0x08, 0x8D, 0x81, 0x9E, 0x08,
    0xA0, 0x50, 0xDF, 0xFD, 0xDF, 0xFF, 0x9E, 0x08, 0xA0, 0xD0, 0xBE, 0x08, 0xDF, 0xFD, 0xBE, 0x08,
    0xDF, 0xFF, 0x9E, 0x08, 0x93, 0xF1, 0x06, 0x08, 0x0F, 0x0F, 0x60, 0x09, 0x40, 0xAF, 0x80, 0x89,
    0x6E, 0x09, 0x40, 0xAF, 0x0A, 0x08, 0x0A, 0x0A, 0xE7, 0x02, 0x00, 0x08, 0x07, 0x07, 0x00, 0x08,
    0x30, 0x30, 0x93, 0xF6, 0x61, 0x06, 0x43, 0x9E, 0x6E, 0x68, 0x41, 0x30, 0x69, 0x00, 0x43, 0x9E,
    0x97, 0xF6, 0x97, 0xF1, 0x9E, 0x08, 0x93, 0xF2, 0x61, 0x02, 0x43, 0x9C, 0x60, 0x28, 0x40, 0xB0,
    0x69, 0x00, 0x43, 0x9C, 0x0A, 0x08, 0x0D, 0x0D, 0x97, 0xF2, 0x9E, 0x08, 0xD0, 0x0C, 0x9E, 0x06,
    0x0A, 0x08, 0x20, 0x20, 0xEE, 0xFB, 0xDF, 0xFF, 0x9E, 0x08, 0xD0, 0x13, 0x9E, 0x06, 0x0A, 0x08,
    0x20, 0x20, 0xE6, 0xFB, 0x9E, 0x08, 0x61, 0x02, 0x43, 0xDE, 0xA5, 0x2F, 0x62, 0x00, 0x43, 0xF1,
    0x0A, 0x08, 0x0D, 0x0D, 0x9E, 0x06, 0x0A, 0x08, 0x3C, 0x3C, 0x9E, 0x0E, 0x8D, 0x38, 0xD0, 0x25,
    0x5E, 0x06, 0x05, 0xEC, 0xD0, 0x5F, 0xE7, 0x02, 0xBE, 0xB8, 0xE8, 0xF9, 0x0A, 0x08, 0x3E, 0x3E,
    0x5E, 0x0E, 0x05, 0xEC, 0xD0, 0x1E, 0xA0, 0xB2, 0x8C, 0xA8, 0xA5, 0x2F, 0x64, 0x00, 0x43, 0xF1,
    0x9E, 0x08, 0x8D, 0x38, 0x0A, 0x08, 0x0D, 0x0D, 0x8D, 0x81, 0x9E, 0x06, 0xD0, 0x73, 0x5E, 0x07,
    0x05, 0xEC, 0xBE, 0xB8, 0xBE, 0x38, 0xD0, 0x41, 0x9E, 0x06, 0x0A, 0x08, 0x20, 0x20, 0xEE, 0xF6,
    0xD0, 0x34, 0x8D, 0x83, 0x9E, 0x08, 0xD0, 0x31, 0xD0, 0x14, 0x9E, 0x08, 0xD0, 0x41, 0xD0, 0x05,
    0xE6, 0x06, 0x94, 0x26, 0xD0, 0x08, 0xE6, 0x03, 0x94, 0x24, 0xD0, 0x1D, 0x9E, 0x0F, 0x8D, 0x81,
    0x9E, 0x08, 0xC8, 0x3A, 0xD1, 0xA0, 0xD0, 0xEB, 0xDF, 0xFF, 0x9E, 0x08, 0x8D, 0x28, 0x8D, 0x38,
    0xD0, 0x4C, 0x9E, 0x06, 0x0A, 0x08, 0x51, 0x51, 0xE6, 0x03, 0x0A, 0x08, 0x2D, 0x2D, 0xEE, 0x02,
    0x8D, 0x81, 0x9E, 0x08, 0xD0, 0x9F, 0x5E, 0x07, 0x05, 0xEC, 0xBE, 0xB8, 0xBE, 0x38, 0xBE, 0xA8,
    0xBE, 0x28, 0xD0, 0x6F, 0xEE, 0x02, 0x8D, 0x11, 0xE8, 0x04, 0x0A, 0x08, 0x20, 0x20, 0xEE, 0xF2,
    0x8D, 0x83, 0x8D, 0x43, 0x9E, 0x08, 0xD0, 0x9C, 0x69, 0x00, 0x43, 0x9E, 0xDF, 0xFF, 0x9E, 0x08,
    0xD0, 0xD4, 0xD0, 0x29, 0x9E, 0x08, 0x61, 0x02, 0x43, 0x9E, 0x6E, 0x29, 0x41, 0x30, 0x69, 0x00,
    0x43, 0x9E, 0x9E, 0x08, 0x21, 0x01, 0x3C, 0x20, 0xDF, 0xFF, 0x9E, 0x08, 0xDF, 0xFD, 0x6B, 0x00,
    0x43, 0x9E, 0x9E, 0x08, 0x93, 0xF4, 0x61, 0x04, 0x43, 0x9E, 0x6E, 0x41, 0x41, 0x30, 0xA9, 0x40,
    0x6E, 0x49, 0x41, 0x30, 0x69, 0x01, 0x43, 0x9E, 0x97, 0xF4, 0x9E, 0x08, 0xD0, 0x15, 0xDF, 0xFF,
    0x9E, 0x08, 0xA2, 0xD7, 0xD0, 0xBF, 0x21, 0x01, 0x3E, 0x20, 0xD0, 0x18, 0x9E, 0x08, 0x62, 0x01,
    0x43, 0xF1, 0x5F, 0x00, 0x0C, 0xCC, 0x21, 0x07, 0x02, 0x02, 0x61, 0x0A, 0x43, 0xDE, 0xEE, 0x02,
    0xA1, 0x31, 0xE8, 0x55, 0x5F, 0x00, 0x0D, 0x46, 0xEE, 0x02, 0x64, 0x01, 0x43, 0xF1, 0x94, 0x2A,
    0x66, 0x01, 0x43, 0xF1, 0xEE, 0x48, 0xDF, 0x83, 0xE6, 0x46, 0x5F, 0x00, 0x0D, 0x22, 0xA1, 0x3D,
    0xE6, 0x02, 0xDF, 0x89, 0xEE, 0x74, 0x8D, 0xD4, 0xE6, 0x72, 0x21, 0x06, 0x00, 0x10, 0x5F, 0x00,
    0x0D, 0xC4, 0xA1, 0xA5, 0xA0, 0x5D, 0x5F, 0x00, 0x0D, 0xF2, 0xA1, 0xB5, 0x5F, 0x00, 0x0C, 0x70,
    0x69, 0x00, 0x43, 0x9E, 0x21, 0x08, 0x00, 0x3A, 0x4C, 0x85, 0x41, 0x30, 0x2A, 0x2A, 0xA9, 0x80,
    0x7F, 0x01, 0x20, 0xAD, 0x7F, 0x02, 0x6E, 0x8D, 0x41, 0x30, 0x0A, 0x0D, 0x20, 0x20, 0xE7, 0x03,
    0x0A, 0x0D, 0x7F, 0x7F, 0xE7, 0x03, 0x4C, 0x85, 0x41, 0x30, 0x2E, 0x2E, 0xA9, 0x80, 0x4C, 0x85,
    0x41, 0x30, 0x2A, 0x2A, 0x5F, 0x00, 0x0C, 0x78, 0xA9, 0xB0, 0xAB, 0x60, 0xEE, 0x09, 0xA9, 0x80,
    0x6F, 0x08, 0x43, 0x9E, 0x5F, 0x00, 0x0B, 0xF8, 0xA0, 0x7F, 0xAB, 0xD0, 0xEE, 0xCE, 0x9E, 0x08,
    0xFF, 0x21, 0x69, 0x00, 0x43, 0x9E, 0xA0, 0x7F, 0xAB, 0xD0, 0xEE, 0xDA, 0xA9, 0x80, 0x6F, 0x08,
    0x43, 0x9E, 0x5E, 0x08, 0x0B, 0xF8, 0x0A, 0x0F, 0x01, 0x01, 0xE6, 0x01, 0xA3, 0xB0, 0x94, 0xA8,
    0x5F, 0x00, 0x0D, 0xC4, 0xA1, 0xA5, 0xA0, 0x5D, 0x5F, 0x00, 0x0D, 0xF2, 0xA1, 0xB5, 0x5F, 0x00,
    0x0C, 0x70, 0x69, 0x00, 0x43, 0x9E, 0x7F, 0x01, 0x20, 0xAD, 0x7F, 0x02, 0x5F, 0x00, 0x0C, 0x78,
    0xA9, 0xB0, 0xFF, 0x07, 0x69, 0x00, 0x43, 0x9E, 0xA0, 0x7F, 0x5F, 0x00, 0x0D, 0xB0, 0xEF, 0x09,
    0x0A, 0x08, 0x51, 0x51, 0x9E, 0x06, 0x93, 0xF7, 0x8C, 0x78, 0x83, 0x7B, 0x83, 0x7B, 0x97, 0xF7,
    0xE8, 0xDE, 0xE6, 0xDD, 0xAA, 0xF0, 0x7F, 0x01, 0xEE, 0x02, 0x2E, 0x8B, 0xE8, 0x05, 0xAA, 0xF0,
    0xEE, 0x02, 0x2F, 0x83, 0xE8, 0x01, 0x1D, 0x82, 0x7F, 0x02, 0xA0, 0x7F, 0xE8, 0xD0, 0x5E, 0x08,
    0x05, 0xEC, 0x21, 0x07, 0x02, 0x02, 0x0A, 0x08, 0x0D, 0x0D, 0x9E, 0x06, 0x0A, 0x08, 0x57, 0x57,
    0x9E, 0x06, 0x21, 0x07, 0x01, 0x01, 0x0A, 0x08, 0x42, 0x42, 0x9E, 0x06, 0x21, 0x07, 0x04, 0x04,
    0x0A, 0x08, 0x4C, 0x4C, 0x9E, 0x06, 0x21, 0x07, 0x02, 0x02, 0x9E, 0x08, 0x5F, 0x00, 0x0D, 0x4C,
    0xE7, 0x15, 0x94, 0x48, 0xA1, 0x3A, 0x8D, 0x34, 0xE6, 0x11, 0x7F, 0x01, 0x20, 0x69, 0xBA, 0x80,
    0x0A, 0x96, 0x7F, 0x02, 0xE6, 0x07, 0x94, 0x84, 0xAB, 0x50, 0xDF, 0xF6, 0x94, 0x64, 0xDF, 0xF8,
    0x5F, 0x00, 0x0B, 0xF8, 0x8D, 0xA4, 0x9E, 0x06, 0xA9, 0x70, 0xE8, 0xEF, 0x5E, 0x08, 0x05, 0xEC,
    0x5F, 0x00, 0x0D, 0xC4, 0xA1, 0x52, 0xA0, 0x4D, 0x5F, 0x00, 0x0D, 0xF2, 0xA1, 0x25, 0x5F, 0x00,
    0x0C, 0x70, 0x21, 0x01, 0x3D, 0x20, 0x5F, 0x00, 0x0D, 0xD4, 0x7F, 0x01, 0x20, 0x4D, 0x7F, 0x02,
    0x5F, 0x00, 0x0C, 0x78, 0x69, 0x01, 0x43, 0x9E, 0x9E, 0x08, 0x5F, 0x00, 0x0D, 0x4C, 0xE7, 0x0D,
    0xA7, 0x70, 0xEE, 0x0B, 0x83, 0x75, 0xE7, 0x09, 0xB3, 0x51, 0xFF, 0xFF, 0xA9, 0x50, 0x7F, 0x01,
    0x2F, 0x63, 0xA9, 0x71, 0xF5, 0x83, 0x7F, 0x02, 0x9E, 0x08, 0x5E, 0x08, 0x05, 0xEC, 0x5F, 0x00,
    0x0D, 0x4C, 0x5E, 0x07, 0x05, 0xEC, 0x8B, 0x64, 0xEE, 0x02, 0x8B, 0x57, 0xE7, 0x05, 0x7F, 0x01,
    0xBA, 0x61, 0x03, 0x40, 0x7F, 0x02, 0x9E, 0x08, 0x81, 0x37, 0xAB, 0x70, 0x81, 0x35, 0xAB, 0x50,
    0x7F, 0x01, 0xBA, 0x69, 0x03, 0x40, 0x7F, 0x02, 0x9E, 0x08, 0x21, 0x05, 0x10, 0xA0, 0xE8, 0x09,
    0x21, 0x05, 0x10, 0xC0, 0xE8, 0x2C, 0x21, 0x05, 0x10, 0xB0, 0xE8, 0x03, 0x21, 0x05, 0x10, 0xD0,
    0xE8, 0x26, 0x6F, 0x05, 0x43, 0xBA, 0x5F, 0x00, 0x0C, 0xCC, 0x5E, 0x06, 0x05, 0xEC, 0x5F, 0x00,
    0x0D, 0x22, 0xA1, 0x36, 0xBD, 0x71, 0xE6, 0x05, 0x0A, 0x08, 0x57, 0x57, 0x5E, 0x0E, 0x05, 0xEC,
    0x8D, 0x78, 0x21, 0x05, 0x43, 0xB8, 0x81, 0x75, 0x61, 0x03, 0x43, 0xBA, 0x1F, 0x30, 0xA1, 0x65,
    0x5F, 0x00, 0x0C, 0x70, 0x69, 0x00, 0x43, 0x9E, 0x61, 0x05, 0x43, 0xB8, 0xA7, 0x70, 0xEE, 0x03,
    0x5F, 0x00, 0x0C, 0x70, 0xE8, 0x02, 0x5F, 0x00, 0x0C, 0x78, 0x5E, 0x08, 0x0B, 0xF8, 0x6F, 0x05,
    0x43, 0xBA, 0x5F, 0x00, 0x0C, 0xCC, 0x5E, 0x06, 0x05, 0xEC, 0x5F, 0x00, 0x0D, 0x22, 0x5E, 0x06,
    0x05, 0xEC, 0xA1, 0x36, 0xBD, 0x71, 0x0A, 0x08, 0x57, 0x57, 0xEE, 0x05, 0x8D, 0x78, 0x5F, 0x00,
    0x0C, 0xCC, 0x5E, 0x06, 0x05, 0xEC, 0x5F, 0x00, 0x0D, 0x22, 0x8C, 0x01, 0x21, 0x05, 0x43, 0xB8,
    0x2F, 0x53, 0x81, 0x75, 0x61, 0x03, 0x43, 0xBA, 0x1F, 0x30, 0xA6, 0x06, 0x9E, 0x0E, 0xE8, 0xF3,
    0xA7, 0x70, 0xEE, 0x03, 0x3B, 0x60, 0x03, 0x58, 0x9E, 0x08, 0x3A, 0x60, 0x03, 0x58, 0x9E, 0x08,
    0xA7, 0x70, 0xEE, 0x03, 0x3B, 0x61, 0x03, 0x58, 0x9E, 0x08, 0x3A, 0x61, 0x03, 0x58, 0x9E, 0x08,
    0xA7, 0x70, 0xEE, 0x03, 0x3B, 0x52, 0x03, 0x68, 0x9E, 0x08, 0x3A, 0x52, 0x03, 0x68, 0x9E, 0x08,
    0xA7, 0x70, 0xEE, 0x03, 0x3B, 0x53, 0x03, 0x68, 0x9E, 0x08, 0x3A, 0x53, 0x03, 0x68, 0x9E, 0x08,
    0x21, 0x07, 0x00, 0x01, 0xE8, 0x03, 0x21, 0x07, 0x00, 0x02, 0xE8, 0x00, 0x5F, 0x00, 0x0D, 0x6C,
    0x94, 0x24, 0x5E, 0x06, 0x05, 0xEC, 0x5F, 0x00, 0x0C, 0xDA, 0x5F, 0x00, 0x0D, 0x46, 0x5E, 0x07,
    0x05, 0xEC, 0x94, 0x28, 0x21, 0x06, 0x00, 0x00, 0xE6, 0x07, 0x02, 0x08, 0x30, 0x30, 0x0A, 0x08,
    0x04, 0x04, 0x5E, 0x0F, 0x05, 0xEC, 0xA0, 0x8E, 0x21, 0x0A, 0x02, 0x00, 0x7F, 0x1E, 0x8D, 0x24,
    0x9E, 0x06, 0x93, 0xF2, 0x21, 0x02, 0x11, 0x34, 0x7F, 0x0C, 0x97, 0xF5, 0x5F, 0x00, 0x0C, 0x78,
    0x7F, 0x10, 0x9E, 0x08, 0x00, 0x10, 0x48, 0x41, 0x52, 0x44, 0x20, 0x44, 0x49, 0x53, 0x4B, 0x20,
    0x45, 0x52, 0x52, 0x4F, 0x52, 0x20, 0x21, 0x07, 0x00, 0x03, 0x5F, 0x00, 0x0C, 0xCC, 0x5E, 0x06,
    0x05, 0xEC, 0xE8, 0x15, 0x21, 0x07, 0x00, 0x01, 0xE8, 0x03, 0x21, 0x07, 0x00, 0x02, 0xE8, 0x00,
    0x5F, 0x00, 0x0D, 0x6C, 0x94, 0x24, 0x5E, 0x06, 0x05, 0xEC, 0x5F, 0x00, 0x0C, 0xDA, 0x5F, 0x00,
    0x0D, 0x46, 0x5E, 0x07, 0x05, 0xEC, 0x94, 0x28, 0x21, 0x06, 0x00, 0x60, 0xE6, 0x0B, 0x5F, 0x00,
    0x0D, 0x22, 0xA1, 0x36, 0xC6, 0x00, 0xA0, 0xE8, 0x06, 0x08, 0x0F, 0x0F, 0x0A, 0x08, 0x04, 0x04,
    0x5E, 0x0F, 0x05, 0xEC, 0x21, 0x0A, 0x02, 0x00, 0x7F, 0x24, 0x8D, 0x24, 0x9E, 0x06, 0x93, 0xF2,
    0x21, 0x02, 0x11, 0xB0, 0x7F, 0x0C, 0x97, 0xF5, 0x5F, 0x00, 0x0C, 0x78, 0x7F, 0x10, 0x9E, 0x08,
    0x00, 0x0D, 0x46, 0x4C, 0x4F, 0x50, 0x50, 0x59, 0x20, 0x45, 0x52, 0x52, 0x4F, 0x52, 0x20, 0x00,
    0x5F, 0x00, 0x0C, 0xCC, 0x5E, 0x06, 0x13, 0x10, 0x0A, 0x08, 0x52, 0x52, 0xEE, 0x08, 0x5F, 0x00,
    0x0C, 0xB6, 0xE6, 0x53, 0x0A, 0x08, 0x46, 0x46, 0xEE, 0x02, 0xC1, 0x52, 0xE8, 0x15, 0x8D, 0x68,
    0x0A, 0x08, 0x4C, 0x4C, 0xE6, 0x09, 0xA9, 0x61, 0x0A, 0x08, 0x48, 0x48, 0xE6, 0x05, 0xA9, 0x63,
    0x0A, 0x08, 0x52, 0x52, 0xEE, 0x04, 0xAB, 0x61, 0x5F, 0x00, 0x0C, 0xB6, 0xE6, 0x3E, 0xA0, 0x81,
    0x5F, 0x00, 0x0C, 0xB6, 0xEE, 0x01, 0xC8, 0x20, 0xA0, 0x89, 0x21, 0x07, 0x00, 0x18, 0x21, 0x08,
    0x13, 0x46, 0xBB, 0x8C, 0x07, 0x16, 0xEE, 0x31, 0xA9, 0x81, 0x81, 0x77, 0x0A, 0x0E, 0x04, 0x04,
    0xE7, 0x55, 0xE6, 0x2D, 0x21, 0x01, 0x52, 0x20, 0x5F, 0x00, 0x0D, 0xD4, 0x6B, 0x00, 0x43, 0x9E,
    0x21, 0x81, 0x5F, 0x00, 0x0D, 0xD4, 0x69, 0x00, 0x43, 0x9E, 0x61, 0x75, 0x43, 0xBE, 0x5F, 0x00,
    0x0D, 0xA6, 0x9E, 0x07, 0xE6, 0x14, 0x21, 0x82, 0x0B, 0x02, 0x50, 0x43, 0xEE, 0x02, 0xA3, 0x30,
    0xE8, 0x0C, 0x0B, 0x02, 0x52, 0x46, 0xEE, 0x01, 0x7D, 0x3B, 0x0B, 0x02, 0x53, 0x47, 0xEE, 0x05,
    0x0A, 0x03, 0x00, 0x00, 0xEE, 0x02, 0xA0, 0xB3, 0x8C, 0xB8, 0x6F, 0x73, 0x43, 0xBE, 0xA9, 0x71,
    0xA9, 0x81, 0x0B, 0x08, 0x13, 0x47, 0xE7, 0xD6, 0x9E, 0x08, 0x5E, 0x08, 0x05, 0xEC, 0x0B, 0x08,
    0x13, 0x36, 0xEF, 0xFB, 0x0A, 0x09, 0x20, 0x20, 0xE6, 0x02, 0xA7, 0x10, 0xE8, 0x01, 0xA7, 0x18,
    0xEE, 0xF4, 0x21, 0x01, 0x52, 0x52, 0x5F, 0x00, 0x0D, 0xD4, 0x21, 0x81, 0x5F, 0x00, 0x0D, 0xD4,
    0x69, 0x00, 0x43, 0x9E, 0x61, 0x75, 0x43, 0xBE, 0x5F, 0x00, 0x0C, 0x70, 0x61, 0x75, 0x43, 0xC0,
    0x5F, 0x00, 0x0D, 0xA6, 0x9E, 0x07, 0xE6, 0x04, 0x6F, 0x72, 0x43, 0xBE, 0x6F, 0x73, 0x43, 0xC0,
    0xA9, 0x73, 0xA9, 0x83, 0x0B, 0x08, 0x13, 0x37, 0xE7, 0xE4, 0x9E, 0x08, 0x0B, 0x08, 0x13, 0x28,
    0xEF, 0xD4, 0x8D, 0x64, 0xEE, 0x01, 0xA9, 0x70, 0x61, 0x61, 0x13, 0x48, 0x5F, 0x00, 0x0D, 0xD4,
    0x21, 0x81, 0x5F, 0x00, 0x0D, 0xD4, 0x60, 0x7D, 0x43, 0xBE, 0x5F, 0x00, 0x0C, 0x78, 0x69, 0x00,
    0x43, 0x9E, 0x5F, 0x00, 0x0D, 0xB0, 0x9E, 0x07, 0xE6, 0x02, 0x6E, 0x7B, 0x43, 0xBE, 0xA9, 0x70,
    0xAB, 0x61, 0xE6, 0xEA, 0xA9, 0x63, 0xA9, 0x81, 0x0B, 0x08, 0x13, 0x28, 0xE7, 0xE5, 0x9E, 0x08,
    0xDF, 0xE3, 0xDF, 0xBD, 0xDF, 0xC5, 0xE8, 0x5A, 0x30, 0x20, 0x31, 0x20, 0x32, 0x20, 0x33, 0x20,
    0x34, 0x20, 0x35, 0x20, 0x36, 0x20, 0x37, 0x20, 0x38, 0x20, 0x39, 0x20, 0x31, 0x30, 0x31, 0x31,
    0x31, 0x32, 0x31, 0x33, 0x31, 0x34, 0x31, 0x35, 0x53, 0x47, 0x50, 0x43, 0x46, 0x43, 0x52, 0x46,
    0x4E, 0x34, 0x4E, 0x35, 0x50, 0x53, 0x50, 0x4F, 0x52, 0x4C, 0x52, 0x48, 0xBD, 0x0C, 0x21, 0x04,
    0x13, 0x18, 0xBD, 0x68, 0x21, 0x08, 0x13, 0x36, 0x61, 0x03, 0x43, 0x9E, 0x4C, 0x35, 0x41, 0x30,
    0x52, 0x52, 0x69, 0x00, 0x43, 0x9E, 0x21, 0x41, 0x5F, 0x00, 0x0D, 0xD4, 0xAB, 0x00, 0x5E, 0x06,
    0x0B, 0xF8, 0xAB, 0x60, 0xEE, 0x01, 0xA1, 0x84, 0xA9, 0x41, 0x0B, 0x06, 0x00, 0x00, 0xEA, 0x03,
    0x69, 0x03, 0x43, 0x9E, 0xE8, 0xEE, 0x69, 0x01, 0x43, 0x9E, 0xE8, 0xE6, 0xBD, 0x0C, 0x21, 0x04,
    0x13, 0x28, 0x21, 0x08, 0x13, 0x3E, 0xBD, 0x68, 0xE8, 0xDF, 0xBD, 0x2C, 0x21, 0x06, 0x43, 0xBE,
    0xBD, 0x88, 0x21, 0x0A, 0x43, 0xDC, 0x21, 0x65, 0x5F, 0x00, 0x0C, 0x70, 0xAB, 0x20, 0x5E, 0x06,
    0x0B, 0xF8, 0xAB, 0x80, 0xEE, 0x01, 0xA1, 0xA6, 0xA9, 0x61, 0x0B, 0x08, 0x00, 0x00, 0xEA, 0x03,
    0x69, 0x02, 0x43, 0x9E, 0xE8, 0xF0, 0x69, 0x00, 0x43, 0x9E, 0xE8, 0xED, 0xBD, 0x2C, 0x21, 0x06,
    0x43, 0xCE, 0xBD, 0x88, 0x21, 0x0A, 0x43, 0xE4, 0xE8, 0xE6, 0x5D, 0x0E, 0x43, 0xB0, 0x54, 0x0E,
    0x43, 0xDA, 0x31, 0xF0, 0x00, 0x00, 0x6F, 0x00, 0x43, 0xB4, 0x31, 0xF0, 0x00, 0x02, 0x6F, 0x00,
    0x43, 0xE2, 0x31, 0xF0, 0x00, 0x04, 0x6F, 0x00, 0x43, 0xDE, 0x31, 0xF0, 0x00, 0x06, 0x6F, 0x00,
    0x43, 0xE0, 0x7F, 0x01, 0x7D, 0x06, 0x7F, 0x02, 0x6F, 0x00, 0x43, 0xE6, 0x7D, 0x07, 0x6F, 0x00,
    0x43, 0xE8, 0x7F, 0x01, 0x7D, 0x04, 0x7F, 0x02, 0x6F, 0x00, 0x43, 0xEA, 0x7D, 0xF5, 0x6F, 0x0F,
    0x43, 0xEC, 0x7D, 0xF3, 0x6F, 0x0F, 0x43, 0xE4, 0x21, 0x0F, 0x43, 0xC0, 0x1C, 0xF9, 0x01, 0x0C,
    0x54, 0x0E, 0x43, 0xB0, 0x9E, 0x08, 0x5D, 0x0E, 0x43, 0xB0, 0x54, 0x0E, 0x43, 0xDA, 0xAB, 0xF7,
    0x61, 0x01, 0x43, 0xB4, 0x33, 0xF1, 0x00, 0x00, 0x61, 0x01, 0x43, 0xE2, 0x33, 0xF1, 0x00, 0x02,
    0x61, 0x01, 0x43, 0xDE, 0x33, 0xF1, 0x00, 0x04, 0x61, 0x01, 0x43, 0xE0, 0x33, 0xF1, 0x00, 0x06,
    0x61, 0x01, 0x43, 0xE6, 0x7F, 0x01, 0x7D, 0x1E, 0x7F, 0x02, 0x61, 0x01, 0x43, 0xE8, 0x7D, 0x1F,
    0x61, 0x01, 0x43, 0xEA, 0x7F, 0x01, 0x7D, 0x1C, 0x7F, 0x02, 0x61, 0x01, 0x43, 0xEC, 0x7D, 0x1D,
    0x21, 0x0F, 0x43, 0xBE, 0x1C, 0xF1, 0x00, 0x0D, 0x54, 0x0E, 0x43, 0xB0, 0x9E, 0x08, 0x54, 0x02,
    0x43, 0xAC, 0x61, 0x01, 0x43, 0xAA, 0x7F, 0x01, 0x2F, 0x21, 0x7F, 0x02, 0x4D, 0x08, 0x43, 0xAC,
    0x4D, 0x08, 0x43, 0xAE, 0x4D, 0x08, 0x43, 0xAA, 0x4D, 0x05, 0x43, 0xFC, 0x00, 0x01, 0x5F, 0x00,
    0x0C, 0xCC, 0x9E, 0x06, 0x5F, 0x00, 0x0D, 0x46, 0x94, 0x24, 0xE6, 0x06, 0x5F, 0x00, 0x0D, 0x22,
    0x8D, 0x34, 0xE6, 0x02, 0x6F, 0x03, 0x43, 0xFC, 0x94, 0x42, 0xA3, 0x30, 0x5D, 0x02, 0x43, 0xAC,
    0x61, 0x01, 0x43, 0xF8, 0x7F, 0x01, 0x2D, 0x21, 0xA1, 0x14, 0x21, 0x21, 0x7F, 0x02, 0x6F, 0x04,
    0x43, 0xAA, 0x4B, 0x01, 0x43, 0xF8, 0x9E, 0x06, 0x4D, 0x05, 0x43, 0xFC, 0x00, 0x01, 0x4D, 0x08,
    0x43, 0xAC, 0x4D, 0x08, 0x43, 0xAE, 0x4D, 0x08, 0x43, 0xAA, 0x5E, 0x08, 0x05, 0xEC, 0x5F, 0x00,
    0x0C, 0xCC, 0xE6, 0x05, 0x5F, 0x00, 0x0D, 0x46, 0xA3, 0x30, 0x5D, 0x02, 0x43, 0xDE, 0x54, 0x02,
    0x43, 0xDE, 0x50, 0x02, 0x43, 0xAC, 0xE6, 0x06, 0xD0, 0x72, 0x54, 0x0E, 0x43, 0xDA, 0xAB, 0xF7,
    0x7F, 0x01, 0x7B, 0x00, 0x54, 0x02, 0x43, 0xAC, 0x61, 0x01, 0x43, 0xAA, 0x7F, 0x01, 0x2F, 0x21,
    0x7F, 0x02, 0x21, 0x02, 0x15, 0x7C, 0x7C, 0x01, 0x6F, 0x02, 0x44, 0x4A, 0xD0, 0x84, 0x54, 0x0E,
    0x43, 0xDA, 0xAB, 0xF7, 0x7F, 0x01, 0x93, 0xE1, 0x31, 0xE1, 0x00, 0x04, 0x7F, 0x02, 0x6F, 0x01,
    0x43, 0xB6, 0x05, 0x01, 0x10, 0x00, 0x7F, 0x01, 0x33, 0xE1, 0x00, 0x04, 0x7F, 0x02, 0x8C, 0x98,
    0x3A, 0x96, 0xFF, 0xA9, 0xC9, 0xC7, 0x3A, 0x96, 0xFF, 0xAF, 0x61, 0x01, 0x43, 0xFA, 0x3A, 0x96,
    0xFF, 0xAF, 0x7D, 0x12, 0xA5, 0x1F, 0x7D, 0x1A, 0x97, 0xE1, 0x7B, 0x00, 0x93, 0xF2, 0x93, 0xF1,
    0xDF, 0xB1, 0x54, 0x02, 0x43, 0xAC, 0x61, 0x01, 0x43, 0xF8, 0x7F, 0x01, 0x2F, 0x21, 0x7F, 0x02,
    0x67, 0x0C, 0x43, 0xB6, 0xEE, 0x05, 0x31, 0xF2, 0x00, 0x06, 0xA3, 0x2C, 0x33, 0xF2, 0x00, 0x06,
    0x97, 0xF1, 0x97, 0xF2, 0x7F, 0x01, 0x7B, 0x00, 0x64, 0x02, 0x43, 0xF1, 0x5F, 0x00, 0x0C, 0xCC,
    0xE6, 0x04, 0x5F, 0x00, 0x0D, 0x22, 0x8D, 0x34, 0xEE, 0x01, 0xBD, 0x31, 0x6F, 0x03, 0x43, 0xFC,
    0x21, 0x02, 0x15, 0xDA, 0x54, 0x04, 0x43, 0xAC, 0x50, 0x04, 0x43, 0xDE, 0xEE, 0xB4, 0x61, 0x01,
    0x43, 0xAA, 0x7F, 0x01, 0x2F, 0x41, 0x7F, 0x02, 0xE8, 0xAE, 0x5D, 0x0E, 0x43, 0xDA, 0x21, 0x0F,
    0x40, 0xA0, 0x6F, 0x00, 0x43, 0xBE, 0xD1, 0x07, 0x69, 0x07, 0x43, 0xDC, 0xDF, 0xE7, 0x54, 0x02,
    0x43, 0xAC, 0x61, 0x01, 0x43, 0xF8, 0x7F, 0x01, 0x2F, 0x21, 0x7F, 0x02, 0x67, 0x0C, 0x43, 0xB6,
    0xEE, 0x02, 0x63, 0x0C, 0x43, 0xE2, 0xD1, 0x5E, 0xD1, 0x38, 0xD1, 0x40, 0xD1, 0x21, 0x6B, 0x00,
    0x43, 0xFC, 0xEE, 0xD6, 0x4D, 0x05, 0x43, 0xFC, 0x00, 0x01, 0x7C, 0x05, 0x5E, 0x08, 0x04, 0x4C,
    0xC9, 0xED, 0x3A, 0x96, 0xFF, 0xE1, 0xC9, 0x4D, 0x3A, 0x96, 0xFF, 0xE1, 0xC9, 0x03, 0x3A, 0x96,
    0xFF, 0xAF, 0x9E, 0x08, 0x00, 0x00, 0x00, 0x00, 0x00, 0x00, 0x00, 0x00, 0x00, 0x00, 0x00, 0x00,
    0x00, 0x00, 0x00, 0x00, 0x00, 0x00, 0x00, 0x00, 0x00, 0x00, 0x00, 0x00, 0x00, 0x00, 0x00, 0x00,
    0x00, 0x00, 0x00, 0x00, 0x00, 0x00, 0x00, 0x00, 0x00, 0x00, 0x00, 0x00, 0x00, 0x00, 0x00, 0x00,
    0x00, 0x00, 0x00, 0x00, 0x00, 0x00, 0x00, 0x00, 0x00, 0x00, 0x00, 0x00, 0x00, 0x00, 0x00, 0x00,
    0x00, 0x00, 0x00, 0x00, 0x00, 0x00, 0x00, 0x00, 0x00, 0x00, 0x00, 0x00, 0x00, 0x00, 0x00, 0x00,
    0x00, 0x00, 0x00, 0x00, 0x00, 0x00, 0x00, 0x00, 0x00, 0x00, 0x00, 0x00, 0x00, 0x00, 0x00, 0x00,
    0x00, 0x00, 0x00, 0x00, 0x00, 0x00, 0x00, 0x00, 0x00, 0x00, 0x00, 0x00, 0x00, 0x21, 0x48, 0x61,
    0x72, 0x64, 0x77, 0x61, 0x72, 0x65, 0x74, 0x65, 0x73, 0x74, 0x20, 0x56, 0x65, 0x72, 0x73, 0x69,
    0x6F, 0x6E, 0x20, 0x33, 0x2E, 0x33, 0x20, 0x2D, 0x20, 0x53, 0x4B, 0x53, 0x2F, 0x56, 0x32, 0x00,
    0x00, 0x0A, 0x2A, 0x2A, 0x2A, 0x20, 0x45, 0x52, 0x52, 0x4F, 0x52, 0x20, 0x00, 0x10, 0x07, 0x2A,
    0x2A, 0x2A, 0x20, 0x46, 0x41, 0x54, 0x41, 0x4C, 0x20, 0x45, 0x52, 0x52, 0x4F, 0x52, 0x00, 0x07,
    0x4D, 0x41, 0x58, 0x53, 0x45, 0x47, 0x3D, 0x00, 0x00, 0xFC, 0x00, 0xFA, 0x00, 0xF6, 0x00, 0xFC,
    0x00, 0xFA, 0xA0, 0x00, 0xA1, 0x00, 0xA1, 0x00, 0x00, 0x00, 0x00, 0x00, 0x01, 0x01, 0x00, 0x02,
    0x02, 0x00, 0x03, 0x03, 0x01, 0x00, 0x04, 0x02, 0x00, 0x08, 0x04, 0x00, 0x10, 0x08, 0x00, 0x20,
    0x10, 0x00, 0x40, 0x20, 0x00, 0x80, 0x00, 0x00, 0xFF, 0x00, 0x00, 0x00, 0x00, 0x00, 0x00, 0x00,
    0xFF, 0x20, 0x00, 0x00, 0xFF, 0x01, 0x01, 0x00, 0x00, 0x00, 0x01, 0x01, 0x00, 0x00, 0x00, 0x00,
    0x00, 0x20, 0x88, 0x88, 0x3A, 0x86, 0xFF, 0xC1, 0x7F, 0x0A, 0x21, 0x02, 0x16, 0x9C, 0x7F, 0x0C,
    0x7F, 0x10, 0xD9, 0xF7, 0x4D, 0x05, 0x46, 0x7C, 0x00, 0x00, 0x21, 0x08, 0x00, 0x40, 0x4D, 0x05,
    0x46, 0x84, 0x00, 0x00, 0x88, 0x11, 0xDA, 0x1A, 0x21, 0x02, 0x00, 0x00, 0x21, 0x03, 0x10, 0x00,
    0x61, 0x04, 0x3F, 0xF0, 0x61, 0x05, 0x3F, 0xF2, 0xD9, 0xB0, 0x21, 0x02, 0x00, 0x01, 0x21, 0x03,
    0x10, 0x00, 0x61, 0x04, 0x3F, 0xF4, 0x61, 0x05, 0x3F, 0xF6, 0xD9, 0xB9, 0x21, 0x02, 0x20, 0x00,
    0x21, 0x03, 0x0F, 0xF8, 0x61, 0x04, 0x3F, 0xF8, 0x61, 0x05, 0x3F, 0xFA, 0xD9, 0xC2, 0x21, 0x02,
    0x20, 0x01, 0x21, 0x03, 0x0F, 0xF8, 0x61, 0x04, 0x3F, 0xFC, 0x61, 0x05, 0x3F, 0xFE, 0xD9, 0xCB,
    0x21, 0x08, 0x00, 0x46, 0x4D, 0x05, 0x46, 0x84, 0x00, 0x29, 0x88, 0x11, 0xA4, 0x11, 0xDA, 0x46,
    0x21, 0x07, 0x40, 0x00, 0x21, 0x05, 0x00, 0x01, 0xC8, 0x11, 0x21, 0x76, 0x2F, 0x75, 0x21, 0x74,
    0x2F, 0x76, 0xDA, 0x6E, 0xA6, 0x17, 0xEE, 0x02, 0xB3, 0x50, 0xF8, 0x09, 0x21, 0x08, 0x00, 0x47,
    0x21, 0x05, 0xAA, 0xAA, 0x88, 0x11, 0xA4, 0x11, 0xDA, 0x5B, 0x21, 0x07, 0x40, 0x00, 0x21, 0x00,
    0x04, 0x00, 0x21, 0x76, 0x2F, 0x75, 0x21, 0x74, 0x2F, 0x76, 0xDA, 0x82, 0xA6, 0x17, 0xEE, 0x02,
    0xA9, 0x71, 0xF0, 0x89, 0x0B, 0x05, 0x55, 0x55, 0xE6, 0x05, 0x21, 0x08, 0x00, 0x48, 0x21, 0x05,
    0x55, 0x55, 0xE8, 0xE8, 0x21, 0x08, 0x00, 0x50, 0x4D, 0x05, 0x46, 0x84, 0x00, 0x85, 0x88, 0x11,
    0xDA, 0x77, 0xC8, 0x20, 0x3A, 0x86, 0xFF, 0xA3, 0xC8, 0x0F, 0x3A, 0x86, 0xFF, 0xA7, 0x21, 0x06,
    0xFF, 0xA1, 0x21, 0x07, 0xFF, 0xA5, 0xD9, 0xE3, 0x21, 0x06, 0xFF, 0xA3, 0x21, 0x07, 0xFF, 0xA7,
    0xD9, 0xE8, 0x21, 0x08, 0x00, 0x55, 0x4D, 0x05, 0x46, 0x84, 0x00, 0x85, 0x88, 0x11, 0xDA, 0x8E,
    0x21, 0x00, 0xFF, 0xFF, 0xF0, 0x81, 0x21, 0x06, 0xFF, 0xA9, 0xD9, 0xE0, 0x21, 0x06, 0xFF, 0xAB,
    0xD9, 0xE3, 0x21, 0x06, 0xFF, 0xAD, 0xD9, 0xE6, 0x21, 0x06, 0xFF, 0xAF, 0xD9, 0xE9, 0x21, 0x06,
    0xFF, 0xB1, 0xD9, 0xEC, 0x21, 0x06, 0xFF, 0xB3, 0xD9, 0xEF, 0x21, 0x06, 0xFF, 0xB5, 0xD9, 0xF2,
    0x21, 0x06, 0xFF, 0xB7, 0xD9, 0xF5, 0x21, 0x08, 0x00, 0x56, 0x4D, 0x05, 0x46, 0x84, 0x00, 0x80,
    0x88, 0x11, 0xDA, 0xB0, 0x21, 0x00, 0xFF, 0xFF, 0xF0, 0x81, 0x21, 0x06, 0xFF, 0xA9, 0xD9, 0xF0,
    0x21, 0x06, 0xFF, 0xAB, 0xD9, 0xF3, 0x21, 0x06, 0xFF, 0xAD, 0xD9, 0xF6, 0x21, 0x06, 0xFF, 0xAF,
    0xD9, 0xF9, 0x21, 0x06, 0xFF, 0xB1, 0xD9, 0xFC, 0x21, 0x06, 0xFF, 0xB3, 0xD9, 0xFF, 0x21, 0x06,
    0xFF, 0xB5, 0xDA, 0x02, 0x21, 0x06, 0xFF, 0xB7, 0xDA, 0x05, 0x21, 0x08, 0x00, 0x57, 0x4D, 0x05,
    0x46, 0x84, 0x00, 0x80, 0x88, 0x11, 0xDA, 0xD2, 0x21, 0x00, 0xFF, 0xFF, 0xF0, 0x81, 0x53, 0xF0,
    0x44, 0x9E, 0x53, 0xF0, 0x44, 0xA2, 0x53, 0xF0, 0x44, 0xA6, 0x53, 0xF0, 0x44, 0xAA, 0x4D, 0x05,
    0x44, 0x9E, 0x25, 0x16, 0x4D, 0x05, 0x44, 0xA2, 0x25, 0x16, 0x4D, 0x05, 0x44, 0xA6, 0x25, 0x16,
    0x4D, 0x05, 0x44, 0xAA, 0x25, 0x16, 0xC8, 0x30, 0x3A, 0x86, 0xFF, 0xA9, 0x3A, 0x86, 0xFF, 0xB1,
    0x21, 0x06, 0xFF, 0xA9, 0xDA, 0x1B, 0x21, 0x06, 0xFF, 0xAB, 0xDA, 0x1E, 0x21, 0x06, 0xFF, 0xAD,
    0xDA, 0x21, 0x21, 0x06, 0xFF, 0xAF, 0xDA, 0x24, 0x21, 0x06, 0xFF, 0xB1, 0xDA, 0x27, 0x21, 0x06,
    0xFF, 0xB3, 0xDA, 0x2A, 0x21, 0x06, 0xFF, 0xB5, 0xDA, 0x2D, 0x21, 0x06, 0xFF, 0xB7, 0xDA, 0x30,
    0x57, 0xF0, 0x44, 0xAA, 0x57, 0xF0, 0x44, 0xA6, 0x57, 0xF0, 0x44, 0xA2, 0x57, 0xF0, 0x44, 0x9E,
    0x21, 0x08, 0x00, 0x60, 0x4D, 0x05, 0x46, 0x84, 0x00, 0x85, 0x88, 0x11, 0xDB, 0x15, 0x21, 0x00,
    0xFF, 0xFF, 0xF0, 0x81, 0x21, 0x06, 0xFF, 0x83, 0x21, 0x07, 0xFF, 0x87, 0xDA, 0x0C, 0x21, 0x06,
    0xFF, 0x8B, 0x21, 0x07, 0xFF, 0x8F, 0xDA, 0x11, 0x21, 0x08, 0x00, 0x61, 0x4D, 0x05, 0x46, 0x84,
    0x00, 0x80, 0x88, 0x11, 0xDB, 0x29, 0x21, 0x00, 0xFF, 0xFF, 0xF0, 0x81, 0x53, 0xF0, 0x44, 0x9E,
    0x53, 0xF0, 0x44, 0xAE, 0x4D, 0x05, 0x44, 0x9E, 0x26, 0x3C, 0x4D, 0x05, 0x44, 0xAE, 0x26, 0x3C,
    0xDA, 0x13, 0xDA, 0x09, 0xD9, 0xFF, 0xD9, 0xF5, 0x57, 0xF0, 0x44, 0xAE, 0x57, 0xF0, 0x44, 0x9E,
    0x21, 0x08, 0x00, 0x70, 0x4D, 0x05, 0x46, 0x84, 0x00, 0x00, 0x88, 0x11, 0xDB, 0x45, 0x89, 0x66,
    0xC6, 0x04, 0x6F, 0x06, 0x46, 0x80, 0xCD, 0xA5, 0xC8, 0x02, 0xA0, 0x65, 0x21, 0x07, 0x80, 0x00,
    0x7F, 0x01, 0x2F, 0x65, 0x21, 0x64, 0x7F, 0x02, 0x8B, 0x45, 0xE6, 0x09, 0x21, 0x07, 0xFF, 0xFE,
    0xF8, 0x09, 0xAA, 0x60, 0x0A, 0x06, 0x04, 0x04, 0xE9, 0x06, 0x5E, 0x08, 0x23, 0x12, 0x6F, 0x06,
    0x46, 0x80, 0xA8, 0x60, 0xE8, 0xE9, 0x21, 0x08, 0x00, 0x71, 0x4D, 0x05, 0x46, 0x84, 0x00, 0xE1,
    0xDB, 0x67, 0xC8, 0x02, 0x21, 0x07, 0x80, 0x00, 0x7F, 0x01, 0x20, 0x6C, 0x7F, 0x02, 0x8A, 0xC6,
    0xE6, 0x05, 0x21, 0x07, 0xFF, 0xFE, 0xF8, 0x08, 0x5E, 0x08, 0x23, 0x12, 0xAA, 0x60, 0x0A, 0x06,
    0x04, 0x04, 0xE9, 0xEF, 0x4D, 0x05, 0x46, 0x7C, 0x00, 0x00, 0x4D, 0x05, 0x46, 0x74, 0x00, 0x00,
    0x88, 0x11, 0x61, 0x06, 0x46, 0x80, 0x7D, 0x92, 0xDD, 0x45, 0x61, 0x02, 0x46, 0x7C, 0x4B, 0x02,
    0x46, 0x74, 0xE6, 0x13, 0x6F, 0x02, 0x46, 0x74, 0x4B, 0x06, 0x46, 0x80, 0xEE, 0x0E, 0x21, 0x08,
    0x00, 0x79, 0x4D, 0x05, 0x46, 0x84, 0x00, 0x00, 0xDB, 0x93, 0xAA, 0x60, 0x0A, 0x06, 0x04, 0x04,
    0x5E, 0x07, 0x23, 0x12, 0x6F, 0x06, 0x46, 0x80, 0xA8, 0x60, 0xAA, 0x60, 0x0A, 0x06, 0x04, 0x04,
    0xE9, 0xE3, 0x9E, 0x08, 0x7F, 0x02, 0x88, 0x11, 0x88, 0xAA, 0x3A, 0xA7, 0x00, 0xFC, 0xA8, 0xA0,
    0x3A, 0xA7, 0x00, 0xFA, 0xA8, 0xA0, 0x3A, 0xA7, 0x00, 0xF6, 0x3A, 0xA7, 0x00, 0xF0, 0x3A, 0xA7,
    0x11, 0xF0, 0x7D, 0x95, 0x61, 0x94, 0x00, 0x26, 0x6F, 0x04, 0x46, 0x76, 0x61, 0x94, 0x00, 0x16,
    0x6F, 0x04, 0x46, 0x78, 0x4D, 0x95, 0x00, 0x22, 0x40, 0x00, 0x4D, 0x95, 0x00, 0x24, 0x00, 0x00,
    0x4D, 0x95, 0x00, 0x26, 0x20, 0xD2, 0x4D, 0x95, 0x00, 0x12, 0x40, 0x00, 0x4D, 0x95, 0x00, 0x14,
    0x00, 0x00, 0x4D, 0x95, 0x00, 0x16, 0x20, 0xCA, 0x21, 0x0A, 0xA1, 0x00, 0x21, 0x0B, 0xA1, 0x01,
    0x89, 0x55, 0x21, 0x00, 0x00, 0xFF, 0x2E, 0xAD, 0xBA, 0xA1, 0x00, 0xB0, 0x21, 0x0A, 0xA0, 0x00,
    0x2E, 0xAD, 0xA9, 0xA0, 0xA9, 0x50, 0xA6, 0x50, 0xE6, 0xFB, 0x21, 0x0A, 0xA2, 0x00, 0x21, 0x0B,
    0xA2, 0x01, 0x21, 0x05, 0xAA, 0xAA, 0x21, 0x00, 0x00, 0xFF, 0x2E, 0xAD, 0xBA, 0xA1, 0x00, 0xB0,
    0x21, 0x0A, 0xA3, 0x00, 0x21, 0x0B, 0xA3, 0x01, 0x21, 0x05, 0x55, 0x55, 0x21, 0x00, 0x00, 0xFF,
    0x2E, 0xAD, 0xBA, 0xA1, 0x00, 0xB0, 0x89, 0x22, 0x21, 0x08, 0x00, 0x80, 0xDB, 0xF5, 0x89, 0x33,
    0x61, 0x26, 0x16, 0xE8, 0x21, 0x0B, 0xA0, 0x00, 0xDC, 0xDD, 0xA8, 0xA1, 0x61, 0x26, 0x16, 0xE8,
    0x21, 0x0B, 0xA1, 0x00, 0xDC, 0xE3, 0xA8, 0xA1, 0x61, 0x26, 0x16, 0xE8, 0xDC, 0xE7, 0xAA, 0xA3,
    0xA1, 0x39, 0x81, 0x29, 0x61, 0x96, 0x16, 0xE8, 0x61, 0x3B, 0x16, 0xF2, 0xDC, 0xDE, 0xA8, 0xB1,
    0x0A, 0x0B, 0x06, 0x06, 0xEE, 0xF5, 0x21, 0x08, 0x00, 0x81, 0x06, 0x01, 0x01, 0x01, 0xDC, 0x16,
    0x21, 0x00, 0x00, 0x1E, 0x61, 0x26, 0x16, 0xE8, 0x21, 0x03, 0x16, 0xF8, 0xA1, 0x6A, 0x01, 0x0A,
    0x01, 0x00, 0x20, 0x3F, 0xB2, 0xF1, 0x00, 0x02, 0x3A, 0x33, 0x00, 0xA8, 0xA1, 0x6A, 0x01, 0x0A,
    0x20, 0x00, 0x00, 0x3F, 0x3A, 0x33, 0x00, 0xA8, 0xA1, 0x6A, 0x01, 0x0A, 0x0F, 0x00, 0x20, 0x3D,
    0x21, 0x09, 0x46, 0x7A, 0x3A, 0xA1, 0x00, 0x98, 0xAB, 0x90, 0x20, 0x9C, 0xDC, 0x53, 0xA6, 0x17,
    0xEE, 0x06, 0xA9, 0x30, 0x8C, 0x84, 0xEE, 0xE2, 0x21, 0x08, 0x00, 0x82, 0xDC, 0x3D, 0x21, 0x0B,
    0xA2, 0x00, 0xDD, 0x22, 0xDD, 0x12, 0x21, 0x0B, 0xA3, 0x00, 0xDD, 0x26, 0xDD, 0x16, 0x21, 0x08,
    0x00, 0x83, 0x88, 0x11, 0x4D, 0x05, 0x46, 0x84, 0x00, 0x25, 0xDC, 0x4C, 0x21, 0x09, 0x46, 0x7A,
    0x0D, 0x95, 0xAA, 0xAA, 0xC8, 0x02, 0x20, 0x9D, 0x3A, 0xD7, 0x00, 0xF0, 0x3A, 0xD7, 0x01, 0xF0,
    0x3A, 0xD7, 0x20, 0xF0, 0xA1, 0x6A, 0x01, 0x0A, 0x00, 0x00, 0x3A, 0xA1, 0x0B, 0x98, 0xAB, 0x90,
    0x20, 0x9C, 0xA1, 0x67, 0xDC, 0x7F, 0xA1, 0x6A, 0x01, 0x0A, 0x01, 0x00, 0x3A, 0xA1, 0x0B, 0x98,
    0xAB, 0x90, 0x20, 0x9C, 0x06, 0x0D, 0x3F, 0x3F, 0xA8, 0x70, 0xDC, 0x8A, 0xA1, 0x6A, 0x01, 0x0A,
    0x20, 0x00, 0x3A, 0xA1, 0x0B, 0x98, 0xAB, 0x90, 0x20, 0x9C, 0x06, 0x0D, 0x03, 0x03, 0xC7, 0x20,
    0xDC, 0x95, 0x0D, 0x95, 0x55, 0x55, 0xF8, 0x29, 0xA8, 0xA1, 0x0A, 0x0A, 0x06, 0x06, 0x5E, 0x0E,
    0x1B, 0x08, 0x21, 0x08, 0x00, 0x84, 0x4D, 0x05, 0x46, 0x84, 0x00, 0x85, 0x88, 0x11, 0xDC, 0x86,
    0x21, 0x0A, 0x01, 0x00, 0x89, 0xBB, 0x7F, 0x01, 0x0D, 0xA5, 0x00, 0x01, 0xA1, 0xAB, 0x0D, 0xA5,
    0x00, 0x00, 0x7F, 0x02, 0x76, 0x03, 0x17, 0x16, 0xA1, 0x34, 0x76, 0x05, 0x17, 0x2E, 0x89, 0x77,
    0x5F, 0x00, 0x21, 0x56, 0xC8, 0x02, 0x21, 0x06, 0x0F, 0xFC, 0x21, 0x07, 0x0F, 0xFA, 0x21, 0x09,
    0x0F, 0xF6, 0x21, 0x02, 0x00, 0x04, 0x3A, 0x33, 0x02, 0x60, 0x21, 0x02, 0x00, 0x04, 0x3A, 0x43,
    0x02, 0x70, 0x21, 0x02, 0x00, 0x04, 0x3A, 0x53, 0x02, 0x90, 0x76, 0x03, 0x17, 0x26, 0x76, 0x04,
    0x17, 0x2A, 0xA1, 0x45, 0xF8, 0x12, 0xC8, 0xD0, 0x3A, 0x87, 0x00, 0xF0, 0xC8, 0x02, 0x3A, 0x86,
    0xFF, 0xC1, 0x89, 0xBB, 0x7F, 0x01, 0x21, 0xAC, 0x7F, 0x02, 0x89, 0x00, 0x3A, 0x86, 0xFF, 0xC1,
    0x3A, 0x87, 0x00, 0xF0, 0x6F, 0x00, 0x46, 0x88, 0x6F, 0x0C, 0x46, 0x86, 0x8D, 0xC4, 0xE6, 0x04,
    0x65, 0x00, 0x46, 0x88, 0x5E, 0x08, 0x1C, 0xD8, 0xC8, 0x02, 0x21, 0x06, 0xFF, 0xC9, 0x21, 0x05,
    0xAA, 0xAA, 0x3E, 0x6D, 0x3C, 0x6C, 0xDC, 0xF0, 0x21, 0x05, 0x55, 0x55, 0x3E, 0x6D, 0x3C, 0x6C,
    0xDC, 0xF5, 0x21, 0x06, 0xFF, 0xD1, 0xF8, 0x0D, 0x21, 0x08, 0x00, 0x85, 0xDC, 0xDD, 0x21, 0x02,
    0x90, 0x00, 0x3A, 0x26, 0xFF, 0xC9, 0x3A, 0x26, 0xFF, 0xD1, 0x21, 0x03, 0x17, 0x16, 0xA1, 0x34,
    0x21, 0x05, 0x17, 0x1E, 0x4D, 0x04, 0x46, 0x86, 0xE6, 0x02, 0x21, 0x05, 0x17, 0x1A, 0xDD, 0x9E,
    0x21, 0x03, 0xA0, 0x00, 0xC0, 0x04, 0xCC, 0xD2, 0xDD, 0x82, 0x21, 0x08, 0x00, 0x86, 0xDC, 0xF6,
    0x21, 0x03, 0x80, 0x00, 0x88, 0x00, 0xCC, 0xD1, 0xDD, 0x8A, 0x21, 0x03, 0x17, 0x16, 0x21, 0x04,
    0x17, 0x1E, 0xA1, 0x35, 0x4D, 0x04, 0x46, 0x86, 0xE6, 0x00, 0xDD, 0xB4, 0x21, 0x08, 0x00, 0x87,
    0xDD, 0x07, 0x21, 0x03, 0xA0, 0x00, 0x88, 0x00, 0xCC, 0xD2, 0xDD, 0x9B, 0x21, 0x08, 0x00, 0x88,
    0xDD, 0x0F, 0x21, 0x03, 0x80, 0x00, 0xC0, 0x02, 0xCC, 0xD1, 0xDD, 0xA3, 0x21, 0x03, 0x17, 0x16,
    0x21, 0x04, 0x17, 0x22, 0xA1, 0x45, 0xDD, 0xCA, 0x21, 0x08, 0x00, 0x89, 0xDD, 0x1D, 0x21, 0x03,
    0xA0, 0x00, 0xC0, 0x04, 0xCC, 0xD2, 0xDD, 0xB1, 0x21, 0x08, 0x00, 0x90, 0xDD, 0x25, 0x21, 0x03,
    0x80, 0x00, 0xC0, 0x02, 0xCC, 0xD1, 0xDD, 0xB9, 0x21, 0x08, 0x00, 0x91, 0x4D, 0x05, 0x46, 0x84,
    0x00, 0x9A, 0x88, 0x11, 0xA4, 0x11, 0xDD, 0x32, 0x21, 0x02, 0xFF, 0xFF, 0x3A, 0xA6, 0xFF, 0xC9,
    0x3A, 0xA6, 0xFF, 0xD1, 0x21, 0x03, 0x17, 0x16, 0xA1, 0x34, 0xA1, 0x35, 0xDD, 0xED, 0x89, 0x22,
    0x21, 0x03, 0x90, 0x00, 0x21, 0x05, 0xAA, 0xAA, 0x21, 0x06, 0x00, 0xFA, 0x21, 0x00, 0x00, 0xD1,
    0x0D, 0x35, 0x00, 0x00, 0x4D, 0x05, 0x46, 0x72, 0x00, 0x00, 0xCC, 0x02, 0x4D, 0x04, 0x46, 0x86,
    0xE6, 0x01, 0xCC, 0x06, 0x3A, 0xC6, 0xFF, 0xC1, 0x3A, 0x87, 0x00, 0xFA, 0x7D, 0x92, 0xA5, 0x9F,
    0x4D, 0x04, 0x46, 0x88, 0xE6, 0x01, 0xA3, 0x9E, 0x7D, 0x9A, 0x2F, 0x25, 0x7B, 0x0A, 0x7F, 0x02,
    0x3A, 0x07, 0x00, 0xFA, 0x3A, 0x06, 0xFF, 0xC1, 0xA0, 0x2F, 0x4D, 0x04, 0x46, 0x72, 0xEE, 0x09,
    0x21, 0x34, 0xDD, 0x86, 0xA6, 0x17, 0xEE, 0x0D, 0xA8, 0x20, 0x0A, 0x02, 0x40, 0x40, 0xEE, 0xD8,
    0xE8, 0x08, 0x21, 0x08, 0x00, 0x92, 0x4D, 0x05, 0x46, 0x84, 0x00, 0x98, 0x61, 0x05, 0x46, 0x70,
    0xDD, 0x4C, 0x21, 0x08, 0x00, 0x93, 0x4D, 0x05, 0x46, 0x84, 0x00, 0x9A, 0x88, 0x11, 0xA4, 0x11,
    0xDD, 0x7F, 0x21, 0x00, 0x00, 0xD2, 0x3A, 0x06, 0xFF, 0xC9, 0x3A, 0x06, 0xFF, 0xD1, 0x89, 0x22,
    0x4D, 0x04, 0x46, 0x86, 0xE6, 0x02, 0x21, 0x02, 0x40, 0x00, 0x21, 0x06, 0x00, 0xF6, 0x0D, 0x35,
    0x00, 0x00, 0x4D, 0x05, 0x46, 0x72, 0x00, 0x00, 0xCC, 0x02, 0x4D, 0x04, 0x46, 0x86, 0xE6, 0x01,
    0xCC, 0x06, 0x3A, 0xC6, 0xFF, 0xC1, 0x3A, 0x87, 0x00, 0xF6, 0x7D, 0x92, 0xA5, 0x9F, 0x4D, 0x04,
    0x46, 0x88, 0xE6, 0x01, 0xA3, 0x9E, 0x7D, 0x9A, 0x2F, 0x25, 0x7B, 0x0A, 0x7F, 0x02, 0x3A, 0x07,
    0x00, 0xF6, 0x3A, 0x06, 0xFF, 0xC1, 0xA0, 0x2F, 0x4D, 0x04, 0x46, 0x72, 0xEE, 0x10, 0x21, 0x34,
    0xDD, 0xCD, 0xA6, 0x17, 0xEE, 0x14, 0xA8, 0x20, 0x4D, 0x04, 0x46, 0x86, 0xE6, 0x04, 0x0A, 0x02,
    0x80, 0x80, 0xEE, 0xD5, 0xE8, 0x0C, 0x0A, 0x02, 0x40, 0x40, 0xEE, 0xD1, 0xE8, 0x08, 0x21, 0x08,
    0x00, 0x94, 0x4D, 0x05, 0x46, 0x84, 0x00, 0x98, 0x61, 0x05, 0x46, 0x70, 0xDD, 0x9A, 0x21, 0x08,
    0x00, 0x95, 0x4D, 0x05, 0x46, 0x84, 0x00, 0x9A, 0x88, 0x11, 0xA4, 0x11, 0xDD, 0xCD, 0x4D, 0x08,
    0x46, 0x88, 0x7D, 0x95, 0x4D, 0x95, 0x00, 0x26, 0x21, 0x28, 0x21, 0x04, 0x1F, 0x9C, 0x21, 0x05,
    0x90, 0x00, 0x21, 0x03, 0x00, 0x04, 0xBA, 0x41, 0x03, 0x50, 0x21, 0x00, 0x00, 0xD0, 0x21, 0x06,
    0x00, 0xFC, 0xCB, 0x02, 0xC3, 0x02, 0x4D, 0x04, 0x46, 0x86, 0xE6, 0x01, 0xC3, 0x06, 0x89, 0x22,
    0xA1, 0x25, 0xA1, 0x2A, 0x21, 0x0B, 0x1F, 0x14, 0x21, 0x0D, 0x90, 0x00, 0xA1, 0x2C, 0x4D, 0x05,
    0x46, 0x72, 0x00, 0x00, 0x21, 0x04, 0xAA, 0xAA, 0x3A, 0x36, 0xFF, 0xC1, 0x3A, 0x87, 0x00, 0xFC,
    0x7F, 0x01, 0x1E, 0xC8, 0x7F, 0x02, 0x3A, 0x07, 0x00, 0xFC, 0x3A, 0x06, 0xFF, 0xC1, 0xA0, 0x2F,
    0xA6, 0xB0, 0xEE, 0x1D, 0x4D, 0x04, 0x46, 0x72, 0xEE, 0x21, 0xDE, 0x22, 0xA6, 0x17, 0xEE, 0x04,
    0xA8, 0x20, 0x0A, 0x02, 0x40, 0x40, 0xEE, 0xE2, 0xAA, 0xB0, 0x8C, 0xB4, 0xE6, 0x1F, 0x21, 0x08,
    0x00, 0x97, 0x88, 0x11, 0xDE, 0x11, 0x93, 0xF3, 0x21, 0x03, 0x17, 0x1A, 0x21, 0x04, 0x17, 0x16,
    0xA1, 0x45, 0xDE, 0xC8, 0x97, 0xF3, 0x89, 0x22, 0x21, 0x05, 0xAA, 0xAA, 0xE8, 0xCF, 0x4D, 0x04,
    0x46, 0x72, 0xEE, 0xE6, 0x4D, 0x05, 0x46, 0x84, 0x00, 0x90, 0xE8, 0x07, 0x21, 0x08, 0x00, 0x96,
    0x4D, 0x05, 0x46, 0x84, 0x00, 0x98, 0x61, 0x05, 0x46, 0x70, 0xDE, 0x01, 0x7D, 0x95, 0x61, 0x04,
    0x46, 0x76, 0x6F, 0x94, 0x00, 0x26, 0x61, 0x04, 0x46, 0x78, 0x6F, 0x94, 0x00, 0x16, 0x88, 0x88,
    0x3A, 0x86, 0xFF, 0xC1, 0x3A, 0x87, 0x00, 0xF0, 0x5E, 0x08, 0x23, 0xF4, 0x89, 0x44, 0x1E, 0xA8,
    0x21, 0x08, 0x00, 0x72, 0x4D, 0x05, 0x46, 0x84, 0x00, 0xE5, 0x06, 0x01, 0x01, 0x01, 0xDE, 0x46,
    0x21, 0x07, 0x00, 0x03, 0xCD, 0x0F, 0xA5, 0x9F, 0x7D, 0x9A, 0x2E, 0x6D, 0xA3, 0x9F, 0x7D, 0x9A,
    0xB3, 0x70, 0xFD, 0x07, 0xB3, 0x70, 0xCD, 0x0F, 0xA5, 0x9F, 0x7D, 0x9A, 0x20, 0x6C, 0xA3, 0x9F,
    0x7D, 0x9A, 0xDE, 0x76, 0xA6, 0x17, 0xEE, 0x02, 0xB3, 0x70, 0xFD, 0x0A, 0x21, 0x08, 0x00, 0x73,
    0x4D, 0x05, 0x46, 0x84, 0x00, 0xEA, 0x06, 0x01, 0x01, 0x01, 0xA4, 0x11, 0xDE, 0x65, 0x21, 0x07,
    0x80, 0x00, 0x21, 0x05, 0x00, 0x01, 0xC8, 0x11, 0xA5, 0x9F, 0x7D, 0x9A, 0x2F, 0x65, 0x21, 0x64,
    0xA3, 0x9F, 0x7D, 0x9A, 0xDE, 0x8F, 0xA6, 0x17, 0xEE, 0x02, 0xB3, 0x50, 0xF8, 0x0B, 0x21, 0x08,
    0x00, 0x74, 0x06, 0x01, 0x03, 0x03, 0xDE, 0x7A, 0x21, 0x05, 0xAA, 0xAA, 0xA1, 0x6C, 0x21, 0x0D,
    0x00, 0x02, 0x89, 0x77, 0x21, 0x00, 0x7F, 0xFF, 0xA5, 0x9F, 0x7D, 0x9A, 0x2F, 0x65, 0xBB, 0x61,
    0x00, 0xC0, 0x89, 0x77, 0x21, 0x00, 0x80, 0x00, 0xBB, 0x64, 0x00, 0x5E, 0xAB, 0x71, 0x21, 0x64,
    0xA3, 0x9F, 0x7D, 0x9A, 0xDE, 0xAF, 0x0A, 0x0D, 0x55, 0x55, 0xE6, 0x03, 0x21, 0x05, 0x55, 0x55,
    0xE8, 0xE5, 0x21, 0x08, 0x00, 0x75, 0x4D, 0x05, 0x46, 0x84, 0x00, 0xE8, 0x06, 0x01, 0x03, 0x03,
    0xDE, 0x9F, 0x21, 0x04, 0x00, 0x08, 0x89, 0x77, 0x21, 0x0C, 0x00, 0x00, 0x0B, 0x06, 0x00, 0x00,
    0xEE, 0x00, 0x21, 0x0D, 0x00, 0x00, 0x21, 0x00, 0x10, 0x00, 0xA5, 0x9F, 0x7D, 0x9A, 0xBB, 0xC1,
    0x00, 0x60, 0xA3, 0x9F, 0x7D, 0x9A, 0xF4, 0x90, 0x89, 0x77, 0x4D, 0x05, 0x46, 0x82, 0x00, 0x00,
    0x3A, 0x84, 0xFF, 0xC1, 0xA4, 0x83, 0x3A, 0x86, 0xFF, 0xC1, 0xA5, 0x9F, 0x7D, 0x9A, 0x21, 0x65,
    0xA3, 0x9F, 0x7D, 0x9A, 0x4D, 0x04, 0x46, 0x82, 0xEE, 0x09, 0xA9, 0x71, 0x8D, 0x74, 0xEE, 0xF5,
    0x3A, 0x84, 0xFF, 0xC1, 0xA2, 0x83, 0x3A, 0x86, 0xFF, 0xC1, 0x9E, 0x08, 0xA1, 0x54, 0xA9, 0x40,
    0xDE, 0xED, 0x4D, 0x05, 0x46, 0x82, 0x00, 0x00, 0xE8, 0xF3, 0x65, 0xFE, 0x00, 0x02, 0x7F, 0x01,
    0x7B, 0x00, 0x91, 0xF2, 0x61, 0xF2, 0x00, 0x04, 0xAC, 0x2A, 0x07, 0x02, 0x00, 0x07, 0x0A, 0x0A,
    0x01, 0x01, 0xE6, 0x09, 0x0A, 0x0A, 0x02, 0x02, 0xE6, 0x0B, 0x0A, 0x0A, 0x04, 0x04, 0xE6, 0x0D,
    0xC2, 0xFF, 0x89, 0x33, 0xE8, 0x0E, 0x3A, 0xB5, 0x02, 0xFC, 0x3A, 0x35, 0x05, 0xFC, 0xE8, 0x09,
    0x3A, 0xB5, 0x02, 0xFA, 0x3A, 0x35, 0x05, 0xFA, 0xE8, 0x04, 0x3A, 0xB5, 0x02, 0xF6, 0x3A, 0x35,
    0x05, 0xF6, 0x6F, 0x02, 0x46, 0x72, 0x6F, 0x03, 0x46, 0x70, 0x3A, 0xA7, 0x11, 0xF0, 0x95, 0xF2,
    0x7D, 0x92, 0xA5, 0x9F, 0x7D, 0x9A, 0x7B, 0x00, 0x3A, 0x07, 0x00, 0xFC, 0x3A, 0x06, 0xFF, 0xC1,
    0x01, 0x0F, 0x00, 0x08, 0x93, 0xF2, 0x3A, 0xA5, 0x02, 0xFC, 0x3A, 0x25, 0x05, 0xFC, 0x6F, 0x02,
    0x46, 0x70, 0x4D, 0x05, 0x46, 0x72, 0xFF, 0xFF, 0x3A, 0xA7, 0x11, 0xFC, 0x21, 0x02, 0x50, 0x00,
    0x7D, 0x2A, 0x97, 0xF2, 0x1E, 0xB8, 0x3A, 0xF7, 0x01, 0xF0, 0x3A, 0x77, 0x20, 0xF0, 0x9E, 0x08,
    0x5C, 0x09, 0x00, 0x0E, 0x46, 0x3C, 0x89, 0x77, 0xD0, 0x0A, 0x01, 0x06, 0x0F, 0x00, 0x21, 0x00,
    0x01, 0x00, 0x3A, 0xB3, 0x00, 0x60, 0x89, 0x77, 0xD0, 0x12, 0x5C, 0x01, 0x00, 0x0E, 0x46, 0x3C,
    0x9E, 0x08, 0x91, 0xF2, 0x93, 0xFB, 0x4D, 0x05, 0x46, 0x84, 0x00, 0x95, 0x88, 0x11, 0x01, 0x06,
    0x0F, 0x00, 0x21, 0x0A, 0xA4, 0x00, 0x21, 0x00, 0x01, 0x00, 0x3A, 0x61, 0x00, 0xA0, 0x21, 0x0A,
    0xA4, 0x00, 0x21, 0x00, 0x01, 0x00, 0xBA, 0xA6, 0x00, 0xBE, 0xAB, 0xA0, 0xAB, 0xB0, 0x20, 0xAC,
    0x20, 0xBD, 0x03, 0x0A, 0xA4, 0x00, 0xA1, 0xA7, 0x03, 0x06, 0x0F, 0x00, 0xDF, 0x6B, 0x97, 0xFB,
    0x95, 0xF2, 0x9E, 0x08, 0x5C, 0x09, 0x00, 0x0E, 0x46, 0x3C, 0x89, 0x77, 0xD0, 0x3C, 0xC8, 0x40,
    0x21, 0x09, 0x0F, 0xFC, 0x21, 0x0A, 0x0F, 0xFA, 0x21, 0x0B, 0x0F, 0xF6, 0x21, 0x02, 0x00, 0x04,
    0x3A, 0x33, 0x02, 0x90, 0xAB, 0x33, 0x21, 0x02, 0x00, 0x04, 0x3A, 0x43, 0x02, 0xA0, 0xAB, 0x43,
    0x21, 0x02, 0x00, 0x04, 0x3A, 0x53, 0x02, 0xB0, 0xAB, 0x53, 0xF8, 0x10, 0xD0, 0x54, 0x5C, 0x01,
    0x00, 0x0E, 0x46, 0x3C, 0x9E, 0x08, 0x91, 0xF2, 0x93, 0xF9, 0x88, 0x11, 0x89, 0x22, 0x4D, 0x04,
    0x46, 0x86, 0xE6, 0x04, 0xC2, 0x02, 0xA6, 0xC1, 0xE6, 0x01, 0xC2, 0x42, 0x4D, 0x05, 0x46, 0x84,
    0x00, 0x50, 0x4D, 0x05, 0x46, 0x72, 0x00, 0x00, 0xC8, 0x02, 0x4D, 0x04, 0x46, 0x86, 0xE6, 0x23,
    0xC8, 0x06, 0x3A, 0x86, 0xFF, 0xC1, 0x88, 0x44, 0xA6, 0xC1, 0xE6, 0x09, 0x3A, 0xC7, 0x00, 0xF6,
    0xC4, 0x80, 0x3A, 0x47, 0x00, 0xFC, 0xC4, 0x81, 0x3A, 0x47, 0x00, 0xFA, 0xE8, 0x1F, 0xA6, 0xC0,
    0xE6, 0x09, 0x3A, 0xC7, 0x00, 0xFA, 0xC4, 0x80, 0x3A, 0x47, 0x00, 0xFC, 0xC4, 0x82, 0x3A, 0x47,
    0x00, 0xF6, 0xE8, 0x14, 0x3A, 0xC7, 0x00, 0xFC, 0xC4, 0x81, 0x3A, 0x47, 0x00, 0xFA, 0xC4, 0x82,
    0x3A, 0x47, 0x00, 0xF6, 0xE8, 0x0B, 0x3A, 0x86, 0xFF, 0xC1, 0xC8, 0xD0, 0x3A, 0x87, 0x00, 0xFC,
    0xA8, 0x80, 0x3A, 0x87, 0x00, 0xFA, 0xA8, 0x80, 0x3A, 0x87, 0x00, 0xF6, 0x7D, 0x92, 0xA5, 0x9F,
    0x4D, 0x04, 0x46, 0x88, 0xE6, 0x01, 0xA3, 0x9E, 0x7D, 0x9A, 0x2F, 0x25, 0x7B, 0x0A, 0x7F, 0x02,
    0x3A, 0x87, 0x00, 0xF0, 0x3A, 0x86, 0xFF, 0xC1, 0x61, 0x06, 0x46, 0x72, 0x8C, 0x64, 0xEE, 0x15,
    0x8A, 0xE0, 0xEE, 0x0E, 0xA8, 0x20, 0x4D, 0x04, 0x46, 0x86, 0xE6, 0x06, 0xA6, 0xC1, 0xE6, 0x04,
    0x0A, 0x02, 0x80, 0x80, 0xEE, 0xAB, 0xE8, 0x0D, 0x0A, 0x02, 0x40, 0x40, 0xEE, 0xA7, 0xE8, 0x09,
    0x4D, 0x05, 0x46, 0x84, 0x00, 0x58, 0x61, 0x05, 0x46, 0x70, 0xA0, 0x2F, 0xDF, 0xB2, 0xA6, 0x17,
    0xE6, 0xE9, 0x97, 0xF9, 0x95, 0xF2, 0x9E, 0x08, 0xA6, 0x11, 0xE6, 0x03, 0x8B, 0x45, 0x9E, 0x06,
    0xE8, 0x02, 0x8A, 0xCD, 0x9E, 0x06, 0xA6, 0x10, 0xE6, 0x40, 0x3A, 0x24, 0xFF, 0xC1, 0xA2, 0x20,
    0x3A, 0x26, 0xFF, 0xC1, 0xDF, 0xC6, 0x3A, 0x24, 0xFF, 0xC1, 0xA4, 0x20, 0x3A, 0x26, 0xFF, 0xC1,
    0x9E, 0x08, 0xDF, 0xCD, 0xDF, 0xD7, 0x21, 0x02, 0x16, 0xCC, 0x7F, 0x0C, 0x7F, 0x10, 0x61, 0x02,
    0x46, 0x7C, 0x9E, 0x08, 0x5C, 0x09, 0x00, 0x0E, 0x46, 0x3C, 0xA6, 0x10, 0xE6, 0x05, 0x3A, 0x24,
    0xFF, 0xC1, 0xA2, 0x20, 0x3A, 0x26, 0xFF, 0xC1, 0xDF, 0xE9, 0xA1, 0x85, 0x7F, 0x12, 0x7F, 0x26,
    0xA6, 0x10, 0xE6, 0x05, 0x3A, 0x24, 0xFF, 0xC1, 0xA4, 0x20, 0x3A, 0x26, 0xFF, 0xC1, 0x5C, 0x01,
    0x00, 0x0E, 0x46, 0x3C, 0x9E, 0x08, 0x91, 0xF0, 0x91, 0xF2, 0xC8, 0x20, 0x7F, 0x06, 0xC8, 0x20,
    0x7F, 0x06, 0x95, 0xF2, 0x95, 0xF0, 0x9E, 0x08, 0x91, 0xF0, 0x91, 0xF2, 0xC8, 0x08, 0x7F, 0x06,
    0xC8, 0x08, 0x7F, 0x06, 0x95, 0xF2, 0x95, 0xF0, 0x9E, 0x08, 0x5C, 0x09, 0x00, 0x0E, 0x46, 0x3C,
    0x93, 0xF4, 0x93, 0xF5, 0x93, 0xF7, 0x93, 0xF6, 0x93, 0xF8, 0xD0, 0x12, 0x21, 0x02, 0x16, 0xC0,
    0x5F, 0x00, 0x0B, 0xDE, 0x97, 0xF5, 0x7F, 0x12, 0xC9, 0x20, 0x7F, 0x16, 0xC9, 0x20, 0x7F, 0x16,
    0xC9, 0x20, 0x7F, 0x16, 0x61, 0x07, 0x46, 0x84, 0x21, 0x06, 0x00, 0x04, 0x88, 0x77, 0xB3, 0x72,
    0x97, 0xF5, 0x0A, 0x07, 0x01, 0x01, 0xEE, 0x02, 0x7F, 0x12, 0xE8, 0x0A, 0x0A, 0x07, 0x02, 0x02,
    0xEE, 0x02, 0x7F, 0x0E, 0xE8, 0x05, 0x0A, 0x07, 0x03, 0x03, 0xEE, 0x02, 0xA0, 0x5D, 0x7F, 0x14,
    0xC9, 0x20, 0x7F, 0x16, 0xF6, 0x95, 0x7F, 0x10, 0xD0, 0x42, 0x5C, 0x01, 0x00, 0x0E, 0x46, 0x3C,
    0xA6, 0x12, 0xEE, 0x02, 0x69, 0x00, 0x46, 0x7C, 0xA2, 0x12, 0xA6, 0x16, 0xE6, 0x01, 0xA4, 0x17,
    0xA4, 0x16, 0x9E, 0x08, 0xD0, 0x47, 0x21, 0x02, 0x16, 0xDE, 0x7F, 0x0C, 0x60, 0x0D, 0x46, 0x80,
    0x7F, 0x14, 0x7F, 0x10, 0x61, 0x02, 0x46, 0x7C, 0x9E, 0x08, 0x89, 0x45, 0x0B, 0x05, 0xFF, 0xFF,
    0xEE, 0x25, 0x21, 0x06, 0xFF, 0xFF, 0x20, 0x28, 0x88, 0x68, 0xA0, 0x86, 0xB2, 0x84, 0xB2, 0x84,
    0xB2, 0x84, 0xB2, 0x84, 0x06, 0x08, 0x0F, 0x0F, 0x88, 0x68, 0xA0, 0x86, 0xB2, 0x84, 0xB2, 0x84,
    0xB2, 0x84, 0xA0, 0x80, 0x06, 0x08, 0x1F, 0x1F, 0x88, 0xE8, 0xA0, 0x8E, 0xA0, 0x08, 0xB2, 0x84,
    0x06, 0x08, 0xF0, 0xF0, 0x88, 0xE8, 0xA0, 0x8E, 0xA0, 0x08, 0x06, 0x08, 0xE0, 0xE0, 0x88, 0x68,
    0xA0, 0xE6, 0xA0, 0x8E, 0xA9, 0x21, 0xF3, 0xA1, 0x8B, 0x46, 0x9E, 0x06, 0x97, 0xF5, 0x5E, 0x08,
    0x23, 0x12, 0xCD, 0x55, 0x0B, 0x06, 0xFF, 0xA3, 0xEE, 0x01, 0xCD, 0x75, 0xC8, 0xCF, 0x3E, 0x78,
    0xC8, 0x00, 0x3E, 0x78, 0xC8, 0x07, 0x3E, 0x78, 0x3E, 0x6D, 0x3C, 0x6C, 0xD0, 0xCB, 0xC8, 0x4F,
    0x3E, 0x78, 0x0A, 0x0D, 0xAA, 0xAA, 0x9E, 0x06, 0xCD, 0xAA, 0xE8, 0xF0, 0xCD, 0xAA, 0x7C, 0x01,
    0xC8, 0x03, 0x3E, 0x68, 0xC8, 0x03, 0x3E, 0x68, 0xC8, 0x27, 0x3E, 0x68, 0x3E, 0x6D, 0x3C, 0x6C,
    0x7C, 0x05, 0xDF, 0xD4, 0xD0, 0xDF, 0x0A, 0x0D, 0x55, 0x55, 0x9E, 0x06, 0xCD, 0x55, 0xE8, 0xEF,
    0xC8, 0x03, 0x3E, 0x68, 0xC8, 0x03, 0x3E, 0x68, 0xC8, 0x07, 0x3E, 0x68, 0xCD, 0xFF, 0x3E, 0x6D,
    0xC8, 0x02, 0xF8, 0x01, 0x3C, 0x6C, 0xDF, 0xE6, 0x8A, 0xDC, 0x5E, 0x06, 0x23, 0x7A, 0x9E, 0x08,
    0x7C, 0x01, 0xC8, 0x03, 0x3E, 0x68, 0xC8, 0x03, 0x3E, 0x68, 0xC8, 0x87, 0x3E, 0x68, 0x4D, 0x05,
    0x46, 0x8A, 0x00, 0x00, 0xC8, 0x20, 0x3E, 0x68, 0x7C, 0x05, 0x21, 0x00, 0x0F, 0xFF, 0x4D, 0x04,
    0x46, 0x8A, 0xEE, 0x04, 0xF0, 0x84, 0xDF, 0xFE, 0x5E, 0x08, 0x23, 0x7A, 0xC8, 0x03, 0x3E, 0x68,
    0xC8, 0x03, 0x3E, 0x68, 0x0B, 0x06, 0xFF, 0xA9, 0x5E, 0x06, 0x04, 0xD4, 0x0B, 0x06, 0xFF, 0xAD,
    0x9E, 0x0E, 0x5E, 0x08, 0x05, 0x04, 0x7C, 0x01, 0x93, 0xF0, 0xC8, 0x03, 0x3E, 0x68, 0xC8, 0x03,
    0x3E, 0x68, 0x4D, 0x05, 0x46, 0x8A, 0xFF, 0xFF, 0x21, 0x00, 0xED, 0x4D, 0x3A, 0x06, 0xFF, 0xE1,
    0x3A, 0x86, 0xFF, 0xE1, 0xC8, 0x03, 0x3E, 0x68, 0xC8, 0x03, 0x3E, 0x68, 0x97, 0xF0, 0x7C, 0x05,
    0x7F, 0x01, 0x8D, 0x07, 0x7B, 0x00, 0xCD, 0xAA, 0xC8, 0x18, 0x3E, 0x78, 0xC8, 0x11, 0xC0, 0x00,
    0x3E, 0x78, 0x3E, 0x70, 0xC8, 0x12, 0x3E, 0x78, 0x3E, 0x7D, 0x3E, 0x78, 0x3C, 0x7C, 0xDF, 0xAA,
    0xD1, 0x3D, 0x0A, 0x0D, 0x55, 0x55, 0x9E, 0x06, 0xCD, 0x55, 0xE8, 0xEE, 0x21, 0x06, 0xFF, 0x81,
    0x21, 0x07, 0xFF, 0x85, 0x21, 0x05, 0xFF, 0xA9, 0x21, 0x04, 0xFF, 0x87, 0x21, 0x03, 0xFF, 0x85,
    0xE8, 0x21, 0x21, 0x06, 0xFF, 0x83, 0x21, 0x07, 0xFF, 0x87, 0x21, 0x05, 0xFF, 0xAB, 0x21, 0x04,
    0xFF, 0x87, 0x21, 0x03, 0xFF, 0x85, 0xE8, 0x16, 0x21, 0x06, 0xFF, 0x89, 0x21, 0x07, 0xFF, 0x8D,
    0x21, 0x05, 0xFF, 0xAD, 0x21, 0x04, 0xFF, 0x8F, 0x21, 0x03, 0xFF, 0x8D, 0xE8, 0x0B, 0x21, 0x06,
    0xFF, 0x8B, 0x21, 0x07, 0xFF, 0x8F, 0x21, 0x05, 0xFF, 0xB1, 0x21, 0x04, 0xFF, 0x8F, 0x21, 0x03,
    0xFF, 0x8D, 0xE8, 0x00, 0xC0, 0x57, 0xC8, 0x02, 0x3E, 0x50, 0x3E, 0x58, 0x21, 0x02, 0x26, 0x00,
    0x21, 0x00, 0x00, 0x09, 0x3A, 0x22, 0x00, 0x70, 0x21, 0x02, 0x26, 0x09, 0x21, 0x00, 0x00, 0x02,
    0x3A, 0x22, 0x00, 0x40, 0x4D, 0x05, 0x46, 0x8A, 0x00, 0x00, 0xC8, 0x00, 0x3E, 0x68, 0x21, 0x00,
    0x10, 0x00, 0x4D, 0x04, 0x46, 0x8A, 0xEE, 0x0A, 0xF0, 0x84, 0xDF, 0xF8, 0x5E, 0x08, 0x23, 0x7A,
    0x18, 0x14, 0x8C, 0x03, 0x00, 0x05, 0x68, 0x11, 0x02, 0x02, 0x30, 0x00, 0xC8, 0x18, 0x3E, 0x78,
    0xC8, 0x03, 0x3E, 0x58, 0x0B, 0x07, 0xFF, 0x85, 0xEE, 0x04, 0x5F, 0x00, 0x04, 0xD4, 0x5E, 0x08,
    0x05, 0x34, 0x0B, 0x07, 0xFF, 0x8F, 0x9E, 0x0E, 0x5F, 0x00, 0x05, 0x34, 0x5F, 0x00, 0x05, 0x04,
    0x5F, 0x00, 0x05, 0x1C, 0x5F, 0x00, 0x05, 0xBE, 0x5E, 0x08, 0x05, 0x90, 0x93, 0xF0, 0x4D, 0x05,
    0x46, 0x8A, 0xFF, 0xFF, 0xC8, 0x18, 0x3E, 0x78, 0xC8, 0x38, 0x3E, 0x38, 0x97, 0xF0, 0x7F, 0x01,
    0x8D, 0x07, 0x7B, 0x00, 0x00, 0x17, 0x49, 0x4E, 0x43, 0x4F, 0x52, 0x52, 0x45, 0x43, 0x54, 0x20,
    0x4C, 0x4F, 0x41, 0x44, 0x20, 0x41, 0x44, 0x44, 0x52, 0x45, 0x53, 0x53, 0x0D, 0x00, 0x00, 0x06,
    0x41, 0x42, 0x4F, 0x52, 0x54, 0x0D, 0x00, 0x0C, 0x45, 0x4E, 0x54, 0x52, 0x59, 0x20, 0x50, 0x4F,
    0x49, 0x4E, 0x54, 0x20, 0x4C, 0x01, 0x40, 0xAC, 0x02, 0x02, 0x5E, 0x0E, 0x05, 0xEC, 0x4D, 0x08,
    0x46, 0xFA, 0x4D, 0x08, 0x46, 0xFC, 0x4D, 0x08, 0x46, 0xFE, 0x5F, 0x00, 0x0C, 0xCC, 0x5E, 0x06,
    0x05, 0xEC, 0x61, 0x02, 0x43, 0x9C, 0xAB, 0x20, 0x76, 0x22, 0x40, 0xB0, 0x6F, 0x02, 0x46, 0xF8,
    0x53, 0xF0, 0x43, 0xDE, 0x5F, 0x00, 0x0C, 0xCC, 0x5F, 0x00, 0x0C, 0xE6, 0x6F, 0x02, 0x43, 0xDE,
    0xC8, 0x53, 0x7F, 0x22, 0x7F, 0x20, 0xC8, 0x05, 0x7F, 0x22, 0x7F, 0x20, 0xC1, 0x0A, 0xC9, 0x00,
    0x61, 0x08, 0x46, 0xF8, 0xC8, 0x02, 0x7F, 0x22, 0x20, 0x88, 0xA9, 0x80, 0x0A, 0x08, 0x20, 0x20,
    0xE6, 0x06, 0x0A, 0x08, 0x0D, 0x0D, 0xE6, 0x03, 0x88, 0x89, 0x7F, 0x22, 0xE8, 0xF5, 0xC8, 0x03,
    0x7F, 0x22, 0xAC, 0x98, 0x7F, 0x22, 0x7F, 0x20, 0xA2, 0xB7, 0x0A, 0x0B, 0x06, 0x06, 0xE6, 0x07,
    0x0A, 0x0B, 0x18, 0x18, 0x5E, 0x06, 0x28, 0xA0, 0xF1, 0x1E, 0x5E, 0x08, 0x28, 0xA0, 0x21, 0x09,
    0x40, 0xB0, 0x21, 0x0B, 0x00, 0x80, 0xC1, 0x0A, 0xC9, 0x00, 0xA1, 0x98, 0xA1, 0xBA, 0x7F, 0x20,
    0xA2, 0xB7, 0x0A, 0x0B, 0x04, 0x04, 0xEE, 0x03, 0x7F, 0x20, 0x5E, 0x08, 0x28, 0xAC, 0x0A, 0x0B,
    0x18, 0x18, 0x5E, 0x06, 0x28, 0xA0, 0x0A, 0x0B, 0x02, 0x02, 0xEE, 0x0C, 0x7F, 0x20, 0xA0, 0xB2,
    0x7F, 0x20, 0xA0, 0xBA, 0x7F, 0x20, 0x8D, 0xB4, 0xE6, 0x03, 0x2E, 0x9B, 0xA9, 0x90, 0xAB, 0xB0,
    0x88, 0xB9, 0xF2, 0x88, 0x7F, 0x20, 0xA2, 0xB7, 0x0A, 0x0B, 0x03, 0x03, 0xEE, 0xFB, 0x7F, 0x20,
    0x8A, 0x9B, 0xEE, 0x05, 0x8D, 0xB4, 0xE6, 0x0B, 0xC8, 0x06, 0x7F, 0x22, 0xE8, 0xD4, 0xAA, 0x10,
    0x5E, 0x06, 0x28, 0xA0, 0xA1, 0x89, 0xA1, 0xAB, 0xC8, 0x15, 0x7F, 0x22, 0xE8, 0xCD, 0x60, 0x09,
    0x48, 0x00, 0x0A, 0x09, 0x01, 0x01, 0xE6, 0x4F, 0x21, 0x01, 0x00, 0x28, 0x61, 0x15, 0x40, 0xB0,
    0xAC, 0xD5, 0x61, 0x00, 0x43, 0xDE, 0xA3, 0x0F, 0x8D, 0x04, 0xEE, 0x07, 0x0B, 0x05, 0x80, 0x00,
    0xEF, 0x04, 0x21, 0x02, 0x26, 0x54, 0x5E, 0x08, 0x28, 0xA4, 0xC8, 0x06, 0x7F, 0x22, 0xA1, 0x59,
    0xC1, 0x0A, 0xC9, 0x00, 0xA1, 0x98, 0x7F, 0x20, 0xA2, 0xB7, 0x0A, 0x0B, 0x04, 0x04, 0xEE, 0x02,
    0x7F, 0x20, 0xE8, 0x26, 0x0A, 0x0B, 0x18, 0x18, 0xE6, 0x6B, 0x0A, 0x0B, 0x02, 0x02, 0xEE, 0x0F,
    0x7F, 0x20, 0xA0, 0xB2, 0x7F, 0x20, 0xA0, 0xBA, 0x7F, 0x20, 0x93, 0xF8, 0x61, 0x08, 0x43, 0xDE,
    0x7F, 0x01, 0x2E, 0x8B, 0x7F, 0x02, 0x97, 0xF8, 0xA9, 0x90, 0x88, 0xB9, 0xF2, 0x8B, 0x7F, 0x20,
    0xA2, 0xB7, 0x0A, 0x0B, 0x03, 0x03, 0xEE, 0xFB, 0x7F, 0x20, 0x8A, 0x9B, 0xEE, 0x03, 0xC8, 0x06,
    0x7F, 0x22, 0xE8, 0xD6, 0xAA, 0x10, 0xE6, 0x4C, 0xA1, 0x89, 0xC8, 0x15, 0x7F, 0x22, 0xE8, 0xD1,
    0x21, 0x02, 0x26, 0x76, 0x7F, 0x0C, 0x21, 0x01, 0x00, 0x14, 0x61, 0x15, 0x40, 0xB0, 0xAC, 0xD5,
    0x7F, 0x0E, 0x7F, 0x10, 0xE8, 0x43, 0xC8, 0x06, 0x7F, 0x22, 0x4C, 0x08, 0x48, 0x00, 0x61, 0x09,
    0x43, 0xA0, 0xC1, 0x0A, 0xC9, 0x00, 0x7F, 0x20, 0xA2, 0xB7, 0x0A, 0x0B, 0x04, 0x04, 0xEE, 0x05,
    0x7F, 0x20, 0x57, 0xF0, 0x43, 0xDE, 0x5E, 0x08, 0x04, 0x4C, 0x0A, 0x0B, 0x18, 0x18, 0xE6, 0x28,
    0x0A, 0x0B, 0x02, 0x02, 0xEE, 0x13, 0x7F, 0x20, 0xA0, 0xB2, 0x7F, 0x20, 0xA0, 0xBA, 0x7F, 0x20,
    0x93, 0xF2, 0x61, 0x00, 0x43, 0xA2, 0x5F, 0x00, 0x09, 0xFA, 0x6F, 0x00, 0x43, 0xA2, 0x6E, 0x2B,
    0x41, 0xB0, 0x68, 0x00, 0x43, 0xA0, 0x97, 0xF2, 0x88, 0xB9, 0xF2, 0x8F, 0x7F, 0x20, 0xA2, 0xB7,
    0x0A, 0x0B, 0x03, 0x03, 0xEE, 0xFB, 0x7F, 0x20, 0x8A, 0x9B, 0xEE, 0x03, 0xC8, 0x06, 0x7F, 0x22,
    0xE8, 0xD0, 0xAA, 0x10, 0xE6, 0x05, 0x6F, 0x09, 0x43, 0xA0, 0xC8, 0x15, 0x7F, 0x22, 0xE8, 0xCA,
    0x21, 0x02, 0x26, 0x6E, 0x7F, 0x0C, 0xC8, 0x18, 0x7F, 0x22, 0x7F, 0x20, 0x57, 0xF0, 0x43, 0xDE,
    0x9E, 0x08, 0x4C, 0x01, 0x40, 0xAC, 0x02, 0x02, 0x5E, 0x0E, 0x05, 0xEC, 0x4D, 0x08, 0x46, 0xFA,
    0x4D, 0x08, 0x46, 0xFC, 0x4D, 0x08, 0x46, 0xFE, 0x5F, 0x00, 0x0C, 0xCC, 0x5E, 0x06, 0x05, 0xEC,
    0x61, 0x02, 0x43, 0x9C, 0xAB, 0x20, 0x76, 0x22, 0x40, 0xB0, 0x6F, 0x02, 0x46, 0xF8, 0x5F, 0x00,
    0x0C, 0xCC, 0x5E, 0x06, 0x05, 0xEC, 0x5F, 0x00, 0x0D, 0x46, 0x94, 0x28, 0x5E, 0x06, 0x05, 0xEC,
    0x5F, 0x00, 0x0D, 0x46, 0x8C, 0x01, 0x83, 0x93, 0x5E, 0x07, 0x05, 0xEC, 0xA9, 0x30, 0xA1, 0x3B,
    0xA1, 0x9A, 0x21, 0x0D, 0x01, 0x00, 0xA6, 0x06, 0xEE, 0x28, 0x0A, 0x08, 0x45, 0x45, 0xEE, 0x0E,
    0x5F, 0x00, 0x0C, 0xB6, 0x0A, 0x08, 0x3D, 0x3D, 0x5E, 0x0E, 0x05, 0xEC, 0x5F, 0x00, 0x0C, 0xDA,
    0x5E, 0x06, 0x05, 0xEC, 0x5F, 0x00, 0x0D, 0x22, 0xA1, 0x3A, 0xE6, 0x17, 0x0A, 0x08, 0x52, 0x52,
    0x5E, 0x0E, 0x05, 0xEC, 0x5F, 0x00, 0x0C, 0xB6, 0x0A, 0x08, 0x4C, 0x4C, 0x5E, 0x0E, 0x05, 0xEC,
    0x5F, 0x00, 0x0C, 0xB6, 0x0A, 0x08, 0x3D, 0x3D, 0x5E, 0x0E, 0x05, 0xEC, 0x5F, 0x00, 0x0C, 0xDA,
    0x5E, 0x06, 0x05, 0xEC, 0x5F, 0x00, 0x0D, 0x22, 0xA1, 0x3D, 0x53, 0xF0, 0x43, 0xDE, 0x6F, 0x08,
    0x43, 0xDE, 0xC8, 0x4C, 0x7F, 0x22, 0x7F, 0x20, 0xC8, 0x05, 0x7F, 0x22, 0x7F, 0x20, 0xC1, 0x0A,
    0xC9, 0x00, 0x61, 0x0C, 0x46, 0xF8, 0xC8, 0x02, 0x7F, 0x22, 0x20, 0xC8, 0xA9, 0xC0, 0x0A, 0x08,
    0x20, 0x20, 0xE6, 0x06, 0x0A, 0x08, 0x0D, 0x0D, 0xE6, 0x03, 0x88, 0x89, 0x7F, 0x22, 0xE8, 0xF5,
    0xC8, 0x03, 0x7F, 0x22, 0xAC, 0x98, 0x7F, 0x22, 0x7F, 0x20, 0xA2, 0xB7, 0x0A, 0x0B, 0x06, 0x06,
    0xE6, 0x07, 0x0A, 0x0B, 0x18, 0x18, 0x5E, 0x06, 0x2B, 0x0E, 0xF1, 0x1E, 0x5E, 0x08, 0x2B, 0x0E,
    0x21, 0x04, 0x41, 0x30, 0x21, 0x02, 0x41, 0x32, 0x21, 0x01, 0x00, 0x3F, 0x0D, 0x45, 0x00, 0x00,
    0xBB, 0x41, 0x01, 0x20, 0x21, 0x01, 0x00, 0x00, 0x4C, 0x15, 0x41, 0x30, 0xD6, 0xD6, 0xA9, 0x10,
    0x4C, 0x15, 0x41, 0x30, 0x07, 0x07, 0x21, 0x01, 0x00, 0x0C, 0x4C, 0x15, 0x41, 0x30, 0x80, 0x80,
    0x21, 0x01, 0x00, 0x0F, 0xA1, 0xD5, 0x6E, 0x1D, 0x41, 0x30, 0xA9, 0x10, 0x6E, 0x15, 0x41, 0x30,
    0x21, 0x01, 0x00, 0x14, 0xA1, 0xA5, 0x6E, 0x1D, 0x41, 0x30, 0xA9, 0x10, 0x6E, 0x15, 0x41, 0x30,
    0x21, 0x01, 0x00, 0x28, 0xA1, 0x95, 0x6E, 0x1D, 0x41, 0x30, 0xA9, 0x10, 0x6E, 0x15, 0x41, 0x30,
    0x21, 0x01, 0x00, 0x2A, 0xA1, 0xB5, 0x6E, 0x1D, 0x41, 0x30, 0xA9, 0x10, 0x6E, 0x15, 0x41, 0x30,
    0x21, 0x01, 0x00, 0x7A, 0xA1, 0x95, 0x6E, 0x1D, 0x41, 0x30, 0xA9, 0x10, 0x6E, 0x15, 0x41, 0x30,
    0x21, 0x01, 0x00, 0x7C, 0xA1, 0x95, 0x81, 0xB5, 0xAB, 0x50, 0x6E, 0x1D, 0x41, 0x30, 0xA9, 0x10,
    0x6E, 0x15, 0x41, 0x30, 0x21, 0x01, 0x00, 0x7E, 0x4C, 0x15, 0x41, 0x30, 0x80, 0x80, 0xA9, 0x10,
    0x4C, 0x15, 0x41, 0x30, 0x00, 0x00, 0x21, 0x0C, 0x41, 0x30, 0x21, 0x0D, 0x00, 0x80, 0xC1, 0x0A,
    0xC9, 0x00, 0xA1, 0xC8, 0xA1, 0xDA, 0xC8, 0x02, 0x7F, 0x22, 0x21, 0x02, 0x00, 0x40, 0x83, 0x2D,
    0xEF, 0x03, 0xA1, 0xA2, 0x21, 0x0D, 0x00, 0x00, 0xA0, 0x28, 0x7F, 0x22, 0xA0, 0xA8, 0x7F, 0x22,
    0x20, 0xC8, 0x88, 0x89, 0x7F, 0x22, 0xA9, 0xC0, 0xF2, 0x85, 0xC8, 0x03, 0x7F, 0x22, 0xA0, 0x98,
    0x7F, 0x22, 0x7F, 0x20, 0x0A, 0x0B, 0x06, 0x06, 0xEE, 0x03, 0x8D, 0xD4, 0xE6, 0x09, 0xE8, 0xDF,
    0x0A, 0x0B, 0x18, 0x18, 0xE6, 0x34, 0xAA, 0x10, 0xE6, 0x32, 0xA1, 0x8C, 0xA1, 0xAD, 0xE8, 0xD8,
    0xC1, 0x0A, 0xC9, 0x00, 0xA1, 0x98, 0xA1, 0xBA, 0xC8, 0x02, 0x7F, 0x22, 0x21, 0x02, 0x00, 0x40,
    0x83, 0x2B, 0xEF, 0x03, 0xA1, 0xA2, 0x21, 0x0B, 0x00, 0x00, 0xA0, 0x28, 0x7F, 0x22, 0xA0, 0xA8,
    0x7F, 0x22, 0x93, 0xF8, 0x61, 0x08, 0x43, 0xDE, 0x7F, 0x01, 0x20, 0x88, 0x7F, 0x02, 0x97, 0xF8,
    0x88, 0x89, 0x7F, 0x22, 0xA9, 0x90, 0xF2, 0x8B, 0xC8, 0x03, 0x7F, 0x22, 0xA0, 0x98, 0x7F, 0x22,
    0x7F, 0x20, 0x0A, 0x0B, 0x06, 0x06, 0xEE, 0x03, 0x8D, 0xB4, 0xE6, 0x0C, 0xE8, 0xD9, 0x0A, 0x0B,
    0x18, 0x18, 0xE6, 0x05, 0xAA, 0x10, 0xE6, 0x03, 0xA1, 0x89, 0xA1, 0xAB, 0xE8, 0xD2, 0x21, 0x02,
    0x26, 0x6E, 0x7F, 0x0C, 0xC8, 0x18, 0x7F, 0x22, 0x7F, 0x20, 0x57, 0xF0, 0x43, 0xDE, 0x9E, 0x08,
    0x4C, 0x04, 0x40, 0xAC, 0x5E, 0x06, 0x05, 0xEC, 0xC8, 0x51, 0xC0, 0x1E, 0x5F, 0x00, 0x0A, 0xB8,
    0x7F, 0x20, 0x9E, 0x08, 0x4C, 0x04, 0x40, 0xAC, 0x5E, 0x06, 0x05, 0xEC, 0xC8, 0x52, 0xC0, 0x1E,
    0x5F, 0x00, 0x0A, 0xB8, 0x7F, 0x20, 0x9E, 0x08, 0x4C, 0x01, 0x40, 0xAC, 0x02, 0x02, 0x21, 0x02,
    0x00, 0x01, 0x9E, 0x0E, 0x4D, 0x08, 0x46, 0xFA, 0x4D, 0x08, 0x46, 0xFC, 0x4D, 0x08, 0x46, 0xFE,
    0x0B, 0x07, 0x00, 0x01, 0xE6, 0x15, 0x0B, 0x07, 0x00, 0x02, 0xE6, 0x37, 0x0B, 0x07, 0x00, 0x03,
    0xE6, 0x03, 0x21, 0x02, 0x00, 0x02, 0x9E, 0x08, 0xC8, 0x46, 0x7F, 0x22, 0xA0, 0xE8, 0x7F, 0x22,
    0x7F, 0x20, 0x0A, 0x0B, 0x06, 0x06, 0x21, 0x02, 0x00, 0x00, 0x9E, 0x06, 0xA0, 0xBA, 0x9E, 0x08,
    0xC8, 0x52, 0x7F, 0x22, 0xA0, 0xE8, 0x5F, 0x00, 0x0A, 0xAE, 0xA0, 0x58, 0x5F, 0x00, 0x0A, 0xAE,
    0xA0, 0xD8, 0x5F, 0x00, 0x0A, 0xAE, 0xA1, 0xA0, 0xA0, 0x08, 0x5F, 0x00, 0x0A, 0xAE, 0xA1, 0xA0,
    0x5F, 0x00, 0x0A, 0xAE, 0x7F, 0x20, 0x0A, 0x0B, 0x06, 0x06, 0xA0, 0xBA, 0xC2, 0x00, 0x9E, 0x0E,
    0x5F, 0x00, 0x0A, 0x84, 0x7F, 0x01, 0x2E, 0x88, 0x7F, 0x02, 0xA9, 0x90, 0xFA, 0x87, 0xC8, 0x06,
    0x5F, 0x00, 0x0A, 0xAE, 0x21, 0x02, 0x00, 0x00, 0x9E, 0x08, 0xC8, 0x57, 0x7F, 0x22, 0xA0, 0xE8,
    0x5F, 0x00, 0x0A, 0xAE, 0xA0, 0x58, 0x5F, 0x00, 0x0A, 0xAE, 0xA0, 0xD8, 0x5F, 0x00, 0x0A, 0xAE,
    0xA1, 0xA0, 0xA0, 0x08, 0x5F, 0x00, 0x0A, 0xAE, 0xA1, 0xA0, 0x5F, 0x00, 0x0A, 0xAE, 0x7F, 0x01,
    0x20, 0x88, 0x7F, 0x02, 0x5F, 0x00, 0x0A, 0xAE, 0xA9, 0x90, 0xFA, 0x87, 0x7F, 0x20, 0x0A, 0x0B,
    0x06, 0x06, 0x21, 0x02, 0x00, 0x00, 0x9E, 0x06, 0xA0, 0xBA, 0x9E, 0x08, 0x64, 0x00, 0x43, 0xF0,
    0x5F, 0x00, 0x0C, 0xCC, 0x5E, 0x06, 0x05, 0xEC, 0x61, 0x02, 0x43, 0x9C, 0xAB, 0x20, 0x76, 0x22,
    0x40, 0xB0, 0x6F, 0x02, 0x46, 0xF8, 0x53, 0xF0, 0x43, 0xDE, 0x5F, 0x00, 0x0C, 0xCC, 0x5F, 0x00,
    0x0C, 0xE6, 0x6F, 0x02, 0x43, 0xDE, 0xC8, 0x01, 0x7F, 0x06, 0xC8, 0x1B, 0x7F, 0x06, 0xC8, 0x53,
    0x7F, 0x06, 0x7F, 0x04, 0xC8, 0x05, 0x7F, 0x06, 0x7F, 0x04, 0xC1, 0x0A, 0xC9, 0x00, 0x61, 0x08,
    0x46, 0xF8, 0xC8, 0x02, 0x7F, 0x06, 0x20, 0x88, 0xA9, 0x80, 0x0A, 0x08, 0x20, 0x20, 0xE6, 0x06,
    0x0A, 0x08, 0x0D, 0x0D, 0xE6, 0x03, 0x88, 0x89, 0x7F, 0x06, 0xE8, 0xF5, 0xC8, 0x03, 0x7F, 0x06,
    0xAC, 0x98, 0x7F, 0x06, 0x7F, 0x04, 0xA2, 0xB7, 0x0A, 0x0B, 0x06, 0x06, 0xE6, 0x07, 0x0A, 0x0B,
    0x18, 0x18, 0x5E, 0x06, 0x2D, 0xA2, 0xF1, 0x1E, 0x5E, 0x08, 0x2D, 0xA2, 0x21, 0x09, 0x40, 0xB0,
    0x21, 0x0B, 0x00, 0x80, 0xC1, 0x0A, 0xC9, 0x00, 0xA1, 0x98, 0xA1, 0xBA, 0x7F, 0x04, 0xA2, 0xB7,
    0x0A, 0x0B, 0x04, 0x04, 0xEE, 0x02, 0x7F, 0x04, 0xE8, 0x7A, 0x0A, 0x0B, 0x18, 0x18, 0xE6, 0x71,
    0x0A, 0x0B, 0x02, 0x02, 0xEE, 0x0C, 0x7F, 0x04, 0xA0, 0xB2, 0x7F, 0x04, 0xA0, 0xBA, 0x7F, 0x04,
    0x8D, 0xB4, 0xE6, 0x03, 0x2E, 0x9B, 0xA9, 0x90, 0xAB, 0xB0, 0x88, 0xB9, 0xF2, 0x88, 0x7F, 0x04,
    0xA2, 0xB7, 0x0A, 0x0B, 0x03, 0x03, 0xEE, 0xFB, 0x7F, 0x04, 0x8A, 0x9B, 0xEE, 0x05, 0x8D, 0xB4,
    0xE6, 0x0A, 0xC8, 0x06, 0x7F, 0x06, 0xE8, 0xD6, 0xAA, 0x10, 0xE6, 0x53, 0xA1, 0x89, 0xA1, 0xAB,
    0xC8, 0x15, 0x7F, 0x06, 0xE8, 0xD0, 0x21, 0x01, 0x00, 0x28, 0x61, 0x15, 0x40, 0xB0, 0xAC, 0xD5,
    0x61, 0x00, 0x43, 0xDE, 0xA3, 0x0F, 0x8D, 0x04, 0xEE, 0x06, 0x0B, 0x05, 0x80, 0x00, 0xEF, 0x03,
    0x21, 0x02, 0x26, 0x54, 0xE8, 0x40, 0xC8, 0x06, 0x7F, 0x06, 0xA1, 0x59, 0xC1, 0x0A, 0xC9, 0x00,
    0xA1, 0x98, 0x7F, 0x04, 0xA2, 0xB7, 0x0A, 0x0B, 0x04, 0x04, 0xEE, 0x02, 0x7F, 0x04, 0xE8, 0x26,
    0x0A, 0x0B, 0x18, 0x18, 0xE6, 0x2E, 0x0A, 0x0B, 0x02, 0x02, 0xEE, 0x0F, 0x7F, 0x04, 0xA0, 0xB2,
    0x7F, 0x04, 0xA0, 0xBA, 0x7F, 0x04, 0x93, 0xF8, 0x61, 0x08, 0x43, 0xDE, 0x7F, 0x01, 0x2E, 0x8B,
    0x7F, 0x02, 0x97, 0xF8, 0xA9, 0x90, 0x88, 0xB9, 0xF2, 0x8B, 0x7F, 0x04, 0xA2, 0xB7, 0x0A, 0x0B,
    0x03, 0x03, 0xEE, 0xFB, 0x7F, 0x04, 0x8A, 0x9B, 0xEE, 0x03, 0xC8, 0x06, 0x7F, 0x06, 0xE8, 0xD6,
    0xAA, 0x10, 0xE6, 0x0F, 0xA1, 0x89, 0xC8, 0x15, 0x7F, 0x06, 0xE8, 0xD1, 0x21, 0x02, 0x26, 0x76,
    0x7F, 0x0C, 0x21, 0x01, 0x00, 0x14, 0x61, 0x15, 0x40, 0xB0, 0xAC, 0xD5, 0x7F, 0x0E, 0x7F, 0x10,
    0xE8, 0x06, 0x21, 0x02, 0x26, 0x6E, 0x7F, 0x0C, 0xC8, 0x18, 0x7F, 0x06, 0x7F, 0x04, 0x62, 0x00,
    0x43, 0xF0, 0x57, 0xF0, 0x43, 0xDE, 0x9E, 0x08, 0x64, 0x00, 0x43, 0xF0, 0x5F, 0x00, 0x0C, 0xCC,
    0x5E, 0x06, 0x05, 0xEC, 0x61, 0x02, 0x43, 0x9C, 0xAB, 0x20, 0x76, 0x22, 0x40, 0xB0, 0x6F, 0x02,
    0x46, 0xF8, 0x5F, 0x00, 0x0C, 0xCC, 0x5E, 0x06, 0x05, 0xEC, 0x5F, 0x00, 0x0D, 0x46, 0x94, 0x28,
    0x5E, 0x06, 0x05, 0xEC, 0x5F, 0x00, 0x0D, 0x46, 0x8C, 0x01, 0x83, 0x93, 0x5E, 0x07, 0x05, 0xEC,
    0xA9, 0x30, 0xA1, 0x3B, 0xA1, 0x9A, 0x21, 0x0D, 0x01, 0x00, 0xA6, 0x06, 0xEE, 0x28, 0x0A, 0x08,
    0x45, 0x45, 0xEE, 0x0E, 0x5F, 0x00, 0x0C, 0xB6, 0x0A, 0x08, 0x3D, 0x3D, 0x5E, 0x0E, 0x05, 0xEC,
    0x5F, 0x00, 0x0C, 0xDA, 0x5E, 0x06, 0x05, 0xEC, 0x5F, 0x00, 0x0D, 0x22, 0xA1, 0x3A, 0xE6, 0x17,
    0x0A, 0x08, 0x52, 0x52, 0x5E, 0x0E, 0x05, 0xEC, 0x5F, 0x00, 0x0C, 0xB6, 0x0A, 0x08, 0x4C, 0x4C,
    0x5E, 0x0E, 0x05, 0xEC, 0x5F, 0x00, 0x0C, 0xB6, 0x0A, 0x08, 0x3D, 0x3D, 0x5E, 0x0E, 0x05, 0xEC,
    0x5F, 0x00, 0x0C, 0xDA, 0x5E, 0x06, 0x05, 0xEC, 0x5F, 0x00, 0x0D, 0x22, 0xA1, 0x3D, 0x53, 0xF0,
    0x43, 0xDE, 0x6F, 0x08, 0x43, 0xDE, 0xC8, 0x01, 0x7F, 0x06, 0xC8, 0x1B, 0x7F, 0x06, 0xC8, 0x4C,
    0x7F, 0x06, 0x7F, 0x04, 0xC8, 0x05, 0x7F, 0x06, 0x7F, 0x04, 0xC1, 0x0A, 0xC9, 0x00, 0x61, 0x0C,
    0x46, 0xF8, 0xC8, 0x02, 0x7F, 0x06, 0x20, 0xC8, 0xA9, 0xC0, 0x0A, 0x08, 0x20, 0x20, 0xE6, 0x06,
    0x0A, 0x08, 0x0D, 0x0D, 0xE6, 0x03, 0x88, 0x89, 0x7F, 0x06, 0xE8, 0xF5, 0xC8, 0x03, 0x7F, 0x06,
    0xAC, 0x98, 0x7F, 0x06, 0x7F, 0x04, 0xA2, 0xB7, 0x0A, 0x0B, 0x06, 0x06, 0xE6, 0x07, 0x0A, 0x0B,
    0x18, 0x18, 0x5E, 0x06, 0x30, 0x0A, 0xF1, 0x1E, 0x5E, 0x08, 0x30, 0x0A, 0x21, 0x04, 0x41, 0x30,
    0x21, 0x02, 0x41, 0x32, 0x21, 0x01, 0x00, 0x3F, 0x0D, 0x45, 0x00, 0x00, 0xBB, 0x41, 0x01, 0x20,
    0x21, 0x01, 0x00, 0x00, 0x4C, 0x15, 0x41, 0x30, 0xD6, 0xD6, 0xA9, 0x10, 0x4C, 0x15, 0x41, 0x30,
    0x07, 0x07, 0x21, 0x01, 0x00, 0x0C, 0x4C, 0x15, 0x41, 0x30, 0x80, 0x80, 0x21, 0x01, 0x00, 0x0F,
    0xA1, 0xD5, 0x6E, 0x1D, 0x41, 0x30, 0xA9, 0x10, 0x6E, 0x15, 0x41, 0x30, 0x21, 0x01, 0x00, 0x14,
    0xA1, 0xA5, 0x6E, 0x1D, 0x41, 0x30, 0xA9, 0x10, 0x6E, 0x15, 0x41, 0x30, 0x21, 0x01, 0x00, 0x28,
    0xA1, 0x95, 0x6E, 0x1D, 0x41, 0x30, 0xA9, 0x10, 0x6E, 0x15, 0x41, 0x30, 0x21, 0x01, 0x00, 0x2A,
    0xA1, 0xB5, 0x6E, 0x1D, 0x41, 0x30, 0xA9, 0x10, 0x6E, 0x15, 0x41, 0x30, 0x21, 0x01, 0x00, 0x7A,
    0xA1, 0x95, 0x6E, 0x1D, 0x41, 0x30, 0xA9, 0x10, 0x6E, 0x15, 0x41, 0x30, 0x21, 0x01, 0x00, 0x7C,
    0xA1, 0x95, 0x81, 0xB5, 0xAB, 0x50, 0x6E, 0x1D, 0x41, 0x30, 0xA9, 0x10, 0x6E, 0x15, 0x41, 0x30,
    0x21, 0x01, 0x00, 0x7E, 0x4C, 0x15, 0x41, 0x30, 0x80, 0x80, 0xA9, 0x10, 0x4C, 0x15, 0x41, 0x30,
    0x00, 0x00, 0x21, 0x0C, 0x41, 0x30, 0x21, 0x0D, 0x00, 0x80, 0xC1, 0x0A, 0xC9, 0x00, 0xA1, 0xC8,
    0xA1, 0xDA, 0xC8, 0x02, 0x7F, 0x06, 0x21, 0x02, 0x00, 0x40, 0x83, 0x2D, 0xEF, 0x03, 0xA1, 0xA2,
    0x21, 0x0D, 0x00, 0x00, 0xA0, 0x28, 0x7F, 0x06, 0xA0, 0xA8, 0x7F, 0x06, 0x20, 0xC8, 0x88, 0x89,
    0x7F, 0x06, 0xA9, 0xC0, 0xF2, 0x85, 0xC8, 0x03, 0x7F, 0x06, 0xA0, 0x98, 0x7F, 0x06, 0x7F, 0x04,
    0x0A, 0x0B, 0x06, 0x06, 0xEE, 0x03, 0x8D, 0xD4, 0xE6, 0x09, 0xE8, 0xDF, 0x0A, 0x0B, 0x18, 0x18,
    0xE6, 0x34, 0xAA, 0x10, 0xE6, 0x32, 0xA1, 0x8C, 0xA1, 0xAD, 0xE8, 0xD8, 0xC1, 0x0A, 0xC9, 0x00,
    0xA1, 0x98, 0xA1, 0xBA, 0xC8, 0x02, 0x7F, 0x06, 0x21, 0x02, 0x00, 0x40, 0x83, 0x2B, 0xEF, 0x03,
    0xA1, 0xA2, 0x21, 0x0B, 0x00, 0x00, 0xA0, 0x28, 0x7F, 0x06, 0xA0, 0xA8, 0x7F, 0x06, 0x93, 0xF8,
    0x61, 0x08, 0x43, 0xDE, 0x7F, 0x01, 0x20, 0x88, 0x7F, 0x02, 0x97, 0xF8, 0x88, 0x89, 0x7F, 0x06,
    0xA9, 0x90, 0xF2, 0x8B, 0xC8, 0x03, 0x7F, 0x06, 0xA0, 0x98, 0x7F, 0x06, 0x7F, 0x04, 0x0A, 0x0B,
    0x06, 0x06, 0xEE, 0x03, 0x8D, 0xB4, 0xE6, 0x0C, 0xE8, 0xD9, 0x0A, 0x0B, 0x18, 0x18, 0xE6, 0x05,
    0xAA, 0x10, 0xE6, 0x03, 0xA1, 0x89, 0xA1, 0xAB, 0xE8, 0xD2, 0x21, 0x02, 0x26, 0x6E, 0x7F, 0x0C,
    0xC8, 0x18, 0x7F, 0x06, 0x7F, 0x04, 0x62, 0x00, 0x43, 0xF0, 0x57, 0xF0, 0x43, 0xDE, 0x9E, 0x08,
    0xC8, 0x01, 0x7F, 0x06, 0xC8, 0x1B, 0x7F, 0x06, 0xC8, 0x51, 0x7F, 0x06, 0x7F, 0x04, 0x9E, 0x08,
    0x4D, 0x08, 0x43, 0xA6, 0x4D, 0x08, 0x43, 0xA8, 0x64, 0x00, 0x43, 0xF0, 0x4C, 0x04, 0x43, 0xA0,
    0xE6, 0x0C, 0x61, 0x00, 0x43, 0xA4, 0x5F, 0x00, 0x09, 0xFA, 0x6F, 0x00, 0x43, 0xA4, 0x60, 0x28,
    0x41, 0xB0, 0x6A, 0x00, 0x43, 0xA0, 0xDF, 0x56, 0xEE, 0xF1, 0x61, 0x00, 0x43, 0xA8, 0x4B, 0x00,
    0x43, 0xA6, 0xE6, 0xEC, 0xDF, 0x64, 0x6F, 0x00, 0x43, 0xA8, 0x60, 0x28, 0x42, 0xB0, 0x5F, 0x00,
    0x0A, 0x26, 0xE8, 0xF3, 0xDF, 0x3E, 0x53, 0xF0, 0x43, 0xDE, 0x5F, 0x00, 0x0C, 0xCC, 0x5F, 0x00,
    0x0C, 0xE6, 0x6F, 0x02, 0x43, 0xDE, 0x64, 0x04, 0x43, 0xF0, 0xDF, 0x01, 0xE6, 0x4A, 0xDE, 0xB0,
    0x21, 0x02, 0x40, 0xB0, 0x20, 0x28, 0x0A, 0x08, 0x2F, 0x2F, 0xEE, 0x0C, 0x21, 0x04, 0x41, 0x30,
    0x21, 0x01, 0x00, 0x7F, 0xBB, 0x21, 0x01, 0x40, 0x4D, 0x05, 0x43, 0x9E, 0x00, 0x7F, 0x5F, 0x00,
    0x0C, 0x0A, 0xE8, 0x37, 0x66, 0x05, 0x43, 0xF0, 0xEE, 0x2F, 0xDF, 0x5B, 0xEF, 0x02, 0xDE, 0xAE,
    0xE8, 0xE6, 0xC8, 0x2E, 0x5F, 0x00, 0x0A, 0x26, 0x8C, 0x34, 0xEE, 0x15, 0xDE, 0xB1, 0x5F, 0x00,
    0x0B, 0xBE, 0x54, 0x00, 0x40, 0xB0, 0x5D, 0x00, 0x41, 0x3C, 0x21, 0x04, 0x31, 0x4E, 0x21, 0x02,
    0x41, 0x30, 0x21, 0x01, 0x00, 0x06, 0xBB, 0x41, 0x01, 0x20, 0x4D, 0x05, 0x43, 0x9E, 0x00, 0x10,
    0x5F, 0x00, 0x0B, 0xF8, 0xE8, 0x16, 0xDF, 0x3D, 0x93, 0xF4, 0x61, 0x04, 0x43, 0xDE, 0xA3, 0x4F,
    0x8D, 0x44, 0x97, 0xF4, 0xEE, 0x06, 0x0B, 0x04, 0x80, 0x00, 0xEF, 0x03, 0x21, 0x02, 0x31, 0x28,
    0xE8, 0x05, 0xDE, 0xD4, 0xDF, 0x5C, 0xE8, 0xBB, 0x21, 0x02, 0x31, 0x44, 0x5F, 0x00, 0x0B, 0xDE,
    0xDE, 0xDD, 0x57, 0xF0, 0x43, 0xDE, 0x9E, 0x08, 0x00, 0x19, 0x2F, 0x49, 0x4E, 0x43, 0x4F, 0x52,
    0x52, 0x45, 0x43, 0x54, 0x20, 0x4C, 0x4F, 0x41, 0x44, 0x20, 0x41, 0x44, 0x44, 0x52, 0x45, 0x53,
    0x53, 0x20, 0x0D, 0x00, 0x00, 0x07, 0x2F, 0x41, 0x42, 0x4F, 0x52, 0x54, 0x0D, 0x00, 0x45, 0x4E,
    0x54, 0x52, 0x59, 0x20, 0x50, 0x4F, 0x49, 0x4E, 0x54, 0x20, 0x93, 0xF0, 0x93, 0xF1, 0x93, 0xF2,
    0x3A, 0x94, 0xFF, 0x81, 0x66, 0x00, 0x43, 0xF0, 0xEE, 0x01, 0xA2, 0x97, 0x61, 0x00, 0x43, 0xA6,
    0xDF, 0xEA, 0x6F, 0x00, 0x43, 0xA6, 0x6E, 0x29, 0x42, 0xB0, 0xC9, 0x38, 0x3A, 0x96, 0xFF, 0x85,
    0x97, 0xF2, 0x97, 0xF1, 0x97, 0xF0, 0x7F, 0x01, 0x7B, 0x00, 0x93, 0xF1, 0xC9, 0x30, 0x3A, 0x96,
    0xFF, 0x85, 0xC9, 0x38, 0x3A, 0x96, 0xFF, 0x85, 0x97, 0xF1, 0x7F, 0x01, 0x7B, 0x00, 0xA1, 0x02,
    0xA9, 0x00, 0x0B, 0x00, 0x00, 0xE8, 0x9E, 0x07, 0x8D, 0x08, 0x9E, 0x08, 0x3A, 0x04, 0xFF, 0x85,
    0xA6, 0x02, 0xE6, 0xFC, 0x3A, 0x86, 0xFF, 0x81, 0x0A, 0x08, 0x0D, 0x0D, 0x9E, 0x08, 0x61, 0x02,
    0x43, 0x9E, 0x4C, 0x25, 0x41, 0x30, 0x0D, 0x0D, 0x69, 0x00, 0x43, 0x9E, 0x8D, 0x18, 0x60, 0x18,
    0x41, 0x30, 0xA9, 0x10, 0xD0, 0x15, 0xE6, 0x03, 0x4B, 0x01, 0x43, 0x9E, 0xE7, 0xF8, 0x4D, 0x08,
    0x43, 0x9E, 0x21, 0x01, 0x00, 0x3F, 0x4D, 0x05, 0x41, 0x30, 0x20, 0x20, 0x21, 0x04, 0x41, 0x30,
    0x21, 0x02, 0x41, 0x32, 0xBB, 0x41, 0x01, 0x20, 0x9E, 0x08, 0x4D, 0x08, 0x43, 0xA6, 0x4D, 0x08,
    0x43, 0xA8, 0x5F, 0x00, 0x0C, 0xCC, 0x8D, 0x28, 0xC3, 0x03, 0xDF, 0xF7, 0x9E, 0x07, 0x6E, 0x0B,
    0x40, 0xAF, 0x8C, 0x34, 0x9E, 0x06, 0x93, 0xF3, 0xDF, 0xFE, 0x97, 0xF3, 0x9E, 0x08, 0x8C, 0xB8,
    0xDF, 0xF5, 0x9E, 0x07, 0xF3, 0x03, 0xA0, 0x83, 0x93, 0xF3, 0xDF, 0xFA, 0x97, 0xF3, 0x9E, 0x07,
    0x8A, 0xB8, 0x9E, 0x06, 0x8D, 0x81, 0x9E, 0x08, 0x60, 0x28, 0x40, 0xB0, 0xA9, 0x20, 0x5F, 0x00,
    0x0C, 0x48, 0x9E, 0x07, 0x80, 0x8B, 0xB3, 0x09, 0x00, 0x0C, 0x60, 0x28, 0x40, 0xB0, 0xA9, 0x20,
    0x5F, 0x00, 0x0C, 0x48, 0x9E, 0x07, 0x80, 0x8B, 0x84, 0x08, 0x8D, 0x83, 0x9E, 0x08, 0xA0, 0x39,
    0xDF, 0xF2, 0x21, 0x02, 0x00, 0x08, 0xD0, 0x18, 0x93, 0xF4, 0xA1, 0x45, 0x61, 0x04, 0x43, 0xDE,
    0x7F, 0x01, 0x2E, 0x48, 0x7F, 0x02, 0x97, 0xF4, 0xA9, 0x40, 0xF9, 0x0B, 0x9E, 0x08, 0x8D, 0x28,
    0xD0, 0x25, 0xA0, 0x84, 0xD0, 0x27, 0xA0, 0x8C, 0x9E, 0x08, 0x66, 0x05, 0x43, 0xF0, 0xE6, 0x02,
    0x8D, 0x41, 0x9E, 0x08, 0x21, 0x04, 0x41, 0x30, 0x21, 0x02, 0x40, 0xB0, 0x21, 0x01, 0x00, 0x40,
    0xBB, 0x21, 0x01, 0x40, 0x4D, 0x05, 0x43, 0x9E, 0x00, 0x80, 0xD0, 0x70, 0xDF, 0xE7, 0xDF, 0xC9,
    0x0A, 0x09, 0x4C, 0x4C, 0xE6, 0x01, 0xE8, 0x02, 0xDF, 0xED, 0xDF, 0xCF, 0x0A, 0x09, 0x39, 0x39,
    0xE6, 0x0D, 0x0A, 0x09, 0x30, 0x30, 0xE6, 0x0A, 0x0A, 0x09, 0x37, 0x37, 0xE6, 0x07, 0xDF, 0xE4,
    0x5F, 0x00, 0x0A, 0x26, 0x0A, 0x08, 0x0A, 0x0A, 0x9E, 0x06, 0xE8, 0xF9, 0x8D, 0x43, 0x9E, 0x08,
    0xDF, 0xED, 0x0A, 0x08, 0x0D, 0x0D, 0xEE, 0xFC, 0x21, 0x01, 0x02, 0x00, 0x61, 0x00, 0x43, 0xA8,
    0x4B, 0x00, 0x43, 0xA6, 0xEE, 0x03, 0xAB, 0x10, 0xEE, 0xF9, 0x9E, 0x08, 0xDF, 0xF0, 0x0A, 0x09,
    0x20, 0x20, 0x9E, 0x0D, 0xDF, 0xFF, 0xE8, 0xF0, 0x61, 0x00, 0x43, 0xA8, 0x4B, 0x00, 0x43, 0xA6,
    0xE6, 0xFB, 0xD0, 0xBB, 0x6F, 0x00, 0x43, 0xA8, 0x60, 0x28, 0x42, 0xB0, 0x9E, 0x08, 0x61, 0x00,
    0x43, 0xA8, 0x4B, 0x00, 0x43, 0xA6, 0xE6, 0xFB, 0xD0, 0xC6, 0x60, 0x29, 0x42, 0xB0, 0x9E, 0x08,
    0xD0, 0x15, 0x0A, 0x08, 0x2F, 0x2F, 0xEE, 0xFC, 0x8D, 0x48, 0xCB, 0x50, 0xD0, 0x1B, 0x6E, 0x48,
    0x40, 0xB0, 0x0A, 0x08, 0x0D, 0x0D, 0xEE, 0x02, 0xD0, 0x31, 0x9E, 0x08, 0x0A, 0x08, 0x20, 0x20,
    0xE7, 0xF5, 0xA9, 0x40, 0xFB, 0x0D, 0xD0, 0x28, 0x0A, 0x08, 0x0D, 0x0D, 0xEE, 0xFC, 0x6E, 0x08,
    0x41, 0x00, 0x9E, 0x08, 0xC8, 0x37, 0xE8, 0x03, 0xC8, 0x39, 0xE8, 0x01, 0xC8, 0x30, 0x6E, 0x08,
    0x41, 0x30, 0x4D, 0x05, 0x43, 0x9E, 0x00, 0x01, 0xD0, 0xDE, 0xE8, 0xB2, 0x53, 0xF0, 0x43, 0xDE,
    0x83, 0x11, 0xA1, 0x1A, 0xA1, 0x15, 0xA1, 0x16, 0xA1, 0x1B, 0x6F, 0x01, 0x43, 0xA6, 0x6F, 0x01,
    0x43, 0xA8, 0x5F, 0x00, 0x0C, 0xCC, 0x5F, 0x00, 0x0C, 0xCC, 0x5F, 0x00, 0x0C, 0xE6, 0x6F, 0x02,
    0x43, 0xDE, 0xE6, 0x3A, 0xDF, 0x95, 0xE6, 0x38, 0xA1, 0x3A, 0xDF, 0x98, 0x0B, 0x03, 0x00, 0x00,
    0xE6, 0x33, 0xA1, 0x35, 0x0A, 0x08, 0x0D, 0x0D, 0xE6, 0x0D, 0xA2, 0x85, 0x0A, 0x08, 0x45, 0x45,
    0xEE, 0x2B, 0x5F, 0x00, 0x0C, 0xB6, 0x0A, 0x08, 0x3D, 0x3D, 0xEE, 0x26, 0x5F, 0x00, 0x0C, 0xB6,
    0xDF, 0xAB, 0xA1, 0x3B, 0x21, 0x04, 0x41, 0x30, 0x21, 0x02, 0x40, 0xB0, 0x21, 0x01, 0x00, 0x40,
    0xBB, 0x21, 0x01, 0x40, 0x4D, 0x05, 0x43, 0x9E, 0x00, 0x80, 0xD1, 0x10, 0xD0, 0x5B, 0xD0, 0x5C,
    0x21, 0x02, 0x40, 0xB0, 0x20, 0x28, 0x0A, 0x08, 0x30, 0x30, 0xE6, 0x13, 0x0A, 0x08, 0x37, 0x37,
    0xE6, 0x1B, 0x0A, 0x08, 0x39, 0x39, 0xE6, 0x01, 0xDF, 0x8F, 0x21, 0x02, 0x34, 0xDE, 0x5F, 0x00,
    0x0B, 0xDE, 0x57, 0xF0, 0x43, 0xDE, 0x9E, 0x08, 0x5E, 0x08, 0x05, 0xEC, 0x5F, 0x00, 0x0B, 0xBE,
    0xE8, 0xF8, 0xA1, 0x52, 0x8D, 0x24, 0xE6, 0xFA, 0xC8, 0x2E, 0x5F, 0x00, 0x0A, 0x26, 0x83, 0x62,
    0xA1, 0x25, 0xA1, 0xA2, 0x81, 0x62, 0xA1, 0x2A, 0xA1, 0x57, 0x8D, 0x74, 0xE6, 0x19, 0x03, 0x07,
    0x00, 0x1E, 0xEF, 0x03, 0x01, 0x07, 0x00, 0x1E, 0xE8, 0x02, 0x21, 0x07, 0x00, 0x1E, 0xA1, 0x76,
    0xDF, 0xD4, 0x61, 0x08, 0x43, 0xDE, 0xA1, 0xA9, 0xCC, 0x00, 0x7F, 0x01, 0x20, 0x8B, 0x7F, 0x02,
    0xDF, 0xD0, 0xA9, 0x90, 0xFF, 0x06, 0xA0, 0xCB, 0xDF, 0xD4, 0xC8, 0x0D, 0xD1, 0x61, 0xE8, 0xBE,
    0xA1, 0xB2, 0xA1, 0x2A, 0x21, 0x06, 0x00, 0x00, 0xDF, 0xE8, 0xE8, 0xF7, 0xCC, 0x04, 0x83, 0x33,
    0x5F, 0x00, 0x0C, 0x48, 0xE7, 0x0D, 0xBE, 0xB8, 0xBE, 0x38, 0xAA, 0xC0, 0xA6, 0xC0, 0xEE, 0x04,
    0x0A, 0x0C, 0x02, 0x02, 0x5E, 0x0E, 0x0C, 0xCC, 0x5F, 0x00, 0x0C, 0xB6, 0x9E, 0x06, 0xE8, 0xF0,
    0x0A, 0x08, 0x20, 0x20, 0xEE, 0xB9, 0x5E, 0x08, 0x0C, 0xDA, 0xCC, 0x00, 0xC8, 0x2F, 0xD1, 0x82,
    0xA1, 0xA2, 0xA0, 0x2B, 0xDF, 0xFA, 0xA0, 0xAB, 0xDF, 0xFC, 0xA1, 0x62, 0xA0, 0xAB, 0xDF, 0xFF,
    0xA0, 0xCB, 0xC4, 0x02, 0xC8, 0x00, 0xBE, 0xB8, 0x80, 0x8C, 0x00, 0x08, 0x30, 0x30, 0x0A, 0x08,
    0x3A, 0x3A, 0xE7, 0x02, 0x00, 0x08, 0x07, 0x07, 0xD1, 0x97, 0xF4, 0x0C, 0x9E, 0x08, 0x00, 0x0B,
    0x53, 0x45, 0x4E, 0x44, 0x20, 0x41, 0x42, 0x4F, 0x52, 0x54, 0x0D, 0x00, 0x21, 0x04, 0x41, 0x30,
    0x21, 0x02, 0x40, 0xB0, 0x21, 0x01, 0x00, 0x7F, 0xBB, 0x21, 0x01, 0x40, 0x4D, 0x05, 0x43, 0x9E,
    0x00, 0x7F, 0x5E, 0x08, 0x0C, 0x0A, 0x00, 0x00, 0x00, 0x00, 0x00, 0x17, 0x42, 0x4F, 0x4F, 0x54,
    0x49, 0x4E, 0x47, 0x20, 0x46, 0x52, 0x4F, 0x4D, 0x20, 0x48, 0x41, 0x52, 0x44, 0x20, 0x44, 0x49,
    0x53, 0x4B, 0x0D, 0x00, 0x00, 0x14, 0x42, 0x4F, 0x4F, 0x54, 0x49, 0x4E, 0x47, 0x20, 0x46, 0x52,
    0x4F, 0x4D, 0x20, 0x46, 0x4C, 0x4F, 0x50, 0x50, 0x59, 0x0D, 0x00, 0x19, 0x42, 0x4F, 0x4F, 0x54,
    0x49, 0x4E, 0x47, 0x20, 0x46, 0x52, 0x4F, 0x4D, 0x20, 0x55, 0x44, 0x4F, 0x53, 0x20, 0x46, 0x4C,
    0x4F, 0x50, 0x50, 0x59, 0x0D, 0x00, 0x00, 0x0F, 0x42, 0x4F, 0x4F, 0x54, 0x49, 0x4E, 0x47, 0x20,
    0x52, 0x45, 0x4D, 0x4F, 0x54, 0x45, 0x0D, 0x62, 0x6F, 0x6F, 0x74, 0x30, 0x2E, 0x75, 0x64, 0x00,
    0x62, 0x6F, 0x6F, 0x74, 0x30, 0x2E, 0x72, 0x6D, 0x00, 0x00, 0x00, 0x06, 0x41, 0x42, 0x4F, 0x52,
    0x54, 0x0D, 0x5F, 0x00, 0x17, 0x32, 0xA1, 0x24, 0x8D, 0x24, 0xE6, 0x41, 0x4D, 0x05, 0x44, 0x2E,
    0x07, 0x40, 0x4D, 0x05, 0x43, 0xFE, 0x2A, 0x20, 0x7C, 0x05, 0x5E, 0x08, 0x04, 0x4C, 0x5F, 0x00,
    0x0C, 0xCC, 0x5E, 0x06, 0x05, 0xEC, 0x0A, 0x08, 0x44, 0x44, 0xE6, 0x0B, 0x0A, 0x08, 0x46, 0x46,
    0xE6, 0x0F, 0x0A, 0x08, 0x55, 0x55, 0xE6, 0x14, 0x0A, 0x08, 0x52, 0x52, 0xE6, 0x1C, 0x5E, 0x08,
    0x05, 0xEC, 0x21, 0x02, 0x35, 0x0A, 0x5F, 0x00, 0x0B, 0xDE, 0x21, 0x04, 0x00, 0x01, 0xE8, 0x1F,
    0x21, 0x02, 0x35, 0x24, 0x5F, 0x00, 0x0B, 0xDE, 0x21, 0x04, 0x00, 0x01, 0x5E, 0x08, 0x36, 0x68,
    0x21, 0x02, 0x35, 0x3A, 0x5F, 0x00, 0x0B, 0xDE, 0x54, 0x06, 0x35, 0x06, 0x61, 0x05, 0x40, 0xAA,
    0x21, 0x04, 0x00, 0x01, 0xE8, 0x6A, 0x21, 0x02, 0x35, 0x56, 0x5F, 0x00, 0x0B, 0xDE, 0x54, 0x06,
    0x35, 0x06, 0x61, 0x05, 0x40, 0xAA, 0x21, 0x04, 0x00, 0x01, 0x5E, 0x08, 0x37, 0x8A, 0x21, 0x00,
    0x40, 0x00, 0x7D, 0x0A, 0x93, 0xF4, 0x21, 0x07, 0x00, 0x01, 0x21, 0x06, 0x00, 0x00, 0x21, 0x08,
    0x80, 0x00, 0x21, 0x09, 0x80, 0x00, 0x14, 0x04, 0x00, 0x00, 0x00, 0x00, 0x21, 0x0A, 0x02, 0x00,
    0x7F, 0x1E, 0x54, 0x06, 0x35, 0x06, 0x61, 0x05, 0x40, 0xAA, 0x97, 0xF4, 0x8D, 0x24, 0x5E, 0x06,
    0x80, 0x00, 0x93, 0xF2, 0x21, 0x02, 0x36, 0x56, 0x7F, 0x0C, 0x97, 0xF5, 0x5F, 0x00, 0x0C, 0x78,
    0x7F, 0x10, 0x5E, 0x08, 0x04, 0x4C, 0x00, 0x10, 0x48, 0x41, 0x52, 0x44, 0x20, 0x44, 0x49, 0x53,
    0x4B, 0x20, 0x45, 0x52, 0x52, 0x4F, 0x52, 0x20, 0x4C, 0x01, 0x40, 0xAC, 0x02, 0x02, 0x5E, 0x0E,
    0x05, 0xEC, 0x21, 0x00, 0x40, 0x00, 0x7D, 0x0A, 0x93, 0xF4, 0x21, 0x07, 0x00, 0x01, 0x21, 0x06,
    0x00, 0x60, 0x21, 0x08, 0x80, 0x00, 0x21, 0x09, 0x80, 0x00, 0x14, 0x04, 0x00, 0x00, 0x00, 0x00,
    0x21, 0x0A, 0x02, 0x00, 0x7F, 0x24, 0x54, 0x06, 0x35, 0x06, 0x61, 0x05, 0x40, 0xAA, 0x97, 0xF4,
    0x8D, 0x24, 0x5E, 0x06, 0x80, 0x00, 0x93, 0xF2, 0x21, 0x02, 0x36, 0xBA, 0x7F, 0x0C, 0x97, 0xF5,
    0x5F, 0x00, 0x0C, 0x78, 0x7F, 0x10, 0x5E, 0x08, 0x04, 0x4C, 0x00, 0x0D, 0x46, 0x4C, 0x4F, 0x50,
    0x50, 0x59, 0x20, 0x45, 0x52, 0x52, 0x4F, 0x52, 0x20, 0x00, 0x4C, 0x01, 0x40, 0xAC, 0x02, 0x02,
    0x5E, 0x0E, 0x05, 0xEC, 0x4D, 0x08, 0x46, 0xFA, 0x4D, 0x08, 0x46, 0xFC, 0x4D, 0x08, 0x46, 0xFE,
    0xC8, 0x53, 0x7F, 0x22, 0x7F, 0x20, 0xC8, 0x01, 0x7F, 0x22, 0x7F, 0x20, 0xC1, 0x0A, 0xC9, 0x00,
    0x21, 0x08, 0x35, 0x67, 0xC8, 0x02, 0x7F, 0x22, 0x20, 0x88, 0xA9, 0x80, 0x0A, 0x08, 0x00, 0x00,
    0xE6, 0x03, 0x88, 0x89, 0x7F, 0x22, 0xE8, 0xF8, 0xC8, 0x03, 0x7F, 0x22, 0xAC, 0x98, 0x7F, 0x22,
    0x7F, 0x20, 0xA2, 0xB7, 0x0A, 0x0B, 0x06, 0x06, 0xE6, 0x0B, 0x0A, 0x0B, 0x18, 0x18, 0xE6, 0x01,
    0xF1, 0x1A, 0x21, 0x02, 0x35, 0x7A, 0x7F, 0x0C, 0xC8, 0x18, 0x7F, 0x22, 0x7F, 0x20, 0x9E, 0x08,
    0x21, 0x09, 0x80, 0x00, 0xC1, 0x0A, 0xC9, 0x00, 0xA1, 0x98, 0x7F, 0x20, 0xA2, 0xB7, 0x0A, 0x0B,
    0x04, 0x04, 0xEE, 0x03, 0x7F, 0x20, 0x5E, 0x08, 0x80, 0x00, 0x0A, 0x0B, 0x18, 0x18, 0xE6, 0xE9,
    0x0A, 0x0B, 0x02, 0x02, 0xEE, 0x09, 0x7F, 0x20, 0xA0, 0xB2, 0x7F, 0x20, 0xA0, 0xBA, 0x7F, 0x20,
    0x2E, 0x9B, 0xA9, 0x90, 0x88, 0xB9, 0xF2, 0x85, 0x7F, 0x20, 0xA2, 0xB7, 0x0A, 0x0B, 0x03, 0x03,
    0xEE, 0xFB, 0x7F, 0x20, 0x8A, 0x9B, 0xEE, 0x03, 0xC8, 0x06, 0x7F, 0x22, 0xE8, 0xDB, 0xAA, 0x10,
    0xE6, 0xD0, 0xA1, 0x89, 0xC8, 0x15, 0x7F, 0x22, 0xE8, 0xD6, 0x64, 0x00, 0x43, 0xF0, 0xBD, 0x01,
    0x7F, 0x06, 0xC8, 0x1B, 0x7F, 0x06, 0xC8, 0x53, 0x7F, 0x06, 0x7F, 0x04, 0xC8, 0x01, 0x7F, 0x06,
    0x7F, 0x04, 0xC1, 0x0A, 0xC9, 0x00, 0x21, 0x08, 0x35, 0x70, 0xC8, 0x02, 0x7F, 0x06, 0x20, 0x88,
    0xA9, 0x80, 0x0A, 0x08, 0x00, 0x00, 0xE6, 0x03, 0x88, 0x89, 0x7F, 0x06, 0xE8, 0xF8, 0xC8, 0x03,
    0x7F, 0x06, 0xAC, 0x98, 0x7F, 0x06, 0x7F, 0x04, 0xA2, 0xB7, 0x0A, 0x0B, 0x06, 0x06, 0xE6, 0x0D,
    0x0A, 0x0B, 0x18, 0x18, 0xE6, 0x01, 0xF1, 0x1A, 0x21, 0x02, 0x35, 0x7A, 0x7F, 0x0C, 0xC8, 0x18,
    0x7F, 0x06, 0x7F, 0x04, 0x62, 0x00, 0x43, 0xF0, 0x9E, 0x08, 0x21, 0x09, 0x80, 0x00, 0xC1, 0x0A,
    0xC9, 0x00, 0xA1, 0x98, 0x7F, 0x04, 0xA2, 0xB7, 0x0A, 0x0B, 0x04, 0x04, 0xEE, 0x05, 0x7F, 0x04,
    0x62, 0x00, 0x43, 0xF0, 0x5E, 0x08, 0x80, 0x00, 0x0A, 0x0B, 0x18, 0x18, 0xE6, 0xE5, 0x0A, 0x0B,
    0x02, 0x02, 0xEE, 0x09, 0x7F, 0x04, 0xA0, 0xB2, 0x7F, 0x04, 0xA0, 0xBA, 0x7F, 0x04, 0x2E, 0x9B,
    0xA9, 0x90, 0x88, 0xB9, 0xF2, 0x85, 0x7F, 0x04, 0xA2, 0xB7, 0x0A, 0x0B, 0x03, 0x03, 0xEE, 0xFB,
    0x7F, 0x04, 0x8A, 0x9B, 0xEE, 0x03, 0xC8, 0x06, 0x7F, 0x06, 0xE8, 0xD9, 0xAA, 0x10, 0xE6, 0xCC,
    0xA1, 0x89, 0xC8, 0x15, 0x7F, 0x06, 0xE8, 0xD4, 0x00, 0x00, 0x00, 0x00, 0x00, 0x00, 0x00, 0x00,
    0x00, 0x00, 0x00, 0x00, 0x00, 0x00, 0x00, 0x00, 0x00, 0x00, 0x00, 0x00, 0x00, 0x00, 0x00, 0x00,
    0x00, 0x00, 0x00, 0x00, 0x00, 0x00, 0x00, 0x00, 0x00, 0x00, 0x00, 0x00, 0x00, 0x00, 0x00, 0x00,
    0x00, 0x00, 0x00, 0x00, 0x00, 0x00, 0x00, 0x00, 0x00, 0x00, 0x00, 0x00, 0x00, 0x00, 0x00, 0x00,
    0x00, 0x00, 0x00, 0x00, 0x00, 0x00, 0x00, 0x00, 0x00, 0x00, 0x00, 0x00, 0x00, 0x00, 0x00, 0x00,
    0x00, 0x00, 0x00, 0x00, 0x00, 0x00, 0x00, 0x00, 0x00, 0x00, 0x00, 0x00, 0x00, 0x00, 0x00, 0x00,
    0x00, 0x00, 0x00, 0x00, 0x00, 0x00, 0x00, 0x00, 0x00, 0x00, 0x00, 0x00, 0x00, 0x00, 0x00, 0x00,
    0x00, 0x00, 0x00, 0x00, 0x00, 0x00, 0x00, 0x00, 0x00, 0x00, 0x00, 0x00, 0x00, 0x00, 0x00, 0x00,
    0x00, 0x00, 0x00, 0x00, 0x00, 0x00, 0x00, 0x00, 0x00, 0x00, 0x00, 0x00, 0x00, 0x00, 0x00, 0x00,
    0x00, 0x00, 0x00, 0x00, 0x00, 0x00, 0x00, 0x00, 0x00, 0x00, 0x00, 0x00, 0x00, 0x00, 0x00, 0x00,
    0x00, 0x00, 0x00, 0x00, 0x00, 0x00, 0x00, 0x00, 0x00, 0x00, 0x00, 0x00, 0x00, 0x00, 0x00, 0x00,
    0x00, 0x00, 0x00, 0x00, 0x00, 0x00, 0x00, 0x00, 0x00, 0x00, 0x00, 0x00, 0x00, 0x00, 0x00, 0x00,
    0x00, 0x00, 0x00, 0x00, 0x00, 0x00, 0x00, 0x00, 0x00, 0x00, 0x00, 0x00, 0x00, 0x00, 0x00, 0x00,
    0x00, 0x00, 0x00, 0x00, 0x00, 0x00, 0x00, 0x00, 0x00, 0x00, 0x00, 0x00, 0x00, 0x00, 0x00, 0x00,
    0x00, 0x00, 0x00, 0x00, 0x00, 0x00, 0x00, 0x00, 0x00, 0x00, 0x00, 0x00, 0x00, 0x00, 0x00, 0x00,
    0x00, 0x00, 0x00, 0x00, 0x00, 0x00, 0x00, 0x00, 0x00, 0x00, 0x00, 0x00, 0x00, 0x00, 0x00, 0x00,
    0x00, 0x00, 0x00, 0x00, 0x00, 0x00, 0x00, 0x00, 0x00, 0x00, 0x00, 0x00, 0x00, 0x00, 0x00, 0x00,
    0x00, 0x00, 0x00, 0x00, 0x00, 0x00, 0x00, 0x00, 0x00, 0x00, 0x00, 0x00, 0x00, 0x00, 0x00, 0x00,
    0x00, 0x00, 0x00, 0x00, 0x00, 0x00, 0x00, 0x00, 0x00, 0x00, 0x00, 0x00, 0x00, 0x00, 0x00, 0x00,
    0x00, 0x00, 0x00, 0x00, 0x00, 0x00, 0x00, 0x00, 0x00, 0x00, 0x00, 0x00, 0x00, 0x00, 0x00, 0x00,
    0x00, 0x00, 0x00, 0x00, 0x00, 0x00, 0x00, 0x00, 0x00, 0x00, 0x00, 0x00, 0x00, 0x00, 0x00, 0x00,
    0x00, 0x00, 0x00, 0x00, 0x00, 0x00, 0x00, 0x00, 0x00, 0x00, 0x00, 0x00, 0x00, 0x00, 0x00, 0x00,
    0x00, 0x00, 0x00, 0x00, 0x00, 0x00, 0x00, 0x00, 0x00, 0x00, 0x00, 0x00, 0x00, 0x00, 0x00, 0x00,
    0x00, 0x00, 0x00, 0x00, 0x00, 0x00, 0x00, 0x00, 0x00, 0x00, 0x00, 0x00, 0x00, 0x00, 0x00, 0x00,
    0x00, 0x00, 0x00, 0x00, 0x00, 0x00, 0x00, 0x00, 0x00, 0x00, 0x00, 0x00, 0x00, 0x00, 0x00, 0x00,
    0x00, 0x00, 0x00, 0x00, 0x00, 0x00, 0x00, 0x00, 0x00, 0x00, 0x00, 0x00, 0x00, 0x00, 0x00, 0x00,
    0x00, 0x00, 0x00, 0x00, 0x00, 0x00, 0x00, 0x00, 0x00, 0x00, 0x00, 0x00, 0x00, 0x00, 0x00, 0x00,
    0x00, 0x00, 0x00, 0x00, 0x00, 0x00, 0x00, 0x00, 0x00, 0x00, 0x00, 0x00, 0x00, 0x00, 0x00, 0x00,
    0x00, 0x00, 0x00, 0x00, 0x00, 0x00, 0x00, 0x00, 0x00, 0x00, 0x00, 0x00, 0x00, 0x00, 0x00, 0x00,
    0x00, 0x00, 0x00, 0x00, 0x00, 0x00, 0x00, 0x00, 0x00, 0x00, 0x00, 0x00, 0x00, 0x00, 0x00, 0x00,
    0x00, 0x00, 0x00, 0x00, 0x00, 0x00, 0x00, 0x00, 0x00, 0x00, 0x00, 0x00, 0x00, 0x00, 0x00, 0x00,
    0x00, 0x00, 0x00, 0x00, 0x00, 0x00, 0x00, 0x00, 0x00, 0x00, 0x00, 0x00, 0x00, 0x00, 0x00, 0x00,
    0x00, 0x00, 0x00, 0x00, 0x00, 0x00, 0x00, 0x00, 0x00, 0x00, 0x00, 0x00, 0x00, 0x00, 0x00, 0x00,
    0x00, 0x00, 0x00, 0x00, 0x00, 0x00, 0x00, 0x00, 0x00, 0x00, 0x00, 0x00, 0x00, 0x00, 0x00, 0x00,
    0x00, 0x00, 0x00, 0x00, 0x00, 0x00, 0x00, 0x00, 0x00, 0x00, 0x00, 0x00, 0x00, 0x00, 0x00, 0x00,
    0x00, 0x00, 0x00, 0x00, 0x00, 0x00, 0x00, 0x00, 0x00, 0x00, 0x00, 0x00, 0x00, 0x00, 0x00, 0x00,
    0x00, 0x00, 0x00, 0x00, 0x00, 0x00, 0x00, 0x00, 0x00, 0x00, 0x00, 0x00, 0x00, 0x00, 0x00, 0x00,
    0x00, 0x00, 0x00, 0x00, 0x00, 0x00, 0x00, 0x00, 0x00, 0x00, 0x00, 0x00, 0x00, 0x00, 0x00, 0x00,
    0x00, 0x00, 0x00, 0x00, 0x00, 0x00, 0x00, 0x00, 0x00, 0x00, 0x00, 0x00, 0x00, 0x00, 0x00, 0x00,
    0x00, 0x00, 0x00, 0x00, 0x00, 0x00, 0x00, 0x00, 0x00, 0x00, 0x00, 0x00, 0x00, 0x00, 0x00, 0x00,
    0x00, 0x00, 0x00, 0x00, 0x00, 0x00, 0x00, 0x00, 0x00, 0x00, 0x00, 0x00, 0x00, 0x00, 0x00, 0x00,
    0x00, 0x00, 0x00, 0x00, 0x00, 0x00, 0x00, 0x00, 0x00, 0x00, 0x00, 0x00, 0x00, 0x00, 0x00, 0x00,
    0x00, 0x00, 0x00, 0x00, 0x00, 0x00, 0x00, 0x00, 0x00, 0x00, 0x00, 0x00, 0x00, 0x00, 0x00, 0x00,
    0x00, 0x00, 0x00, 0x00, 0x00, 0x00, 0x00, 0x00, 0x00, 0x00, 0x00, 0x00, 0x00, 0x00, 0x00, 0x00,
    0x00, 0x00, 0x00, 0x00, 0x00, 0x00, 0x00, 0x00, 0x00, 0x00, 0x00, 0x00, 0x00, 0x00, 0x00, 0x00,
    0x00, 0x00, 0x00, 0x00, 0x00, 0x00, 0x00, 0x00, 0x00, 0x00, 0x00, 0x00, 0x00, 0x00, 0x00, 0x00,
    0x00, 0x00, 0x00, 0x00, 0x00, 0x00, 0x00, 0x00, 0x00, 0x00, 0x00, 0x00, 0x00, 0x00, 0x00, 0x00,
    0x00, 0x00, 0x00, 0x00, 0x00, 0x00, 0x00, 0x00, 0x00, 0x00, 0x00, 0x00, 0x00, 0x00, 0x00, 0x00,
    0x00, 0x00, 0x00, 0x00, 0x00, 0x00, 0x00, 0x00, 0x00, 0x00, 0x00, 0x00, 0x00, 0x00, 0x00, 0x00,
    0x00, 0x00, 0x00, 0x00, 0x00, 0x00, 0x00, 0x00, 0x00, 0x00, 0x00, 0x00, 0x00, 0x00, 0x00, 0x00,
    0x00, 0x00, 0x00, 0x00, 0x00, 0x00, 0x00, 0x00, 0x00, 0x00, 0x00, 0x00, 0x00, 0x00, 0x00, 0x00,
    0x00, 0x00, 0x00, 0x00, 0x00, 0x00, 0x00, 0x00, 0x00, 0x00, 0x00, 0x00, 0x00, 0x00, 0x00, 0x00,
    0x00, 0x00, 0x00, 0x00, 0x00, 0x00, 0x00, 0x00, 0x00, 0x00, 0x00, 0x00, 0x00, 0x00, 0x00, 0x00,
    0x00, 0x00, 0x00, 0x00, 0x00, 0x00, 0x00, 0x00, 0x00, 0x00, 0x00, 0x00, 0x00, 0x00, 0x00, 0x00,
    0x00, 0x00, 0x00, 0x00, 0x00, 0x00, 0x00, 0x00, 0x00, 0x00, 0x00, 0x00, 0x00, 0x00, 0x00, 0x00,
    0x00, 0x00, 0x00, 0x00, 0x00, 0x00, 0x00, 0x00, 0x00, 0x00, 0x00, 0x00, 0x00, 0x00, 0x00, 0x00,
    0x00, 0x00, 0x00, 0x00, 0x00, 0x00, 0x00, 0x00, 0x00, 0x00, 0x00, 0x00, 0x00, 0x00, 0x00, 0x00,
    0x00, 0x00, 0x00, 0x00, 0x00, 0x00, 0x00, 0x00, 0x00, 0x00, 0x00, 0x00, 0x00, 0x00, 0x00, 0x00,
    0x00, 0x00, 0x00, 0x00, 0x00, 0x00, 0x00, 0x00, 0x00, 0x00, 0x00, 0x00, 0x00, 0x00, 0x00, 0x00,
    0x00, 0x00, 0x00, 0x00, 0x00, 0x00, 0x00, 0x00, 0x00, 0x00, 0x00, 0x00, 0x00, 0x00, 0x00, 0x00,
    0x00, 0x00, 0x00, 0x00, 0x00, 0x00, 0x00, 0x00, 0x00, 0x00, 0x00, 0x00, 0x00, 0x00, 0x00, 0x00,
    0x00, 0x00, 0x00, 0x00, 0x00, 0x00, 0x00, 0x00, 0x00, 0x00, 0x00, 0x00, 0x00, 0x00, 0x00, 0x00,
    0x00, 0x00, 0x00, 0x00, 0x00, 0x00, 0x00, 0x00, 0x00, 0x00, 0x00, 0x00, 0x00, 0x00, 0x00, 0x00,
    0x00, 0x00, 0x00, 0x00, 0x00, 0x00, 0x00, 0x00, 0x00, 0x00, 0x00, 0x00, 0x00, 0x00, 0x00, 0x00,
    0x00, 0x00, 0x00, 0x00, 0x00, 0x00, 0x00, 0x00, 0x00, 0x00, 0x00, 0x00, 0x00, 0x00, 0x00, 0x00,
    0x00, 0x00, 0x00, 0x00, 0x00, 0x00, 0x00, 0x00, 0x00, 0x00, 0x00, 0x00, 0x00, 0x00, 0x00, 0x00,
    0x00, 0x00, 0x00, 0x00, 0x00, 0x00, 0x00, 0x00, 0x00, 0x00, 0x00, 0x00, 0x00, 0x00, 0x00, 0x00,
    0x00, 0x00, 0x00, 0x00, 0x00, 0x00, 0x00, 0x00, 0x00, 0x00, 0x00, 0x00, 0x00, 0x00, 0x00, 0x00,
    0x00, 0x00, 0x00, 0x00, 0x00, 0x00, 0x00, 0x00, 0x00, 0x00, 0x00, 0x00, 0x00, 0x00, 0x00, 0x00,
    0x00, 0x00, 0x00, 0x00, 0x00, 0x00, 0x00, 0x00, 0x00, 0x00, 0x00, 0x00, 0x00, 0x00, 0x00, 0x00,
    0x00, 0x00, 0x00, 0x00, 0x00, 0x00, 0x00, 0x00, 0x00, 0x00, 0x00, 0x00, 0x00, 0x00, 0x00, 0x00,
    0x00, 0x00, 0x00, 0x00, 0x00, 0x00, 0x00, 0x00, 0x00, 0x00, 0x00, 0x00, 0x00, 0x00, 0x00, 0x00,
    0x00, 0x00, 0x00, 0x00, 0x00, 0x00, 0x00, 0x00, 0x00, 0x00, 0x00, 0x00, 0x00, 0x00, 0x00, 0x00,
    0x00, 0x00, 0x00, 0x00, 0x00, 0x00, 0x00, 0x00, 0x00, 0x00, 0x00, 0x00, 0x00, 0x00, 0x00, 0x00,
    0x00, 0x00, 0x00, 0x00, 0x00, 0x00, 0x00, 0x00, 0x00, 0x00, 0x00, 0x00, 0x00, 0x00, 0x00, 0x00,
    0x00, 0x00, 0x00, 0x00, 0x00, 0x00, 0x00, 0x00, 0x00, 0x00, 0x00, 0x00, 0x00, 0x00, 0x00, 0x00,
    0x00, 0x00, 0x00, 0x00, 0x00, 0x00, 0x00, 0x00, 0x00, 0x00, 0x00, 0x00, 0x00, 0x00, 0x00, 0x00,
    0x00, 0x00, 0x00, 0x00, 0x00, 0x00, 0x00, 0x00, 0x00, 0x00, 0x00, 0x00, 0x00, 0x00, 0x00, 0x00,
    0x00, 0x00, 0x00, 0x00, 0x00, 0x00, 0x00, 0x00, 0x00, 0x00, 0x00, 0x00, 0x00, 0x00, 0x00, 0x00,
    0x00, 0x00, 0x00, 0x00, 0x00, 0x00, 0x00, 0x00, 0x00, 0x00, 0x00, 0x00, 0x00, 0x00, 0x00, 0x00,
    0x00, 0x00, 0x00, 0x00, 0x00, 0x00, 0x00, 0x00, 0x00, 0x00, 0x00, 0x00, 0x00, 0x00, 0x00, 0x00,
    0x00, 0x00, 0x00, 0x00, 0x00, 0x00, 0x00, 0x00, 0x00, 0x00, 0x00, 0x00, 0x00, 0x00, 0x00, 0x00,
    0x00, 0x00, 0x00, 0x00, 0x00, 0x00, 0x00, 0x00, 0x00, 0x00, 0x00, 0x00, 0x00, 0x00, 0x00, 0x00,
    0x00, 0x00, 0x00, 0x00, 0x00, 0x00, 0x00, 0x00, 0x00, 0x00, 0x00, 0x00, 0x00, 0x00, 0x00, 0x00,
    0x00, 0x00, 0x00, 0x00, 0x00, 0x00, 0x00, 0x00, 0x00, 0x00, 0x00, 0x00, 0x00, 0x00, 0x00, 0x00,
    0x00, 0x00, 0x00, 0x00, 0x00, 0x00, 0x00, 0x00, 0x00, 0x00, 0x00, 0x00, 0x00, 0x00, 0x00, 0x00,
    0x00, 0x00, 0x00, 0x00, 0x00, 0x00, 0x00, 0x00, 0x00, 0x00, 0x00, 0x00, 0x00, 0x00, 0x00, 0x00,
    0x00, 0x00, 0x00, 0x00, 0x00, 0x00, 0x00, 0x00, 0x00, 0x00, 0x00, 0x00, 0x00, 0x00, 0x00, 0x00,
    0x00, 0x00, 0x00, 0x00, 0x00, 0x00, 0x00, 0x00, 0x00, 0x00, 0x00, 0x00, 0x00, 0x00, 0x00, 0x00,
    0x00, 0x00, 0x00, 0x00, 0x00, 0x00, 0x00, 0x00, 0x00, 0x00, 0x00, 0x00, 0x00, 0x00, 0x00, 0x00,
    0x00, 0x00, 0x00, 0x00, 0x00, 0x00, 0x00, 0x00, 0x00, 0x00, 0x00, 0x00, 0x00, 0x00, 0x00, 0x00,
    0x00, 0x00, 0x00, 0x00, 0x00, 0x00, 0x00, 0x00, 0x00, 0x00, 0x00, 0x00, 0x00, 0x00, 0x00, 0x00,
    0xDF, 0x80, 0x94, 0x42, 0x21, 0x04, 0xFF, 0xA1, 0x21, 0x05, 0xFF, 0xA3, 0x21, 0x00, 0x00, 0x0F,
    0x3E, 0x50, 0x3A, 0x86, 0xFF, 0xA5, 0xC0, 0x10, 0x21, 0x01, 0xFF, 0xFF, 0x3C, 0x58, 0x06, 0x08,
    0x07, 0x07, 0x0A, 0x08, 0x07, 0x07, 0xEE, 0x05, 0xF1, 0x87, 0xF0, 0x0A, 0x21, 0x02, 0x00, 0xC1,
    0x9E, 0x08, 0x3C, 0x58, 0x06, 0x08, 0x07, 0x07, 0x0A, 0x08, 0x06, 0x06, 0xE6, 0x06, 0x0A, 0x08,
    0x01, 0x01, 0xEE, 0xF4, 0x21, 0x02, 0x00, 0x20, 0x9E, 0x08, 0x82, 0x77, 0x60, 0x7F, 0x3E, 0xF4,
    0x3E, 0x4F, 0x3E, 0x4E, 0x3E, 0x4B, 0x3E, 0x43, 0x3E, 0x4A, 0x3E, 0x42, 0xA1, 0xA3, 0x3E, 0x4B,
    0x3E, 0x43, 0x3E, 0x46, 0x21, 0x01, 0xFF, 0xFF, 0x3C, 0x58, 0x06, 0x08, 0x07, 0x07, 0x0A, 0x08,
    0x07, 0x07, 0xE6, 0x02, 0xF1, 0x87, 0xE8, 0xDA, 0x21, 0x06, 0xC0, 0x00, 0x0A, 0x0F, 0x21, 0x21,
    0xE6, 0x1B, 0x0A, 0x0F, 0x08, 0x08, 0xE6, 0x18, 0x0A, 0x0F, 0xF0, 0xF0, 0xE6, 0x15, 0x21, 0x01,
    0xFF, 0xFF, 0x3C, 0x58, 0xA6, 0x81, 0xE6, 0x03, 0xF1, 0x84, 0x5E, 0x08, 0x3E, 0x2C, 0x7D, 0x12,
    0x7D, 0x6A, 0x3A, 0x82, 0x03, 0x40, 0x7D, 0x1A, 0x21, 0x01, 0xFF, 0xFF, 0x3C, 0x58, 0xA6, 0x81,
    0xEE, 0x03, 0xF1, 0x84, 0x5E, 0x08, 0x3E, 0x2C, 0x21, 0x01, 0xFF, 0xFF, 0x3C, 0x58, 0xA6, 0x80,
    0xE6, 0x01, 0xF1, 0x84, 0x3C, 0x59, 0x06, 0x09, 0x07, 0x07, 0xBD, 0x20, 0x0A, 0x09, 0x06, 0x06,
    0x9E, 0x06, 0x21, 0x00, 0x40, 0x4F, 0x3A, 0x86, 0xFF, 0xA5, 0x3E, 0x50, 0x3C, 0x48, 0x0A, 0x09,
    0x04, 0x04, 0xEE, 0x06, 0x7D, 0x12, 0x7D, 0x6A, 0x3A, 0x40, 0x03, 0x80, 0x7D, 0x1A, 0x9E, 0x08,
    0x3C, 0x4A, 0x9E, 0x08, 0x00, 0x21, 0x22, 0x08, 0x18, 0xF0, 0xA7, 0x18, 0xA3, 0x00, 0xA7, 0xCF,
    0xA7, 0x87, 0x21, 0x02, 0xFF, 0xA3, 0x3C, 0x29, 0xA6, 0x95, 0x9E, 0x06, 0x76, 0x01, 0x3E, 0xFA,
    0xBD, 0x04, 0x20, 0x1A, 0xA9, 0x10, 0x3A, 0x12, 0x00, 0x28, 0xEC, 0xFB, 0x9E, 0x08, 0x00, 0x00,
    0x00, 0x00, 0x00, 0x00, 0x00, 0x00, 0x00, 0x00, 0x00, 0x00, 0x00, 0x00, 0x00, 0x00, 0x00, 0x00,
    0x00, 0x00, 0x00, 0x00, 0x00, 0x00, 0x00, 0x00, 0x00, 0x00, 0x00, 0x00, 0x00, 0x00, 0x00, 0x00,
    0x00, 0x00, 0x00, 0x00, 0x00, 0x00, 0x00, 0x00, 0x00, 0x00, 0x00, 0x00, 0x00, 0x00, 0x00, 0x00,
    0x00, 0x00, 0x00, 0x00, 0x00, 0x00, 0x00, 0x00, 0x00, 0x00, 0x00, 0x00, 0x00, 0x00, 0x00, 0x00,
    0x00, 0x00, 0x00, 0x00, 0x00, 0x00, 0x00, 0x00, 0x00, 0x00, 0x00, 0x00, 0x00, 0x00, 0x00, 0x00,
    0x00, 0x00, 0x00, 0x00, 0x00, 0x00, 0x00, 0x00, 0x00, 0x00, 0x00, 0x00, 0x00, 0x00, 0x00, 0x00,
    0x00, 0x00, 0x00, 0x00, 0x00, 0x00, 0x00, 0x00, 0x00, 0x00, 0x00, 0x00, 0x00, 0x00, 0x00, 0x00,
    0x00, 0x00, 0x00, 0x00, 0x00, 0x00, 0x00, 0x00, 0x00, 0x00, 0x00, 0x00, 0x00, 0x00, 0x00, 0x00,
    0x00, 0x00, 0x00, 0x00, 0x00, 0x00, 0x00, 0x00, 0x00, 0x00, 0x00, 0x00, 0x00, 0x00, 0x00, 0x00,
    0x00, 0x00, 0x00, 0x00, 0x00, 0x00, 0x00, 0x00, 0x00, 0x00, 0x00, 0x00, 0x00, 0x00, 0x00, 0x00,
    0x00, 0x00, 0x00, 0x00, 0x00, 0x00, 0x00, 0x00, 0x00, 0x00, 0x00, 0x00, 0x00, 0x00, 0x00, 0x00,
    0x00, 0x00, 0x00, 0x00, 0x00, 0x00, 0x00, 0x00, 0x00, 0x00, 0x00, 0x00, 0x00, 0x00, 0x00, 0x00,
    0x00, 0x00, 0x00, 0x00, 0x00, 0x00, 0x00, 0x00, 0x00, 0x00, 0x00, 0x00, 0x00, 0x00, 0x00, 0x00,
    0xDE, 0xC3, 0x21, 0x3C, 0x8C, 0x11, 0x73, 0xEE, 0x07, 0xFE, 0xF8, 0x01, 0x1A, 0x77, 0xE5, 0x88,
};
